job_id,posting_fingerprint,duplicate_group_size,is_senior,salary_segment,search_keyword,country,job_level,degree_required,experience_tier,num_skills,experience_required_clean,is_remote,experience_missing,skills_extracted,skill_python,skill_sql,skill_spark,skill_aws,salary_avg_usd,log_salary_avg_usd
3175702626,062a8dd190561053b5a8c681bde7e21186bfb83c,1,False,Standard,machine learning engineer,India,Mid,Not specified,Missing,2,,False,True,True,False,False,False,True,10158.9578104458,9.226209568608674
4514376236,65b5a5b273c737ceefcb090fe5da018b5f63be8b,1,False,Standard,machine learning engineer,India,Mid,Not specified,Missing,1,,False,True,True,False,False,False,False,34062.387952671204,10.435978419401128
3987216053,77c3c4b2592fe6b4f15f029f2b09eb1d3c2215b6,1,False,Standard,machine learning engineer,India,Mid,Not specified,3-5 years,1,4.0,False,False,True,False,False,False,False,23305.844388669775,10.056502347004221
4708090721,247928a3bdd0926333df97f2ffd2934b31a8e542,1,False,Standard,machine learning engineer,India,Mid,Not specified,3-5 years,1,4.0,False,False,True,False,False,False,False,13146.886578223975,9.484016308204763
5363133330,d75d7ab52199bfab290e6ca72db92647d19515d5,1,False,Standard,machine learning engineer,India,Mid,Not specified,Missing,2,,False,True,True,True,False,False,False,35855.14521333811,10.487270245935958
4676936483,3ae08db8b6630b11d64de2354cfe1cc767f52dd5,1,False,Standard,machine learning engineer,India,Mid,Not specified,Missing,1,,False,True,True,False,False,False,False,11354.12931755707,9.337424843075167
3949356918,6f3a78e713516e4776e4605c5c29f49d5fd9d9ab,1,False,Standard,machine learning engineer,India,Mid,Not specified,6-10 years,4,9.0,False,False,True,True,True,True,False,26891.358910003586,10.199597469848355
3894826256,ae14d022247c196bcce0ca8943b64180e324c83d,1,False,Standard,machine learning engineer,India,Mid,Not specified,Missing,1,,False,True,True,False,False,False,False,16732.401099557785,9.72516206677788
4878673281,43e3b6318b49f729df5e6f739a63bc05d7764d47,1,False,Standard,machine learning engineer,India,Mid,Not specified,Missing,0,,False,True,False,False,False,False,False,12549.30082466834,9.437499914365747
3332673255,43e79f2b8cc84460926c24386ffb765058b9464e,1,False,Standard,machine learning engineer,India,Mid,Not specified,Missing,1,,False,True,True,False,False,False,False,23903.43014222541,10.081819082341653
3044590237,337d27a19292e603746d2230f81ec96c85564e79,1,False,Standard,machine learning engineer,India,Mid,Not specified,Missing,1,,False,True,True,False,False,False,False,12549.30082466834,9.437499914365747
5292951715,ecc835d049e2b961d42fedb6de4206650059d6da,1,False,Standard,machine learning engineer,India,Mid,Not specified,0-2 years,1,2.0,False,False,True,False,False,False,False,10756.543564001435,9.283362514344475
5117034498,cc3c9e7e4c9bc14c80fccc213c51328f65e1f856,1,False,Standard,machine learning engineer,India,Mid,Not specified,Missing,1,,False,True,True,False,False,False,False,14939.643838890881,9.611840552730863
5625766940,fb0edf3305dc7108c145a1031de5303af40bf26a,1,False,Standard,machine learning engineer,India,Mid,Not specified,Missing,5,,False,True,True,True,True,True,True,14342.058085335246,9.571021347020046
1398819281,c87046f39cb901eb4aaa863c03707d0d9847b024,1,False,Standard,machine learning engineer,India,Mid,Not specified,Missing,1,,False,True,True,False,False,False,False,23305.844388669775,10.056502347004221
2833106061,697112d8555d2b8192be3d0b28d5ad740c6034e7,1,False,Standard,machine learning engineer,India,Mid,Not specified,Missing,1,,False,True,True,False,False,False,False,11951.715071112705,9.388713734156628
4596884479,a05def9a8ab4d8998c5dd31ebdb86683381e919d,1,False,Standard,machine learning engineer,India,Mid,Not specified,Missing,1,,False,True,True,False,False,False,False,41831.00274889447,10.641416941580683
3038221909,94fd6af78293b048dd235b7740c9053ae06bbff8,1,False,Standard,machine learning engineer,India,Mid,Not specified,Missing,2,,False,True,True,True,False,False,False,29879.287677781762,10.304954266970881
4514376976,8c7633433e0473af85459b25ec2890fe2995654b,1,False,Standard,machine learning engineer,India,Mid,Not specified,6-10 years,2,6.0,False,False,True,True,False,False,False,17329.98685311342,9.760251325872746
4493479601,b12767778875d627fd0f647d8e997c0db4c347dc,1,False,Standard,machine learning engineer,India,Mid,Master,6-10 years,1,6.0,False,False,True,False,False,False,False,15537.229592446516,9.651058691591604
4559411206,d3de8a1c1f5df485ab4c2045651b5dc4e4b8ff41,1,False,Standard,machine learning engineer,India,Mid,Not specified,Missing,0,,False,True,False,False,False,False,False,14939.643838890881,9.611840552730863
1844548865,000f4b78f5aa49233233c7b573a52096ab9b1b70,1,False,Standard,machine learning engineer,India,Mid,Not specified,Missing,1,,False,True,True,False,False,False,False,11951.715071112705,9.388713734156628
1958165136,dc043cee597a5e3a5709402454aef00fa45d64fc,1,False,Standard,machine learning engineer,India,Mid,Not specified,3-5 years,2,5.0,False,False,True,True,False,False,False,29879.287677781762,10.304954266970881
1155088444,b24b78e61a2f0461c8150ce897341625ce9ccd7b,1,False,Standard,machine learning engineer,India,Mid,Master,3-5 years,1,4.0,False,False,True,False,False,False,False,15537.229592446516,9.651058691591604
1233590624,045e2d898b4e95cacea403802f885535036b658c,1,False,Standard,machine learning engineer,India,Mid,Not specified,Missing,0,,False,True,False,False,False,False,False,17927.572606669055,9.794150954209284
2042125548,0d1a6b5f47a6e0409b42fbfbc05749720a726163,1,False,Standard,machine learning engineer,India,Mid,Not specified,Missing,1,,False,True,True,False,False,False,False,11951.715071112705,9.388713734156628
1368669287,25c4953fbf01c78054a74e947dbda7eafe85ed0a,1,False,Standard,machine learning engineer,India,Mid,Not specified,Missing,1,,False,True,True,False,False,False,False,11354.12931755707,9.337424843075167
5664858071,112957e03932ef7605f48ce6f964fe7b864e9755,1,False,Standard,machine learning engineer,India,Mid,Not specified,Missing,0,,False,True,False,False,False,False,False,53782.71782000717,10.89272605759352
5686492221,9e601a0f5ffb22d894c62c901dadef4b1996e336,1,False,Standard,machine learning engineer,India,Mid,Not specified,Missing,1,,False,True,True,False,False,False,False,22708.25863511414,10.030527989701673
5243420232,10eec624ae7a268c551559f6ff07cf6c82de1e2e,1,True,Premium,machine learning engineer,India,Senior,Not specified,6-10 years,2,8.0,False,False,True,True,False,False,False,21513.08712800287,9.976463214811902
5557106595,ab7036733c703dba5f4bde988f290cc0904fef51,1,False,Standard,machine learning engineer,India,Mid,Not specified,Missing,1,,False,True,True,False,False,False,False,26891.358910003586,10.199597469848355
5710701830,66d1a15c612106828656a881e0244c1c256eb5c1,1,False,Standard,business analyst,India,Mid,Not specified,Missing,0,,False,True,False,False,False,False,False,35855.14521333811,10.487270245935958
5706258892,f891ce4c25b78f10c88d0b148bc9e9766b5559c1,1,False,Standard,business analyst,India,Mid,Not specified,Missing,0,,False,True,False,False,False,False,False,32867.216445559934,10.400261404326947
5710701835,19718417ed4b297c4e632c7fbb97944e5b0176b1,1,False,Standard,business analyst,India,Mid,Not specified,Missing,0,,False,True,False,False,False,False,False,35855.14521333811,10.487270245935958
5706258876,161be4aeffbff2ddf9b165277d75281216dd9e55,1,False,Standard,business analyst,India,Mid,Not specified,6-10 years,0,6.0,False,False,False,False,False,False,False,17927.572606669055,9.794150954209284
5706258879,c675001662b34a19817cb1bc9b2dba9a7127ab2a,1,False,Standard,business analyst,India,Mid,Not specified,Missing,0,,False,True,False,False,False,False,False,24501.015895781045,10.106510674608336
3710148607,91967b3f2ed9c4fe6b6ce443e8f0867b7a4a542d,1,False,Standard,business analyst,India,Mid,Not specified,Missing,0,,False,True,False,False,False,False,False,14939.643838890881,9.611840552730863
3266737478,db1cec6c0810d908a31b15d16def74a8fef3a462,1,False,Standard,business analyst,India,Mid,Not specified,Missing,0,,False,True,False,False,False,False,False,16134.815346002151,9.688796635964339
5255506980,6843fb7d013725e853735dcb5ee290fed5f7689d,1,False,Standard,business analyst,India,Mid,Not specified,3-5 years,0,5.0,True,False,False,False,False,False,False,19122.744113780325,9.858685989285231
5710879557,e46251df38cec2c6fe84af41e83d215de7546f23,1,False,Standard,data scientist,USA,Mid,Not specified,Missing,1,,False,True,True,False,False,False,False,87968.42,11.384744533068227
5707332846,90f893ccb8ddea361fa48a290cc92e0ec361b46a,1,False,Standard,data scientist,USA,Mid,Not specified,Missing,0,,False,True,False,False,False,False,False,231958.75,12.354319144217767
5693336505,03b732ed329bd52964a75633ed2a6943dc7146a7,1,False,Standard,data scientist,USA,Mid,Not specified,Missing,0,,False,True,False,False,False,False,False,135406.19,11.816041739970691
5680364313,b6606309c5b955f7773f3495b9ca9b6a63b74e79,1,False,Standard,data scientist,USA,Mid,Not specified,Missing,0,,True,True,False,False,False,False,False,129821.82,11.773925876736373
5707334847,b31e977a490c322d9e8bd1cc4232722001001e0c,1,False,Standard,data scientist,USA,Mid,Not specified,Missing,0,,False,True,False,False,False,False,False,175032.2,12.072730949197886
5698642093,538b081ac4059d47538d24c2576700718c7c265e,1,False,Standard,data scientist,USA,Mid,Not specified,6-10 years,0,10.0,True,False,False,False,False,False,False,203265.47,12.222273057337375
5709927146,c95fa29b6a86e3ddcd1b5ed563d205936cb93f0b,1,False,Standard,data scientist,USA,Mid,Not specified,Missing,0,,False,True,False,False,False,False,False,95357.05,11.465394033264593
5680361540,3774880cfaeebd2afa0efcd290e0d6bf323ee5e3,1,False,Standard,data scientist,USA,Mid,Not specified,Missing,0,,False,True,False,False,False,False,False,162132.8,11.996177199251315
5680354238,5787cdcbf5adc86ff55d95f9788623c32870ed71,1,False,Standard,data scientist,USA,Mid,Not specified,Missing,0,,True,True,False,False,False,False,False,183942.12,12.122381858365678
5707343859,73aeb5a9125bafc8b7565db3c3a1fdb728fb15a3,1,False,Standard,data scientist,USA,Mid,Not specified,Missing,0,,False,True,False,False,False,False,False,161566.94,11.992681014297908
5680352949,92b8349704b7a2561bf24244d473c826a328ae78,1,False,Standard,data scientist,USA,Mid,Not specified,Missing,1,,False,True,True,False,False,False,False,120841.41,11.702242579028978
5699375565,c74eba74de9dc48994251263ba3d0792ffab50c4,1,False,Standard,data scientist,USA,Mid,Not specified,Missing,1,,False,True,True,False,False,False,False,157187.36,11.965200110434191
5707637576,e30e4398f6424b8f817c5580f291bc0d6b42ff5b,1,False,Standard,data scientist,USA,Mid,Not specified,Missing,1,,False,True,True,False,False,False,False,142083.62,11.864178074589226
5707341269,22ec61d1634ff717cb89d5bffa28047cb5ceaa84,1,False,Standard,data scientist,USA,Mid,Not specified,Missing,1,,False,True,True,False,False,False,False,162463.1,11.998212333267908
5700652013,f62cdd0b9868f6e7b5e1c159b1325e1dc900f5af,1,False,Standard,data scientist,USA,Mid,Not specified,Missing,1,,False,True,True,False,False,False,False,156928.1,11.96354938997522
5680355930,50aa64230f017e34ea257b5ffd299cef2e494ee2,1,False,Standard,data scientist,USA,Mid,Not specified,Missing,1,,False,True,True,False,False,False,False,121199.65,11.705202715639274
5680357508,65aad1ce60fc5824ead5e4a9bebf81dec5db8990,1,False,Standard,data scientist,USA,Mid,Not specified,Missing,1,,False,True,True,False,False,False,False,140764.98,11.854854074193247
5680361541,f3670979324b312b7f28fd055a4cbb65ddb27802,1,False,Standard,data scientist,USA,Mid,Not specified,Missing,1,,False,True,True,False,False,False,False,166703.73,12.023979442661476
5680360667,d6a7f512ab69214bcf8e7ece85682e990e6ebe64,1,False,Standard,data scientist,USA,Mid,Not specified,Missing,1,,False,True,True,False,False,False,False,168076.9,12.032182841390378
5680354455,e5fafd193912c6c1652812d60669021ec3cb0f27,1,False,Standard,data scientist,USA,Mid,Not specified,Missing,1,,False,True,True,False,False,False,False,157200.86,11.965285990968313
5680361302,6a749264cab6e98bb16b96c040accff176eda3be,1,False,Standard,data scientist,USA,Mid,Not specified,Missing,1,,False,True,True,False,False,False,False,131773.69,11.788848849225857
5680354480,07cc59536c17c1cf83c0197c2cc4156754988b80,1,False,Standard,data scientist,USA,Mid,Not specified,Missing,1,,False,True,True,False,False,False,False,119380.84,11.690082374570858
5680364973,533f711ebceb9b912d97ad0b16e0467d32d9a1df,1,False,Standard,data scientist,USA,Mid,Not specified,Missing,1,,False,True,True,False,False,False,False,117651.91,11.675494128231259
5701282339,0fb941dbf4a24f92a0ab687bba216a3d3ea94e63,1,False,Standard,data scientist,USA,Mid,Not specified,Missing,1,,False,True,True,False,False,False,False,131775.2,11.788860308113362
5680358118,66517f97502c8bdc464db647cd4eedf461d04eb0,1,False,Standard,data scientist,USA,Mid,Not specified,Missing,1,,False,True,True,False,False,False,False,158333.8,11.97246705746366
5680358129,5b50c8567adb2620726beba87703c33018bc7537,1,False,Standard,data scientist,USA,Mid,Not specified,Missing,1,,False,True,True,False,False,False,False,148077.19,11.90549572405004
5692517893,e7ece425288aaab4151987bcb813f0224ae83d42,1,False,Standard,data scientist,USA,Mid,Not specified,Missing,1,,False,True,True,False,False,False,False,179737.5,12.09925829578976
5680352306,396dcf653e35787b4c546e3604f911e5cb51ba19,1,False,Standard,data scientist,USA,Mid,Not specified,Missing,1,,False,True,True,False,False,False,False,173024.05,12.061191660685603
5680355752,1ab884a105b23a6ce9bbba71196db6b31279f4b0,1,False,Standard,data scientist,USA,Mid,Not specified,Missing,1,,False,True,True,False,False,False,False,136848.75,11.826638887649473
5708759258,8d1e2a013346dfbedd0f66401541efb0e4de5506,1,False,Standard,data scientist,USA,Mid,Not specified,Missing,1,,False,True,True,False,False,False,False,137802.69,11.833585415142215
5707332498,0e80a2360232f912fa3a3d6c43547555fdb6b17d,1,False,Standard,data scientist,USA,Mid,Not specified,Missing,1,,False,True,True,False,False,False,False,149837.69,11.917314594420917
5680360692,b71e4984d92aba6ab5c552bd76abcfc0e4211d24,1,False,Standard,data scientist,USA,Mid,Not specified,Missing,1,,False,True,True,False,False,False,False,205425.1,12.232841637537394
5680356013,31b5aa3ad09a98c8282744f28409f9c27c05b51e,1,False,Standard,data scientist,USA,Mid,Not specified,Missing,0,,False,True,False,False,False,False,False,166522.6,12.022892320099967
5708798481,aef7868b53ecbfcb9cce4c0839f6ec0e70397f09,1,False,Standard,data scientist,USA,Mid,Not specified,Missing,0,,False,True,False,False,False,False,False,182159.08,12.112641139911878
5680352631,5c7a314b288c1058255870ff627420e79bd4bba6,1,False,Standard,data scientist,USA,Mid,Not specified,Missing,0,,False,True,False,False,False,False,False,170889.73,12.04877962538559
5680356270,44c1f5fe933c128c6297540253b7f8b6127440fd,1,False,Standard,data scientist,USA,Mid,Not specified,Missing,0,,False,True,False,False,False,False,False,135183.73,11.814397492425389
5687249710,289cdda179828644f3728036c6c67c5d5d2b9c65,1,False,Standard,data scientist,USA,Mid,Not specified,Missing,1,,False,True,True,False,False,False,False,162307.77,11.997255787779096
5683306213,beb098ada1ab417e499f805db1ab1615ad9748b2,1,False,Standard,data scientist,USA,Mid,Not specified,Missing,0,,True,True,False,False,False,False,False,182995.55,12.117222579186832
5680353467,7afc84c768a54ae86b8600455e15b2f7e68ff3e6,1,False,Standard,data scientist,USA,Mid,Not specified,Missing,0,,False,True,False,False,False,False,False,128145.97,11.760933087345698
5680358395,8216bcf3b904026eadb925bd8c61e67d096be28d,1,True,Premium,data scientist,USA,Senior,Not specified,Missing,0,,False,True,False,False,False,False,False,159899.8,11.982308901936484
5692512580,c8155924f3445f7f8a189378814e2f08c901c3d9,1,False,Standard,data scientist,USA,Mid,Not specified,Missing,0,,False,True,False,False,False,False,False,173061.34,12.061407155391402
5680353201,d26767006b0da67884e20b25dea7d06ad2b112c0,1,False,Standard,data scientist,USA,Mid,Not specified,Missing,0,,True,True,False,False,False,False,False,185395.05,12.130249626601062
5689725617,084dda242d44da62463d2abe509344af10d098f3,1,True,Premium,data scientist,USA,Lead,Not specified,Missing,1,,False,True,True,False,False,False,False,189764.06,12.153542059697369
5680356360,3c5e036614f71281d877fa7bd85b39d90b9c89c5,1,False,Standard,data scientist,USA,Mid,Not specified,Missing,1,,False,True,True,False,False,False,False,191346.17,12.161844701092011
5680358119,8650cc328275620f9ba9475c1b1869ea35efb9f0,1,True,Premium,data scientist,USA,Senior,Not specified,Missing,1,,False,True,True,False,False,False,False,195459.66,12.18311441053708
5707343933,51b2cf18602b54e08b15e2c3f2b86c2eac732b94,1,False,Standard,data scientist,USA,Mid,Not specified,Missing,0,,False,True,False,False,False,False,False,166876.31,12.025014150737471
5707338910,3f449304de8952a6a8ba66e8a9170aae7d4f062f,1,False,Standard,data scientist,USA,Mid,Not specified,Missing,0,,False,True,False,False,False,False,False,192645.1,12.168610105883651
5680355918,ddb2c5f07328bce07772dd07c1ff7d4f9c32a6e4,1,True,Premium,data scientist,USA,Senior,Not specified,Missing,1,,False,True,True,False,False,False,False,140051.0,11.849769061200353
5680363182,393b25b50deecda2523e59cdcf5162fb0a6ce742,1,False,Standard,data scientist,USA,Mid,Not specified,Missing,1,,False,True,True,False,False,False,False,133060.25,11.798564827509981
5709766209,e21c9fef494a5acee9e37a3ac95eafbf4bf70b44,1,True,Premium,data scientist,USA,Senior,Not specified,Missing,1,,False,True,True,False,False,False,False,148811.22,11.91044052166508
5680357454,29d3883b126b94b2e2036df54ae9593fd525b109,1,False,Standard,data scientist,USA,Mid,Not specified,Missing,1,,False,True,True,False,False,False,False,259778.5,12.467588473253903
5680361312,bb5d5656d5d2ccd0d15030aa2179aaced0b98fa4,1,True,Premium,data scientist,USA,Senior,Not specified,Missing,1,,False,True,True,False,False,False,False,170635.36,12.047290021459673
5680357592,f59b8e70a143d5257f381317ae3ecfc3ce99a29a,1,False,Standard,data scientist,USA,Mid,Not specified,Missing,1,,False,True,True,False,False,False,False,106639.12,11.577215080133277
5687914546,12576d4c719703c48cacb48db9d9a81fdc7307b4,1,True,Premium,data scientist,USA,Senior,Not specified,Missing,1,,False,True,True,False,False,False,False,175133.39,12.073308901045552
5694986099,4cd99098a5701f9fdfc7055624a79321b9155f37,1,True,Premium,data scientist,USA,Senior,Not specified,Missing,1,,False,True,True,False,False,False,False,231525.8,12.352450912546635
5694986110,a34f3da7b0c03487e22ffcc2edf5fedfac4a329d,1,True,Premium,data scientist,USA,Senior,Not specified,Missing,1,,False,True,True,False,False,False,False,204448.08,12.228074225904944
5680352962,1082a40950b8f88201b4a8d7808a3483235a8a78,1,True,Premium,data scientist,USA,Senior,Not specified,Missing,1,,False,True,True,False,False,False,False,201032.47,12.211226690591662
5680352936,c0edc95a4b8de617768ac21da47ed31753e4bb04,1,False,Standard,data scientist,USA,Mid,Not specified,Missing,1,,False,True,True,False,False,False,False,145493.97,11.887896794549377
5694990546,6d29ec436248f25e02eede7a9fb4aa586929133b,1,True,Premium,data scientist,USA,Senior,Not specified,Missing,1,,False,True,True,False,False,False,False,201719.61,12.214638900179743
5694993156,3371a83f63071a497c11a3d47a528663e0e8d50f,1,True,Premium,data scientist,USA,Senior,Not specified,Missing,1,,False,True,True,False,False,False,False,231332.67,12.351616406151186
5680359677,99a4460320715ca8b94203fc42e7039b331369cd,1,False,Standard,data scientist,USA,Mid,Not specified,Missing,0,,False,True,False,False,False,False,False,144059.84,11.877990989330144
5702435233,1ffc6822e59860763f646c67156190df7f691b90,1,False,Standard,data scientist,USA,Mid,Not specified,Missing,1,,False,True,True,False,False,False,False,144743.17,11.882723118285613
5702433542,e598ad12c430655edafd964e563fac1b374560b4,1,False,Standard,data scientist,USA,Mid,Not specified,Missing,1,,False,True,True,False,False,False,False,128045.06,11.76014532192352
5683909878,69feb970fce78150f122cb34bb1e4af9b4a53384,1,True,Premium,data scientist,USA,Senior,Not specified,Missing,0,,False,True,False,False,False,False,False,169780.08,12.04226512144501
5680362628,062ad47e6181c12ed7a36d157dede46ee454791e,1,True,Premium,data scientist,USA,Senior,Not specified,Missing,1,,False,True,True,False,False,False,False,98517.52,11.497999829791146
5702711444,01fbd456b53ba48bd33d94f399782f18023760d1,1,False,Standard,data scientist,USA,Mid,Not specified,Missing,1,,False,True,True,False,False,False,False,189843.16,12.15395880405961
5680360206,ece671c77fd8d4c505f3bc8e23d173b9f26ee9bf,1,True,Premium,data scientist,USA,Lead,Not specified,Missing,1,,False,True,True,False,False,False,False,99406.17,11.506979522840002
5680358142,8833382cfafd68b670397307a4a9ea2ac2ae204b,1,False,Standard,data scientist,USA,Mid,Not specified,Missing,1,,False,True,True,False,False,False,False,99420.2,11.507120649581857
5680361101,140aebd9d2365b484e72f9f60c93781f24c65a88,1,True,Premium,data scientist,USA,Senior,Not specified,Missing,0,,True,True,False,False,False,False,False,146369.34,11.893895264355667
5703511020,cfdaf92f639662d56bd45b0aadcfdb4fb7c7f9b9,1,True,Premium,data scientist,USA,Senior,Not specified,Missing,1,,False,True,True,False,False,False,False,181315.36,12.107998629847765
5680352973,129f09cd41cff8eff43e296436c550be3091854b,1,False,Standard,data scientist,USA,Mid,Not specified,Missing,1,,False,True,True,False,False,False,False,153423.02,11.940960739751155
5680357456,c12a7ead48a459c0b0c9ff807b06814c74ffe5d9,1,False,Standard,data scientist,USA,Mid,Not specified,Missing,1,,False,True,True,False,False,False,False,152565.67,11.935356959821997
5680359709,89ec1d6966946101e9518d45c9f0ea9d8c78f47a,1,False,Standard,data scientist,USA,Mid,Not specified,Missing,0,,False,True,False,False,False,False,False,143708.02,11.875545839756196
5683774184,8a99cd0001e5bf5c5e148e62eac99fcfdf52fe93,1,True,Premium,data scientist,USA,Lead,Not specified,Missing,0,,False,True,False,False,False,False,False,163575.14,12.0050338489938
5696117367,e260f7be8152854b4eb1e116f6d672b8287899cd,1,False,Standard,data scientist,USA,Mid,Not specified,Missing,0,,False,True,False,False,False,False,False,162911.02,12.000965579467719
5701351358,2af093c23d4fb4ecc9c4e7ebebba9c37216329ed,1,True,Premium,data scientist,USA,Senior,Not specified,Missing,3,,False,True,True,True,True,False,False,150022.7,11.918548560597708
5680364983,f9bdbb01e4c213d8dd56b1985e3fb03993884014,1,False,Standard,data scientist,USA,Mid,Not specified,Missing,0,,False,True,False,False,False,False,False,146507.05,11.89483565473509
5710668409,afa2c205554d8188936427f28c33504e97e0d53d,1,False,Standard,data scientist,USA,Mid,Not specified,Missing,0,,False,True,False,False,False,False,False,113928.77,11.64333748490666
5710668403,aff10851947f8dc4f9de31f34ebc1b7f74d916cf,1,False,Standard,data scientist,USA,Mid,Not specified,Missing,0,,False,True,False,False,False,False,False,147085.5,11.898776128074815
5688788762,67c9a325070936e73c69fc6822c3b2fb2e959caf,1,True,Premium,data scientist,USA,Lead,Not specified,Missing,0,,False,True,False,False,False,False,False,129327.28,11.770109257009015
5680354006,1840d1d51aa3c2699891c41e8493c6ab45a3f523,1,False,Standard,data scientist,USA,Mid,Not specified,Missing,0,,False,True,False,False,False,False,False,127714.08,11.757557124320373
5680353997,22d26046be67368c77307047a761314d76fc0e71,1,True,Premium,data scientist,USA,Senior,Not specified,Missing,0,,False,True,False,False,False,False,False,97351.46,11.486093280126683
5707856363,2e6cef403a9933a552b0f3aeec458382b9949763,1,False,Standard,data scientist,USA,Mid,Not specified,Missing,0,,False,True,False,False,False,False,False,120494.56,11.699368184760969
5708446475,aebb7dd62df58d05638b6098a95e6179365841cd,1,False,Standard,data scientist,USA,Mid,Bachelor,Missing,0,,False,True,False,False,False,False,False,129394.52,11.770629039120394
5679848573,b18dd72d934b5c4a27a52754334e8ee413ec5cc2,1,False,Standard,data scientist,USA,Mid,Not specified,Missing,0,,False,True,False,False,False,False,False,124205.23,11.729698608254088
5679890911,58f8d35e8ff28dd338cfe6e5878189829485051e,1,False,Standard,data scientist,USA,Mid,Not specified,Missing,0,,False,True,False,False,False,False,False,178916.94,12.094682543954905
5679833100,ebf9c269c6e4303a3cd46ec032f21a1f28e449ca,1,False,Standard,data scientist,USA,Mid,Not specified,Missing,0,,False,True,False,False,False,False,False,119429.23,11.690487630474903
5679823356,46fd6dda8c4f1d0a0221e89f3cdc644bf6ef3559,1,False,Standard,data scientist,USA,Mid,Not specified,Missing,0,,False,True,False,False,False,False,False,136892.61,11.826959333781026
5704890924,81134df0190c0fb66fd5431d43d6d8b500c67f0f,1,False,Standard,data scientist,USA,Mid,Not specified,Missing,0,,False,True,False,False,False,False,False,146128.33,11.892247330499588
5671506699,6cd8da665247cc3d8ab4f8001d415adf87c6d1e1,1,False,Standard,data scientist,USA,Mid,Not specified,Missing,0,,False,True,False,False,False,False,False,101972.59,11.532469137171804
5627011594,7c2b278f66d76abc907924c280f8becffe93212b,1,False,Standard,data scientist,USA,Mid,Not specified,Missing,0,,False,True,False,False,False,False,False,112364.92,11.629515967619476
5649257460,3b89255903b42dd2edbd51d63d0519f46f302a76,1,False,Standard,data scientist,USA,Mid,Not specified,Missing,0,,False,True,False,False,False,False,False,156370.86,11.959992167631556
5704126739,03f18c2585aacad521fd892256109109020076a1,1,False,Standard,data scientist,USA,Mid,Not specified,Missing,0,,False,True,False,False,False,False,False,172518.38,12.058264856969094
5673697667,ee25a51e00162a2cb91e19b8eaabe9c361754d65,1,False,Standard,data scientist,USA,Mid,Not specified,Missing,1,,False,True,True,False,False,False,False,124458.27,11.731733792767747
5696264227,c8039ca5e24af113bf58c29cc010b6c36c9bcc46,1,False,Standard,data scientist,USA,Mid,Not specified,Missing,1,,False,True,True,False,False,False,False,132818.22,11.796744234467914
5710051265,679b03dacd20681c4537d3336cc19c70b2c85e95,1,False,Standard,data scientist,USA,Mid,Not specified,Missing,1,,False,True,True,False,False,False,False,249678.39,12.427932933814473
5686710767,268752f4341a1c7773576746d1085301753ac27d,1,False,Standard,data scientist,USA,Mid,Not specified,Missing,1,,False,True,True,False,False,False,False,143513.81,11.874193514431397
5679891340,e5ac509fecaf2d12d4685b782e0906e12a02ae47,1,False,Standard,data scientist,USA,Mid,Not specified,Missing,0,,True,True,False,False,False,False,False,157352.64,11.966251035367662
5587147665,c2eaeacd21a83072dc9ec27a0e3ff41246dc26b8,1,False,Standard,data scientist,USA,Mid,Not specified,Missing,0,,False,True,False,False,False,False,False,107467.5,11.584953060354337
5664553408,92433cc68ff0572e9f3f1180aa586a8e93c40c99,1,False,Standard,data scientist,USA,Mid,Not specified,Missing,1,,False,True,True,False,False,False,False,108180.31,11.591563894799316
5671461650,4622ae48693e25094f1cfe9c68fef83a832832e9,1,False,Standard,data scientist,USA,Mid,Not specified,Missing,0,,True,True,False,False,False,False,False,145275.17,11.88639183060215
5657037987,720cb7054ce02388c949ea405959a259789580b4,1,False,Standard,data scientist,USA,Mid,Not specified,Missing,0,,False,True,False,False,False,False,False,130410.24,11.778448121079018
5509771451,0cd7ef098dba591215a230b36b4896533816c626,1,False,Standard,data scientist,USA,Mid,Not specified,Missing,0,,False,True,False,False,False,False,False,225849.55,12.327628776324417
5584973279,a19c0a37b6c18f12f1e7aca03e4916449ab2226d,1,False,Standard,data scientist,USA,Mid,Not specified,Missing,0,,False,True,False,False,False,False,False,117790.0,11.676667146601826
5707984403,14f4df0d4a168c45bdb5d6eb8af7aee9d88b6eee,1,False,Standard,data scientist,USA,Mid,Not specified,Missing,0,,False,True,False,False,False,False,False,158722.64,11.974919855723474
5707835137,f80b65ccf7cba2e8ea2c6d254a85d23c336a6d2f,1,False,Standard,data scientist,USA,Mid,Not specified,Missing,0,,False,True,False,False,False,False,False,195878.95,12.1852572505579
5681819918,b1bc71dd8b4efa50eaf5628caed67fb684f58dac,1,False,Standard,data scientist,USA,Mid,Not specified,Missing,0,,False,True,False,False,False,False,False,138505.45,11.838672173922275
5578738530,c10822f1f01b9ad3d9fef14728af17f56befb71e,1,False,Standard,data scientist,USA,Mid,Not specified,Missing,0,,False,True,False,False,False,False,False,122260.84,11.713920253363137
5710732189,7ee8a0903d61f3a7f731f543a90ab3c1dcad2b43,1,False,Standard,data scientist,USA,Mid,Not specified,Missing,1,,False,True,True,False,False,False,False,187341.4,12.140693237613057
5664194406,8ca90481bb6aa1ac61e4d766a8664bcc199df903,1,False,Standard,data scientist,USA,Mid,Not specified,Missing,3,,False,True,True,True,True,False,False,139544.66,11.846147138516685
5709884781,48f37ac864ba19ef2711ccdf04c86821eb5246bf,1,False,Standard,data scientist,USA,Mid,Not specified,Missing,1,,False,True,True,False,False,False,False,112368.88,11.629551209000693
5710744855,58674cf3d0b1ec91c779f4a0f55636ed9ea00d82,1,False,Standard,data scientist,USA,Mid,Not specified,Missing,1,,False,True,True,False,False,False,False,137726.22,11.833030341288879
5704138285,1630d28d141d1c8233b3510304fd96acf01d1ab2,1,False,Standard,data scientist,USA,Mid,Not specified,Missing,0,,False,True,False,False,False,False,False,121667.05,11.709051713694896
5708893109,c77503ee7d3003275a0637301b90352c22e7163d,1,False,Standard,data scientist,USA,Mid,Not specified,Missing,1,,False,True,True,False,False,False,False,222653.62,12.31337706059071
5708901935,ae56783dd31ff52f1e593bb29250d2e123c950a8,1,False,Standard,data scientist,USA,Mid,Not specified,Missing,1,,False,True,True,False,False,False,False,207636.77,12.243550350141632
5708925325,251b952b5e3915e3b532bebc6dde5ae41c62f9b5,1,False,Standard,data scientist,USA,Mid,Not specified,Missing,1,,False,True,True,False,False,False,False,188117.88,12.144829382394652
5689264832,acbe748e8551aa86cd58720af8ca8859836e2632,1,False,Standard,data scientist,USA,Mid,Not specified,Missing,0,,False,True,False,False,False,False,False,178888.62,12.094524246572597
5706731626,9e94ac6c07da25813c19bd7f88bc511117b3c706,1,False,Standard,data scientist,USA,Mid,Master,Missing,0,,False,True,False,False,False,False,False,238654.56,12.382776619878976
5684730307,05e035ee8dfd0d8d3f8a6bc7b6caae892de76c1e,1,False,Standard,data scientist,USA,Mid,Not specified,Missing,1,,False,True,True,False,False,False,False,147349.31,11.900568091998036
5598071511,1d6280eaf8b303b1aa586b6baceee5e2381613de,1,False,Standard,data scientist,USA,Mid,Not specified,Missing,4,,False,True,True,True,True,True,False,135699.77,11.818207520088365
5709883519,04fb3ef4d252e97f26d5727bb02cdbe52372b5a5,1,False,Standard,data scientist,USA,Mid,Not specified,Missing,1,,False,True,True,True,False,False,False,152661.88,11.935987370627151
5710748767,be0250dee019b91c72604bb3c50994a7ea87d81c,1,False,Standard,data scientist,USA,Mid,Not specified,Missing,0,,False,True,False,False,False,False,False,76101.8,11.239840336865417
5710736570,a985b2852a38892f2532dde359e6f72af9532ce0,1,False,Standard,data scientist,USA,Mid,Not specified,Missing,0,,False,True,False,False,False,False,False,67160.37,11.114853510030471
5710736384,578530da7462a6e95cac4f80756bf3c23077e92e,1,False,Standard,data scientist,USA,Mid,Not specified,Missing,0,,False,True,False,False,False,False,False,69457.2,11.148480411767066
5710737262,28a99127fa0df68c7d09c3fe531f94d51839065b,1,False,Standard,data scientist,USA,Mid,Not specified,Missing,0,,False,True,False,False,False,False,False,81194.56,11.304615844851819
5618326240,15a68cb396031cea383f4bff2a8c6b3f5a84b459,1,False,Standard,data scientist,USA,Mid,Not specified,Missing,0,,False,True,False,False,False,False,False,112501.63,11.630731878131133
5702054844,1b38a881b695b302e31f1a5607247091a7f05ecd,1,False,Standard,data scientist,USA,Mid,Not specified,Missing,0,,False,True,False,False,False,False,False,71264.28,11.174164531278818
5680714318,7da2ca83c9525482e83282efd4acb23858c866f4,1,False,Standard,data scientist,USA,Mid,Not specified,Missing,0,,True,True,False,False,False,False,False,166870.42,12.024978854723008
5673739547,b9a6e574555a43cec40324ea276d9a39373d1c89,1,False,Standard,data scientist,USA,Mid,Not specified,Missing,0,,False,True,False,False,False,False,False,110965.41,11.616982821885422
5568773569,e858790fa2cadcf4234784d7ac87965cdcfdc064,1,False,Standard,data scientist,USA,Mid,Not specified,Missing,1,,False,True,True,False,False,False,False,159830.44,11.981875038894785
5687950541,93cc6529926259febf4a29508b0946f1f3849320,1,False,Standard,data scientist,USA,Mid,Not specified,Missing,0,,False,True,False,False,False,False,False,90043.88,11.408063491686166
5590015528,923637b8cd9936b82d9d31947e27a17a82eab78a,1,False,Standard,data scientist,USA,Mid,Not specified,Missing,0,,False,True,False,False,False,False,False,185470.22,12.130655000744914
5707828704,70ceab29c848cf2e20592a6be92b3b814bfd127c,1,False,Standard,data scientist,USA,Mid,Not specified,Missing,0,,False,True,False,False,False,False,False,127886.17,11.758903669790943
5701913089,d844d7e216f45c40f0ff40f2fb3a496a95b337c6,1,False,Standard,data scientist,USA,Mid,Not specified,Missing,0,,False,True,False,False,False,False,False,125457.73,11.739732138851213
5407755947,8073cc9484e46d8492a13d427589e3600fb92b36,1,False,Standard,data scientist,USA,Mid,Not specified,Missing,0,,False,True,False,False,False,False,False,108730.15,11.59663360059364
5704148893,71da69e5efb8de93d5a5363d4df8a42c841db83d,1,False,Standard,data scientist,USA,Mid,Not specified,Missing,1,,False,True,True,False,False,False,False,84017.66,11.338794196012522
5706734717,91cb766151cec41ae107635450e0b41d34ac5a51,1,False,Standard,data scientist,USA,Mid,Not specified,Missing,0,,False,True,False,False,False,False,False,103740.84,11.549660784397414
5589988088,303e88ae959a1f699b72f7356dc1658d0248a9e9,1,False,Standard,data scientist,USA,Mid,Not specified,Missing,0,,False,True,False,False,False,False,False,51168.93,10.842907333809146
5614598785,6aa851913de8b16df968dbaa5ad78756fbd6c09b,1,False,Standard,data scientist,USA,Mid,Not specified,Missing,0,,False,True,False,False,False,False,False,246218.77,12.413979790077216
5359410519,82cc247bfa183f857eccbed9eaf9c171a770ceee,1,False,Standard,data scientist,USA,Mid,Not specified,Missing,0,,False,True,False,False,False,False,False,164326.9,12.009619100929804
5359410517,198a926e2f8d3f366fe3b7fac77a6d0c5c22f763,1,False,Standard,data scientist,USA,Mid,Not specified,Missing,0,,False,True,False,False,False,False,False,139839.88,11.848260483775741
5704083730,90126421b745c41b2e42afef4b94d1a7ca9ad7ee,1,False,Standard,data scientist,USA,Mid,Not specified,Missing,1,,False,True,True,True,False,False,False,189948.56,12.154513842214037
5704116005,771f19587a74d1a6a746cbcd345804dd7d5d1fc7,1,False,Standard,data scientist,USA,Mid,Not specified,Missing,1,,False,True,True,True,False,False,False,135521.55,11.816893326119716
5704119679,45a431d9125173bef97bd36e7666666961783646,1,False,Standard,data scientist,USA,Mid,Not specified,Missing,1,,False,True,True,True,False,False,False,212544.52,12.26691145617125
5704099069,2617c89637541a5f3d6970a6905be95fa37d99d6,1,False,Standard,data scientist,USA,Mid,Not specified,Missing,1,,False,True,True,True,False,False,False,152917.31,11.937659136219068
5704142516,b8f35c855f10e2c83461ed5f74d7df41647470f7,1,False,Standard,data scientist,USA,Mid,Not specified,Missing,1,,False,True,True,True,False,False,False,129669.01,11.772748117661767
5704249097,1d777251681161ed2ee6c53f10a9e6935bc8f9c2,1,False,Standard,data scientist,USA,Mid,Not specified,Missing,1,,False,True,True,True,False,False,False,143669.64,11.875278736647868
5704145289,b601a0c71e9d00b4367b3cd182d2395c52e39ac3,1,False,Standard,data scientist,USA,Mid,Not specified,Missing,1,,False,True,True,True,False,False,False,149141.39,11.912656766180595
5704123596,a62872b6880923ac4d10acdd4d768bc608ffd7a1,1,False,Standard,data scientist,USA,Mid,Not specified,Missing,1,,False,True,True,True,False,False,False,133409.4,11.801185370444347
5704086221,ac6ed180d2b2d260afd05d2ba2a605fe8081ed25,1,False,Standard,data scientist,USA,Mid,Not specified,Missing,1,,False,True,True,True,False,False,False,137316.77,11.830053007999044
5704121052,be381d8f3970c2ab98e8e57205f2fd7c041bcdb5,1,False,Standard,data scientist,USA,Mid,Not specified,Missing,1,,False,True,True,True,False,False,False,138667.5,11.839841471641739
5704120962,3b63275337fa041158e39a3c82b390289319c75f,1,False,Standard,data scientist,USA,Mid,Not specified,Missing,1,,False,True,True,True,False,False,False,134616.39,11.810191885470056
5704083692,0c50be7d1d944e4e34d730d121be99044d1b7568,1,False,Standard,data scientist,USA,Mid,Not specified,Missing,1,,False,True,True,True,False,False,False,130841.77,11.78175165232397
5704132497,a43f52d1ab422a1aa600f9310126bbad1ed25047,1,False,Standard,data scientist,USA,Mid,Not specified,Missing,1,,False,True,True,True,False,False,False,199041.42,12.201273246819168
5704126111,6baef606cacc9b6162d4e6df1aa3b0601dd2c7ad,1,False,Standard,data scientist,USA,Mid,Not specified,Missing,1,,False,True,True,True,False,False,False,145531.98,11.888158006575344
5704123345,5b88675d15c112be7634a76ab1018b7d7ff97588,1,False,Standard,data scientist,USA,Mid,Not specified,Missing,1,,False,True,True,True,False,False,False,148731.77,11.909906484766067
5704131963,a16ec8238f40877bc80fef30a903fd576adce1e2,1,False,Standard,data scientist,USA,Mid,Not specified,Missing,1,,False,True,True,True,False,False,False,158180.16,11.971496237464144
5704115754,e0cfd15bd65e73a4241787b5fcebc9ad4e632962,1,False,Standard,data scientist,USA,Mid,Not specified,Missing,1,,False,True,True,True,False,False,False,144149.03,11.878609911183071
5704026935,c13d2e6b5f1ee8bef0d2bdb26bef19e8862518e6,1,False,Standard,data scientist,USA,Mid,Not specified,Missing,1,,False,True,True,True,False,False,False,194538.02,12.178388038886327
5704121176,962d02ebc4e22c61c9c3d65be7df7147cb884f9a,1,False,Standard,data scientist,USA,Mid,Not specified,Missing,1,,False,True,True,True,False,False,False,125932.54,11.743509586460027
5704114850,c310c966314e55e12faf17601c16e8f59ea55d5f,1,False,Standard,data scientist,USA,Mid,Not specified,Missing,1,,False,True,True,True,False,False,False,159020.67,11.976795761224
5704126243,4b1f19fc8815c078c1bdbd1455e480f9351378ba,1,False,Standard,data scientist,USA,Mid,Not specified,Missing,1,,False,True,True,True,False,False,False,213181.53,12.26990402607776
5704083585,b1ea285f84d432cb80cd237b445fc2def095c03e,1,False,Standard,data scientist,USA,Mid,Not specified,Missing,1,,False,True,True,True,False,False,False,144337.36,11.879915544499918
5704145794,22f357eb432f59dc72c909a3c5b798c7692f051a,1,False,Standard,data scientist,USA,Mid,Not specified,Missing,1,,False,True,True,True,False,False,False,158790.33,11.975346229327373
5704131623,f98f6fe7102065192303d94b0291347ea99e35b9,1,False,Standard,data scientist,USA,Mid,Not specified,Missing,1,,False,True,True,True,False,False,False,146523.81,11.894950044636742
5704122560,0e707249a41a1dc8f8a4537e2a4b1814637b3a5a,1,False,Standard,data scientist,USA,Mid,Not specified,Missing,1,,False,True,True,True,False,False,False,139256.83,11.844082386011207
5704141715,d7c28566662c7d621d39de86b8f6b43abf31d223,1,False,Standard,data scientist,USA,Mid,Not specified,Missing,1,,False,True,True,True,False,False,False,175233.3,12.073879214578465
5704141739,e9b560995c67eb79249a14cc08c68cfc3bc8f845,1,False,Standard,data scientist,USA,Mid,Not specified,Missing,1,,False,True,True,True,False,False,False,209165.52,12.250885960124501
5704121527,1136670fb53bbb17a22dbce0843847d546348397,1,False,Standard,data scientist,USA,Mid,Not specified,Missing,1,,False,True,True,True,False,False,False,166611.7,12.02342723630168
5704145059,08a774797d787a922b8573c0b2433800933694c6,1,False,Standard,data scientist,USA,Mid,Not specified,Missing,1,,False,True,True,True,False,False,False,150648.38,11.922710429050477
5647726001,ed4e61cb40eabef61e0a5b184df3c7a2cf404b1c,1,False,Standard,data scientist,USA,Mid,Not specified,Missing,1,,False,True,True,False,False,False,False,120533.75,11.699693372081564
5704250919,e1c0df0dd9d806664ab5bda53966ff57bd575064,1,False,Standard,data scientist,USA,Mid,Not specified,Missing,1,,False,True,True,True,False,False,False,144329.64,11.879862057634325
5704141243,75e7e6e92f2361649e124896d7d787cd81413b18,1,False,Standard,data scientist,USA,Mid,Not specified,Missing,1,,False,True,True,True,False,False,False,144252.58,11.879328002086647
5704113977,e1a706eccc3ff7c0f3a41f52fe4446549ab56217,1,False,Standard,data scientist,USA,Mid,Not specified,Missing,1,,False,True,True,True,False,False,False,163742.92,12.00605902303718
5704122376,a2bff7f5ef881b9f2315b640c9fdaf7a401b7a3c,1,False,Standard,data scientist,USA,Mid,Not specified,Missing,1,,False,True,True,True,False,False,False,138015.36,11.835127507837397
5704029025,18c7adc3b7b83c73ae7ea30970c311af4abe1e20,1,False,Standard,data scientist,USA,Mid,Not specified,Missing,1,,False,True,True,True,False,False,False,173950.56,12.066532148634154
5704099337,ebcc37fa03214359c7d6bff38ab60e76918cc52b,1,False,Standard,data scientist,USA,Mid,Not specified,Missing,1,,False,True,True,True,False,False,False,135268.08,11.815021258847722
5704141767,7a53d2517a5e3e2f0af1cf47ff0a530ebff62589,1,False,Standard,data scientist,USA,Mid,Not specified,Missing,1,,False,True,True,True,False,False,False,148970.53,11.911510492845164
5704136834,193b1313fff07619542a498f3e4233c7f8075ea4,1,False,Standard,data scientist,USA,Mid,Not specified,Missing,1,,False,True,True,True,False,False,False,174921.08,12.072095896606397
5704116291,6e101b24f38fbe036ccea86ab4212c5fe035deba,1,False,Standard,data scientist,USA,Mid,Not specified,Missing,1,,False,True,True,True,False,False,False,137328.16,11.830135950852304
5704092287,4d60138e538cf3465d110fdc888cc3a2cc94c5fc,1,False,Standard,data scientist,USA,Mid,Not specified,Missing,1,,False,True,True,True,False,False,False,140765.52,11.854857910340051
5704247874,8fe5b75ce8247d3dd3a100ccf9929a8380919c76,1,False,Standard,data scientist,USA,Mid,Not specified,Missing,1,,False,True,True,True,False,False,False,145595.02,11.888591079206275
5704128195,061e5431c13e051fcb9bc64016a612507b56c611,1,False,Standard,data scientist,USA,Mid,Not specified,Missing,1,,False,True,True,True,False,False,False,173591.61,12.064466511177871
5679700612,0c94a912ad5ebc1a76620a952058d25b2ee3915d,1,False,Standard,data scientist,USA,Mid,Not specified,Missing,1,,False,True,True,False,False,False,False,158033.0,11.970565478732501
5547712833,c072a3d2c28d31a6e1c1c104f4e36254a80f13b8,1,False,Standard,data scientist,USA,Mid,Not specified,Missing,0,,False,True,False,False,False,False,False,137772.86,11.833368924356833
5589842053,5985df7c2a09867286fe937858c01aa369b49252,1,False,Standard,data scientist,USA,Mid,Not specified,Missing,0,,False,True,False,False,False,False,False,133470.88,11.801646097931295
5436491928,ecaf163dabe4234e78880b5e8971998ce92cd011,1,False,Standard,data scientist,USA,Mid,Not specified,Missing,0,,False,True,False,False,False,False,False,173838.45,12.065887451096499
5708777173,b6bfc6935698b4e244ce9f5354699f37ccb6dd45,1,False,Standard,data scientist,USA,Mid,Not specified,Missing,0,,False,True,False,False,False,False,False,144398.06,11.880335995724383
5664646102,d7e8655f21c6f5073ba144e1ca1c8ec1307920d4,1,False,Standard,data scientist,USA,Mid,Not specified,Missing,0,,False,True,False,False,False,False,False,111541.54,11.62216132178396
5630529162,a347a246232c3f0e58d7dd61a283413b985faca0,1,False,Standard,data scientist,USA,Mid,Not specified,Missing,0,,False,True,False,False,False,False,False,122899.7,11.719131991225456
5699550325,1be3126a6e8e3ca994f507eb8872a65b82f9ff4f,1,False,Standard,data analyst,USA,Mid,Not specified,Missing,0,,False,True,False,False,False,False,False,43449.42,10.679375796929904
5702989712,7caacc86b0bd1034483119a537346c67fe18f1ce,1,False,Standard,data analyst,USA,Mid,Not specified,Missing,0,,False,True,False,False,False,False,False,94934.57,11.460953729967565
5681129847,b303dcc362e98441d0fc435c41016ea1c9f83428,1,False,Standard,data analyst,USA,Mid,Not specified,Missing,0,,True,True,False,False,False,False,False,83192.68,11.328926662385614
5702988537,f200ad1ecdd04becdd7e8716658c4a57f8c236e0,1,False,Standard,data analyst,USA,Mid,Not specified,Missing,0,,False,True,False,False,False,False,False,93419.09,11.444861697446772
5709269552,25a667c4571ce908eedbd3c9e11f360979873638,1,False,Standard,data analyst,USA,Mid,Not specified,Missing,1,,False,True,True,False,False,False,False,85066.67,11.351202336385953
5707681383,8b7c0a1c6a7cc20a86ae258c3a8b82066c39a9aa,1,False,Standard,data analyst,USA,Mid,Not specified,Missing,1,,False,True,True,False,True,False,False,91184.22,11.420648101525545
5680356199,874e234ede68255ee78f4034a882fc9f80627142,1,False,Standard,data analyst,USA,Mid,Not specified,Missing,0,,False,True,False,False,False,False,False,105952.53,11.570755880744068
5702053345,279d310575cbd73dcddb320b67608ad5698f6f6a,1,False,Standard,data analyst,USA,Mid,Bachelor,Missing,2,,False,True,True,True,True,False,False,124412.7,11.731367581840868
5699550788,968cf0e02ba14190e37ec3e7141412ccc1611450,1,False,Standard,data analyst,USA,Mid,Not specified,Missing,0,,True,True,False,False,False,False,False,83429.6,11.331770427527937
5701882128,2cf5d8eed381f639c867ec5af9fedb0150233dfb,1,False,Standard,data analyst,USA,Mid,Not specified,Missing,0,,True,True,False,False,False,False,False,110486.43,11.61265703781317
5703147807,d86b26c4ddbf1978e537581b12ed4e1bffb192c9,1,False,Standard,data analyst,USA,Mid,Not specified,Missing,0,,False,True,False,False,False,False,False,60305.77,11.007199648386717
5709134127,b069beb9a11b69333d5684d28ce0a2e33ad09bdb,1,False,Standard,data analyst,USA,Mid,Not specified,Missing,1,,True,True,True,False,True,False,False,105391.51,11.565446849945735
5680355716,21dcff628f24852f2e7bc3e298b3c3838b2a0b36,1,False,Standard,data analyst,USA,Mid,Not specified,Missing,0,,False,True,False,False,False,False,False,93966.01,11.450699042205354
5707643355,9a40243ef5d76089c6adeaa1f82052d3c05e53f9,1,False,Standard,data analyst,USA,Mid,Not specified,Missing,0,,False,True,False,False,False,False,False,93677.18,11.447620570243423
5680360631,7bc618da49ce83edf4f5e38245d6c43ac6a94694,1,False,Standard,data analyst,USA,Mid,Not specified,Missing,0,,False,True,False,False,False,False,False,81347.56,11.306498411199795
5707343124,213af432d5fb1f4efd58261336715d80d5caa4c3,1,False,Standard,data analyst,USA,Mid,Bachelor,Missing,0,,False,True,False,False,False,False,False,77612.54,11.259497175486736
5680353927,3f60e16269c03ac365ba4e77a2063d19655c64eb,1,False,Standard,data analyst,USA,Mid,Not specified,Missing,0,,False,True,False,False,False,False,False,64394.01,11.072791424618318
5708924983,b7e956ba3920fc7e16a87cb2a1d1ada9252c9736,1,False,Standard,data analyst,USA,Mid,Not specified,Missing,2,,False,True,True,True,True,False,False,74692.59,11.221149557532737
5701926142,bdbd84330a9b60b5e0aa03c8796a3ad50dbd1977,1,False,Standard,data analyst,USA,Mid,Not specified,Missing,0,,False,True,False,False,False,False,False,116350.22,11.664368654279246
5708445721,e4551034c078429bb27842260088ef2cba957f90,1,False,Standard,data analyst,USA,Mid,Bachelor,Missing,0,,False,True,False,False,False,False,False,55641.96,10.926710843759667
5707344128,d59412997ccf0c46906fd5afcad57499dd54f4d3,1,False,Standard,data analyst,USA,Mid,Not specified,Missing,1,,True,True,True,False,True,False,False,101930.88,11.532060026022586
5701564455,6177d288f86b27f1b568ad659a97c2bc933a23c2,1,False,Standard,data analyst,USA,Mid,Bachelor,6-10 years,0,10.0,False,False,False,False,False,False,False,69338.67,11.146772460069917
5693336521,6643d8f664a5bdf1ed9e4bb29705fa453fd1a844,1,True,Premium,data analyst,USA,Lead,Not specified,Missing,0,,False,True,False,False,False,False,False,109374.95,11.60254630933648
5686415909,251457a5c6b425e154639dc61a20831093b2dc5a,1,False,Standard,data analyst,USA,Mid,Master,Missing,0,,False,True,False,False,False,False,False,90366.91,11.4116445054846
5694980053,d49392b376d8af24b6f147ea52115bd1671843d7,1,False,Standard,data analyst,USA,Mid,Not specified,Missing,0,,False,True,False,False,False,False,False,101347.73,11.52632262096789
5680357522,a781416d3887d4e21419deb1c03a88093c1e0e92,1,False,Standard,data analyst,USA,Mid,Not specified,Missing,0,,False,True,False,False,False,False,False,98422.11,11.497030913189164
5680356732,38b14316d40cf64b643a2b6f8778518326a26383,1,True,Premium,data analyst,USA,Lead,Not specified,Missing,0,,False,True,False,False,False,False,False,104308.2,11.555114844193765
5680352775,8c90b6c091990c6a88bc5a24cf48c1c1d9fab4db,1,False,Standard,data analyst,USA,Mid,Not specified,Missing,0,,False,True,False,False,False,False,False,53270.89,10.88316407891372
5703426961,17456385781aeac08251d9d09464d5bf4d46f9dc,1,False,Standard,data analyst,USA,Mid,Not specified,Missing,0,,True,True,False,False,False,False,False,97349.52,11.486073352337185
5703157463,0999ebd5f363fb6619b8a524e8c6d646cb5e4122,1,False,Standard,data analyst,USA,Mid,Not specified,Missing,0,,False,True,False,False,False,False,False,103532.2,11.547647613197778
5702328796,3062e39c6ae7248f90ef1ae83f5ab29ce4591016,1,False,Standard,data analyst,USA,Mid,Not specified,Missing,0,,True,True,False,False,False,False,False,120098.77,11.696078092995467
5694664521,749b97e0143e69fc34b5dfb43012a1b91ba925e2,1,True,Premium,data analyst,USA,Senior,Not specified,Missing,0,,False,True,False,False,False,False,False,93133.09,11.441795561656498
5708923384,949d2747727358ec25f1b06c8a023bcebd274654,1,True,Premium,data analyst,USA,Senior,Not specified,Missing,0,,False,True,False,False,False,False,False,115664.62,11.65845872122859
5680356924,05fedbe620d0734c4fb208b0ba21a8eb9de9c63c,1,False,Standard,data analyst,USA,Mid,Not specified,Missing,0,,False,True,False,False,False,False,False,130423.67,11.778551097697628
5680356055,46fb01d8879f00005c653def12b8a386201ebb89,1,False,Standard,data analyst,USA,Mid,Not specified,Missing,0,,False,True,False,False,False,False,False,104099.11,11.553108311278775
5707337918,d71517dfe529a32b9e7f55e5bc7dff5598ca8f6f,1,False,Standard,data analyst,USA,Mid,Not specified,Missing,0,,False,True,False,False,False,False,False,128456.64,11.763354479165523
5680362281,da6fd8fb202cf357c5541e5a9a180abeb432065e,1,True,Premium,data analyst,USA,Senior,Not specified,Missing,0,,False,True,False,False,False,False,False,100558.66,11.518506462192383
5709927104,5d0c9cde738c8d84cf4d59d8e9e4dc959cf9c36f,1,False,Standard,data analyst,USA,Mid,Not specified,Missing,0,,False,True,False,False,False,False,False,71238.52,11.17380299959314
5707340761,147e36d64d3b850f6ef1603db365657da35623bd,1,False,Standard,data analyst,USA,Mid,Not specified,Missing,2,,False,True,True,True,False,False,False,139288.17,11.844307410873311
5678718964,e38891e75da49cf574dfe263cce3d01533fb4130,1,False,Standard,data analyst,USA,Mid,Not specified,Missing,0,,False,True,False,False,False,False,False,88101.83,11.38625993399632
5702063521,bb65461a82ca7c020ac713243d7e5588272e1799,1,False,Standard,data analyst,USA,Mid,Not specified,Missing,0,,False,True,False,False,False,False,False,63626.07,11.060794287704732
4373264329,e727c3c6159b243c2430b8e33888fda2f8dccfb9,1,False,Standard,data analyst,USA,Mid,Not specified,Missing,1,,False,True,True,False,False,False,False,61787.71,11.031475940672504
5706705961,95862d983d1f19796a26c8968a83cee386ddf83f,1,False,Standard,data analyst,USA,Mid,Not specified,Missing,0,,False,True,False,False,False,False,False,135023.6,11.813212263042336
5648094897,79c63d13d9bcdd01790c1c370443f6abf6436576,1,False,Standard,data analyst,USA,Mid,Not specified,Missing,0,,False,True,False,False,False,False,False,91775.11,11.42710730308895
5681829330,22c7ec510097b1d821b0864d90c8d2458398f3c4,1,False,Standard,data analyst,USA,Mid,Not specified,Missing,0,,False,True,False,False,False,False,False,76844.88,11.249557136599242
5686872463,0b7ba7f30cfdf995fdc91571caccce073226a2b8,1,False,Standard,data analyst,USA,Mid,Not specified,Missing,0,,False,True,False,False,False,False,False,176381.8,12.080411912131908
5701913563,336ea840cc5983c1de08664dfa4490473bdcfba6,1,False,Standard,data analyst,USA,Mid,Not specified,Missing,0,,False,True,False,False,False,False,False,104566.05,11.557583771426797
5678849737,ecb730c7c37738d25a0f34ff67cd565a937dd631,1,False,Standard,data analyst,USA,Mid,Not specified,Missing,0,,False,True,False,False,False,False,False,77866.46,11.262763429572363
5678714209,397f23585864208e6c926e02b7e64dbe8fa85cde,1,False,Standard,data analyst,USA,Mid,Not specified,Missing,2,,False,True,True,False,False,False,False,119347.26,11.689801052691283
5700915117,a8e55e829e9553d1466e4c265b70cd2a390a334d,1,False,Standard,data analyst,USA,Mid,Not specified,Missing,0,,True,True,False,False,False,False,False,76729.03,11.248048436152997
5700908991,71904d564b5dbf60a2683479d1462cb900992ecd,1,False,Standard,data analyst,USA,Mid,Not specified,Missing,0,,True,True,False,False,False,False,False,66710.98,11.108139825970637
5700826916,8dc670f0e6b3e1491d39c4139bf99850676b66c3,1,False,Standard,data analyst,USA,Mid,Not specified,Missing,0,,True,True,False,False,False,False,False,78671.48,11.273048690914377
5700861078,322c40e0abc44b65851b03d8ec0d39710946ef2d,1,False,Standard,data analyst,USA,Mid,Not specified,Missing,0,,True,True,False,False,False,False,False,69721.88,11.152283806870303
5700868592,7fa8aecd1b0a223dbca5c83dd493771d46776847,1,False,Standard,data analyst,USA,Mid,Not specified,Missing,0,,True,True,False,False,False,False,False,81379.22,11.306887524918947
5701065192,6440eb10a7d880393b81724f230a59fdc00d4fde,1,False,Standard,data analyst,USA,Mid,Not specified,Missing,0,,True,True,False,False,False,False,False,73913.9,11.210669710428911
5700814055,09bc3d07650260ec7f6ee49bf1dc066250f11043,1,False,Standard,data analyst,USA,Mid,Not specified,Missing,0,,True,True,False,False,False,False,False,70645.52,11.165444129999301
5700854014,73042a321839d1815ee446fee54318512f436b27,1,False,Standard,data analyst,USA,Mid,Not specified,Missing,0,,True,True,False,False,False,False,False,84240.95,11.34144829468809
5700832931,666af216b56771357dc92a8c58f591db6603d489,1,False,Standard,data analyst,USA,Mid,Not specified,Missing,0,,True,True,False,False,False,False,False,71340.44,11.175232643738605
5700826695,7f55918f1bdc04cbe02c264eb279f4d620ad0189,1,False,Standard,data analyst,USA,Mid,Not specified,Missing,0,,True,True,False,False,False,False,False,109348.04,11.602300246916856
5700882741,ae11882114c4401580e773e696cf20c63cd1e730,1,False,Standard,data analyst,USA,Mid,Not specified,Missing,0,,True,True,False,False,False,False,False,74872.09,11.223549825910416
5700832147,92ef881a52b68641adbdf9fcaed4f015380a96d3,1,False,Standard,data analyst,USA,Mid,Not specified,Missing,0,,True,True,False,False,False,False,False,76518.29,11.245298144891175
5700812030,449aad6c02687e17d68dba1b5395928ebb71e75f,1,False,Standard,data analyst,USA,Mid,Not specified,Missing,0,,True,True,False,False,False,False,False,97722.98,11.489902253154652
5700832683,0f6ac059d7a160e870e9c5f5552dec089f949dc7,1,False,Standard,data analyst,USA,Mid,Not specified,Missing,0,,True,True,False,False,False,False,False,102400.98,11.536661327338107
5700866683,4db2661dbd8cee0f351af2abfd72318df343d807,1,False,Standard,data analyst,USA,Mid,Not specified,Missing,0,,True,True,False,False,False,False,False,89991.69,11.407483723791477
5700811823,5f252e5c7eae982c023e42a9de5681601cc93010,1,False,Standard,data analyst,USA,Mid,Not specified,Missing,0,,True,True,False,False,False,False,False,74257.48,11.215307258897832
5700827086,4a650b5fa33e5a8ae2354a34281863b752ba1389,1,False,Standard,data analyst,USA,Mid,Not specified,Missing,0,,True,True,False,False,False,False,False,64788.55,11.078899603903599
5700822708,59f4f79b05de322fccdf7135e8fef399087d4f4d,1,False,Standard,data analyst,USA,Mid,Not specified,Missing,0,,True,True,False,False,False,False,False,89307.89,11.39985631398128
5700814245,d71fa83db5e1096fd78fe463737bedc882548a12,1,False,Standard,data analyst,USA,Mid,Not specified,Missing,0,,True,True,False,False,False,False,False,72419.8,11.190248829930809
5700897371,d103ab1b05625d267759e0b0f08e54f8a342ef23,1,False,Standard,data analyst,USA,Mid,Not specified,Missing,0,,True,True,False,False,False,False,False,81693.05,11.310736450778668
5700882980,dd4a2508014407da49dd4e99282be055c369ecef,1,False,Standard,data analyst,USA,Mid,Not specified,Missing,0,,True,True,False,False,False,False,False,109675.88,11.605293867442093
5700860415,dc005305ced61bdcb8bbdc6cfd61d536a06e6a7e,1,False,Standard,data analyst,USA,Mid,Not specified,Missing,0,,True,True,False,False,False,False,False,81811.56,11.31218605603625
5700833005,c613942149b804e91c4b1a3ed679ade5a0639b8d,1,False,Standard,data analyst,USA,Mid,Not specified,Missing,0,,True,True,False,False,False,False,False,75382.36,11.23034183998533
5700827624,bf08fe8a333799d4f0761b9e39f4a93b68547c9c,1,False,Standard,data analyst,USA,Mid,Not specified,Missing,0,,True,True,False,False,False,False,False,71643.7,11.179474459829493
5700912345,b311d621761357b07c16385e9b98d25bb34074d9,1,False,Standard,data analyst,USA,Mid,Not specified,Missing,0,,True,True,False,False,False,False,False,90152.32,11.409267055463053
5700912298,f32b2eaa53e74bc778e90c57d6b821a33bbb95d8,1,False,Standard,data analyst,USA,Mid,Not specified,Missing,0,,True,True,False,False,False,False,False,107609.65,11.58627489950702
5700812020,8282db1470cbb56a8c4d1060d807808ecf4628e7,1,False,Standard,data analyst,USA,Mid,Not specified,Missing,0,,True,True,False,False,False,False,False,67314.27,11.117142384398383
5700830974,956b3f2e007e79a87eb895610408813ce6c7dbc7,1,False,Standard,data analyst,USA,Mid,Not specified,Missing,0,,True,True,False,False,False,False,False,69256.2,11.145582389764096
5700830288,2d26e4b0897072e99972702dfdef9306277fe64e,1,False,Standard,data analyst,USA,Mid,Not specified,Missing,0,,True,True,False,False,False,False,False,71004.86,11.170517687828877
5700909403,8fb4548c62fc4c7d7cb7ebe18e5aa936d16e959c,1,False,Standard,data analyst,USA,Mid,Not specified,Missing,0,,True,True,False,False,False,False,False,74213.88,11.214719948133755
5700860555,52037503c97d616b11a43ccfcd5a87c41e1e3740,1,False,Standard,data analyst,USA,Mid,Not specified,Missing,0,,True,True,False,False,False,False,False,71845.34,11.18228495075251
5700978067,c1c2d3a435b0ecb4048d56c59c2fbd2594d0081a,1,False,Standard,data analyst,USA,Mid,Not specified,Missing,0,,True,True,False,False,False,False,False,75036.43,11.225742334692763
5700861089,2aeb0f444738e7fa907c661e2d7771882a524a56,1,False,Standard,data analyst,USA,Mid,Not specified,Missing,0,,True,True,False,False,False,False,False,74160.53,11.21400083109488
5700860511,deafa2357b42542d4a92c1f45ff2fdb22a26a08c,1,False,Standard,data analyst,USA,Mid,Not specified,Missing,0,,True,True,False,False,False,False,False,91785.61,11.427221705403445
5700833188,e6011a72bdd2da1afbd8f56175f704d1fb9af49d,1,False,Standard,data analyst,USA,Mid,Not specified,Missing,0,,True,True,False,False,False,False,False,68635.3,11.136576828280043
5700912781,ee0be4160b6143b8779da062bf7b6cc2c6051b58,1,False,Standard,data analyst,USA,Mid,Not specified,Missing,0,,True,True,False,False,False,False,False,76640.98,11.246900247384092
5700673312,db931602c4567140ca370217afc7940afcbae24c,1,False,Standard,data analyst,USA,Mid,Not specified,Missing,0,,True,True,False,False,False,False,False,89492.56,11.401921946366777
5700827970,8a3f8ce1b7860137a34644528c850078b32afed2,1,False,Standard,data analyst,USA,Mid,Not specified,Missing,0,,True,True,False,False,False,False,False,69591.6,11.150413518830863
5701063485,8b774f6fb2075dbabe6ec82537d5c0fd3074f515,1,False,Standard,data analyst,USA,Mid,Not specified,Missing,0,,True,True,False,False,False,False,False,74904.45,11.223981930543076
5700910564,770c0d4e30a4347bda35896a5123adec9f8c7d49,1,False,Standard,data analyst,USA,Mid,Not specified,Missing,0,,True,True,False,False,False,False,False,77504.18,11.25810005181751
5700830636,9f632d64b968ca1ffa2d6517f7d526bfa588ca78,1,False,Standard,data analyst,USA,Mid,Not specified,Missing,0,,True,True,False,False,False,False,False,85717.02,11.358818350860638
5700861677,5a86aa85171cc5a3a801b1684ef9f79df1606a0b,1,False,Standard,data analyst,USA,Mid,Not specified,Missing,0,,True,True,False,False,False,False,False,70651.32,11.165526225506996
5700909450,245bf1962a58f9e33863e4c1ef4bab26f88da9ca,1,False,Standard,data analyst,USA,Mid,Not specified,Missing,0,,True,True,False,False,False,False,False,78902.38,11.275979344953155
5707819093,a5a46fff5d57394079f396a49de70db884491ab4,1,False,Standard,data analyst,USA,Mid,Not specified,Missing,0,,False,True,False,False,False,False,False,102678.12,11.539364064632808
5704808627,734897c20e8e4d6e8f6277e3e763cdbbe040e94d,1,False,Standard,data analyst,USA,Mid,Not specified,Missing,0,,False,True,False,False,False,False,False,70975.07,11.170098056958425
5661198219,8b1e1b0dc353e4f503e39b8d9e686f9c180c5ce1,1,False,Standard,data analyst,USA,Mid,Not specified,Missing,0,,False,True,False,False,False,False,False,81636.9,11.31004889390799
5706706481,7a7a0c43d70803c7e12236afca0b2723440cc229,1,False,Standard,data analyst,USA,Mid,Not specified,Missing,0,,True,True,False,False,False,False,False,96100.18,11.47315687375917
5706732973,978a8c27bebdb4ba634b83d22ce05f0649fba769,1,False,Standard,data analyst,USA,Mid,Not specified,Missing,0,,True,True,False,False,False,False,False,85625.34,11.357748225077108
5706697125,c4f09fba2e96d059d25209bc32e08f57eab836fd,1,False,Standard,data analyst,USA,Mid,Not specified,Missing,0,,True,True,False,False,False,False,False,108559.4,11.595061979100342
5706699951,25729ccba4000a64ff95544798fe58e9fc5e4b63,1,False,Standard,data analyst,USA,Mid,Not specified,Missing,0,,True,True,False,False,False,False,False,112480.93,11.630547865503258
5706640499,c4f4a50a960f5bf614b7893a81888f9c952fd0c0,1,False,Standard,data analyst,USA,Mid,Not specified,Missing,0,,True,True,False,False,False,False,False,98096.1,11.493713083444737
5706857857,7d3ab635e1bce833f370a67dfab03cadea23432c,1,False,Standard,data analyst,USA,Mid,Not specified,Missing,0,,True,True,False,False,False,False,False,101311.5,11.525965078478032
5706728506,2d961374f729f317675adfb6f2f8bc27e3b680c1,1,False,Standard,data analyst,USA,Mid,Not specified,Missing,0,,True,True,False,False,False,False,False,91618.13,11.42539537165236
5706733656,75bfdbc665b9787b3307acbf3a41c6df63ee4915,1,False,Standard,data analyst,USA,Mid,Not specified,Missing,0,,True,True,False,False,False,False,False,115506.66,11.65709212709121
5706718839,1959fd875e27ec12416c3a68923949343b0a9cba,1,False,Standard,data analyst,USA,Mid,Not specified,Missing,0,,True,True,False,False,False,False,False,88095.2,11.386184678190393
5706645305,a26323e5e6fdbf8923da3135e26d63fbef4f2fd3,1,False,Standard,data analyst,USA,Mid,Not specified,Missing,0,,True,True,False,False,False,False,False,90675.45,11.415052955200528
5706692997,5ba0eaf3a9afa932c635845c3b7681b052db81f9,1,False,Standard,data analyst,USA,Mid,Not specified,Missing,0,,True,True,False,False,False,False,False,108125.44,11.591056562064573
5706793469,03666a658a01e94e7a5d180eb2a8f8f3c4d90b4d,1,False,Standard,data analyst,USA,Mid,Not specified,Missing,0,,True,True,False,False,False,False,False,135422.97,11.816165654811373
5706709669,f7bfe3847112228fa432a2c122106eab37c12ea6,1,False,Standard,data analyst,USA,Mid,Not specified,Missing,0,,True,True,False,False,False,False,False,102116.03,11.533874787501231
5706716888,90a122fe3a3cfd029bcdf4bed5c140cce4746985,1,False,Standard,data analyst,USA,Mid,Not specified,Missing,0,,True,True,False,False,False,False,False,88892.12,11.395190028181
5706543352,74ad5af6ff2d35ee14386e9774592d291c52ea29,1,False,Standard,data analyst,USA,Mid,Not specified,Missing,0,,True,True,False,False,False,False,False,91542.68,11.424571514404619
5706695033,7492fdab440c0f093ad9058d7337e3e9f2f5665a,1,False,Standard,data analyst,USA,Mid,Not specified,Missing,0,,True,True,False,False,False,False,False,127970.6,11.759563643283855
5706719218,fd85df1c7b4a6d1387e1c669226b3bfa07439187,1,False,Standard,data analyst,USA,Mid,Not specified,Missing,0,,True,True,False,False,False,False,False,105082.59,11.56251140766202
5706729105,8a571a65f03ca7d82eccad5238fc51bfb28f5d1b,1,False,Standard,data analyst,USA,Mid,Not specified,Missing,0,,True,True,False,False,False,False,False,131434.31,11.78627007039469
5706699104,7b1ee66f6850536bc5019df9cf564d09a66e3af7,1,False,Standard,data analyst,USA,Mid,Not specified,Missing,0,,True,True,False,False,False,False,False,140351.17,11.851910043017137
5706547940,f2bb36bd7f2026696a4bb0adfff5321dfdb0d130,1,False,Standard,data analyst,USA,Mid,Not specified,Missing,0,,True,True,False,False,False,False,False,112606.83,11.631666530458336
5706708257,4ea5676288cfd08f89c3a6868807c6607d890923,1,False,Standard,data analyst,USA,Mid,Not specified,Missing,0,,True,True,False,False,False,False,False,106317.83,11.574197688811903
5706686899,9d50be9466e919d9c4a3f2efc34586c1f3b41f37,1,False,Standard,data analyst,USA,Mid,Not specified,Missing,0,,True,True,False,False,False,False,False,132135.98,11.7915943907745
5692567133,ce3aa11c78778b0cca563ea690d97c31aab651ac,1,False,Standard,data analyst,USA,Mid,Not specified,Missing,1,,False,True,True,False,False,False,False,65439.26,11.088892944373871
5706719884,7c75670747592aab77c0ea63cad7d1e7be5bf7d9,1,False,Standard,data analyst,USA,Mid,Not specified,Missing,0,,True,True,False,False,False,False,False,96755.02,11.479947831178528
5706707000,22ae2d28e692b9a9c9217bf1098386f58769b119,1,False,Standard,data analyst,USA,Mid,Not specified,Missing,0,,True,True,False,False,False,False,False,138830.64,11.841017254967792
5706734835,7dc6a9aa3d344d08a1486639f822c34d95ed5d3f,1,False,Standard,data analyst,USA,Mid,Not specified,Missing,0,,True,True,False,False,False,False,False,104649.66,11.558383034591
5706708567,e5de3a8ce3db24137961206d0adb3f5fdf986d2e,1,False,Standard,data analyst,USA,Mid,Not specified,Missing,0,,True,True,False,False,False,False,False,110019.8,11.608424717808212
5706640283,70288e6dfa23440d7011839a4db53a8e63e9be50,1,False,Standard,data analyst,USA,Mid,Not specified,Missing,0,,True,True,False,False,False,False,False,86399.52,11.366748973292554
5706701022,18edb0d3ab3954484b29e2b8f5a9e232b4a06400,1,False,Standard,data analyst,USA,Mid,Not specified,Missing,0,,True,True,False,False,False,False,False,92461.84,11.434562113055781
5706697242,9c7447d164fd8ea196df598ae8685661eaa51f37,1,False,Standard,data analyst,USA,Mid,Not specified,Missing,0,,True,True,False,False,False,False,False,95186.96,11.463608742193141
5706697237,0baa6eefce1a09f4ae1f325717db511aed039f5b,1,False,Standard,data analyst,USA,Mid,Not specified,Missing,0,,True,True,False,False,False,False,False,103286.24,11.545269123760718
5706697142,041dedada91ffe0545d7e7511d811e2655f3f130,1,False,Standard,data analyst,USA,Mid,Not specified,Missing,0,,True,True,False,False,False,False,False,92215.44,11.43189370167573
5706546257,2a03c68a41e127a86d5b6b8f2fc386cf6e634162,1,False,Standard,data analyst,USA,Mid,Not specified,Missing,0,,True,True,False,False,False,False,False,100768.71,11.52059309342968
5706708120,e2ec1fb16cde83687409cdc7caec6b6ed1b76f1b,1,False,Standard,data analyst,USA,Mid,Not specified,Missing,0,,True,True,False,False,False,False,False,93720.25,11.448080230134153
5706734860,b8cd72034a1a24db8766b7bbf34cac6121eb4d79,1,False,Standard,data analyst,USA,Mid,Not specified,Missing,0,,True,True,False,False,False,False,False,115317.9,11.655456613031854
5706711525,002d3a6cbe2e61b15616113c43b73691b131fa65,1,False,Standard,data analyst,USA,Mid,Not specified,Missing,0,,True,True,False,False,False,False,False,114628.99,11.649464741871853
5706649212,34f3c0662131d0dec5f2b993a850d241bdab7dd6,1,False,Standard,data analyst,USA,Mid,Not specified,Missing,0,,True,True,False,False,False,False,False,122844.86,11.71868567774778
5706701402,6e8561f5ca2960aa5579a9a403a7daefc0649432,1,False,Standard,data analyst,USA,Mid,Not specified,Missing,0,,True,True,False,False,False,False,False,91956.38,11.429080487823144
5706735354,988cf61584d6b740e296e2f9876ab3eb30e34925,1,False,Standard,data analyst,USA,Mid,Not specified,Missing,0,,True,True,False,False,False,False,False,92576.89,11.435805623225951
5708879128,6a25946a10768e2abe48d9a99ec6b7adb3a1142b,1,False,Standard,data analyst,USA,Mid,Not specified,Missing,1,,False,True,True,False,True,False,False,79262.73,11.280535925944973
5703159248,1cf5a1c2bfc0e35984c6954063f6381735f38a39,1,False,Standard,data analyst,USA,Mid,Not specified,Missing,0,,False,True,False,False,False,False,False,120311.53,11.697848052814859
5708874155,a0bce714411510630d4e82d2ebca4ff71144f585,1,False,Standard,data analyst,USA,Mid,Not specified,Missing,3,,False,True,True,True,True,False,False,70459.95,11.162813934631473
5661008685,ad721f1055f717dae8370fc7e074f3fbc93c9c29,1,False,Standard,data analyst,USA,Mid,Not specified,Missing,0,,False,True,False,False,False,False,False,75666.5,11.234104020950644
5680850578,c889795688b94d0ff100d1e555cd65e49c3445fc,1,False,Standard,data analyst,USA,Mid,Not specified,Missing,1,,False,True,True,False,False,False,False,87108.88,11.374925589243398
5672584327,25672db74bdd5fb1b0487877e84b73c3914fc087,1,False,Standard,data analyst,USA,Mid,Not specified,Missing,3,,False,True,True,False,True,False,False,88962.59,11.395982463885987
5679849709,4878dd6c5b33ec60f04f7ecef6236df5e9be12e2,1,False,Standard,data analyst,USA,Mid,Not specified,Missing,0,,True,True,False,False,False,False,False,70593.94,11.164713749524715
5688078329,83fe1cad9482600d54358fe2670ba4b527dc89dd,1,False,Standard,data analyst,USA,Mid,Not specified,Missing,0,,False,True,False,False,False,False,False,128467.42,11.763438394358916
5679711397,46aa106a2d9e4ec55c2a8d85f69037fad6cbc3b8,1,False,Standard,data analyst,USA,Mid,Not specified,Missing,1,,False,True,True,False,False,False,False,70350.65,11.161261516425274
5704123104,7f20d730de628eb8d792ae4e21a0602ef07acf6c,1,False,Standard,data analyst,USA,Mid,Not specified,Missing,1,,False,True,True,False,False,False,False,72832.54,11.19593184237425
5694045055,d1f2b8c4a7804a78f28ecbb91daa1d28a93392b9,1,False,Standard,data analyst,USA,Mid,Not specified,Missing,0,,False,True,False,False,False,False,False,97009.94,11.482579034631094
5695317259,8b270f0d550529f46f7aceb28a3fb4b38342f617,1,False,Standard,data analyst,USA,Mid,Master,Missing,0,,False,True,False,False,False,False,False,76234.29,11.241579757825793
5661208693,6ddb60607929a631a0a58ae9ad9f5a5329bd75b5,1,False,Standard,data analyst,USA,Mid,Not specified,Missing,0,,False,True,False,False,False,False,False,55455.07,10.92334645477651
5704148895,7ed00387a846a4875307ab3078eca9d153ed1e0a,1,False,Standard,data analyst,USA,Mid,Not specified,Missing,0,,False,True,False,False,False,False,False,70366.35,11.161484656158574
5704136106,bdf2dc29e801cff215a9d71490e1a31bae16f94e,1,False,Standard,data analyst,USA,Mid,Master,Missing,0,,False,True,False,False,False,False,False,132869.28,11.79712859290608
5704148919,c8b608d38cbb42c7c32d95eaea57d53614a04a14,1,False,Standard,data analyst,USA,Mid,Master,Missing,0,,False,True,False,False,False,False,False,176170.64,12.079214026067843
5681952109,b8759ea04f9ae4c839c33cbd2087ae94ce5dd567,1,False,Standard,data analyst,USA,Mid,Not specified,Missing,0,,False,True,False,False,False,False,False,98546.46,11.498293538529794
5633668083,953aced2573912bc7e08299c26018690e05e2f19,1,False,Standard,data analyst,USA,Mid,Not specified,Missing,0,,False,True,False,False,False,False,False,166490.67,12.022700557121063
5707818027,bc2631fbb2570abad39f094fd9f455e0ec747a3c,2,False,Standard,data analyst,USA,Mid,Not specified,Missing,0,,False,True,False,False,False,False,False,113532.77,11.639855604689066
5671541608,04e2ea8d65bc69a8197c3fef500f660579f9b4e4,1,False,Standard,data analyst,USA,Mid,Not specified,Missing,1,,False,True,True,False,False,False,False,56389.25,10.940051550201579
5677555415,cc9455a6175d35a12957bd804f992358bfb491d7,1,False,Standard,data analyst,USA,Mid,Not specified,Missing,0,,False,True,False,False,False,False,False,116790.12,11.668142319088775
5710739907,c6ad77bf7316843051016fdadd0fe7ae5988f598,1,False,Standard,data analyst,USA,Mid,Not specified,Missing,0,,False,True,False,False,False,False,False,106929.35,11.57993296691471
5502409134,6c62adf7ca2de9f47b4d044d03f3a0738cdf5990,1,False,Standard,data analyst,USA,Mid,Not specified,Missing,0,,False,True,False,False,False,False,False,86751.98,11.370820048804118
5696251784,766ebfa86c30bdb245774382eb3cd982027beb07,1,False,Standard,data analyst,USA,Mid,Not specified,Missing,1,,False,True,True,False,True,False,False,81845.43,11.312599965476648
5696232032,64a647651720b234f8340f420804f7bb2cd7fd90,1,False,Standard,data analyst,USA,Mid,Not specified,3-5 years,2,3.0,False,False,True,False,True,False,False,87374.38,11.377968828596755
5614868020,bc2631fbb2570abad39f094fd9f455e0ec747a3c,2,False,Standard,data analyst,USA,Mid,Not specified,Missing,0,,False,True,False,False,False,False,False,94667.69,11.458138601486265
5707854289,9248d102d71c3613aa6594327194f285203231e8,1,False,Standard,data analyst,USA,Mid,Not specified,Missing,0,,True,True,False,False,False,False,False,62782.64,11.047449808963641
5680353169,4f4261c0867d9fa656e38e3feffe031021f2670d,1,False,Standard,data analyst,USA,Mid,Not specified,Missing,0,,False,True,False,False,False,False,False,119377.99,11.69005850130823
5680360681,3481e42207a89fbf76d1a2247165a9c85582bd05,1,True,Premium,data analyst,USA,Senior,Not specified,Missing,0,,False,True,False,False,False,False,False,110835.33,11.615809887638411
5680352968,de84d97db0241843027b7641b6daeee08406d006,1,False,Standard,data analyst,USA,Mid,Not specified,Missing,0,,False,True,False,False,False,False,False,102294.79,11.535623797622705
5680362715,1b3130de5f6fdebf6014b882861fd215befdad63,1,False,Standard,data analyst,USA,Mid,Not specified,Missing,0,,False,True,False,False,False,False,False,98328.85,11.496082922297598
5693877444,fe5f821908f0dd7cad9a1b3ab87d450b00547dd7,1,False,Standard,data analyst,USA,Mid,Not specified,Missing,0,,False,True,False,False,False,False,False,112375.21,11.629607539235419
5696124174,16281a8d39570e5e4f425fb69133b955d0e64f65,1,False,Standard,data analyst,USA,Mid,Not specified,Missing,0,,False,True,False,False,False,False,False,58720.77,10.980565805885876
5699547164,8fff20515d8dcdbfdfd65f3eca04773e61ddf3b3,1,False,Standard,data analyst,USA,Mid,Not specified,Missing,1,,False,True,True,False,False,False,False,115744.84,11.659152031777802
5680364538,438cf522c2eafac6791877550095b7aaf656db48,1,True,Premium,data analyst,USA,Senior,Not specified,Missing,0,,False,True,False,False,False,False,False,174332.36,12.06872460734261
5699375488,85b86b659f0949e5f2fa2b7b2487531b08855275,1,False,Standard,data analyst,USA,Mid,Not specified,Missing,1,,False,True,True,False,False,False,False,173689.31,12.065029164835458
5700641538,b6a0f02f47fc61b8926d052462427ea5162bb89b,1,True,Premium,data analyst,USA,Senior,Not specified,Missing,0,,False,True,False,False,False,False,False,142501.98,11.867118190752885
5680358785,6bdaf54935beb2a6836f693a3ec081519cbd8be5,1,False,Standard,data analyst,USA,Mid,Not specified,Missing,0,,False,True,False,False,False,False,False,107148.93,11.581984347611728
5707337965,f1e2017a31a172be62e46b97e1753afa1a90bbf6,1,False,Standard,data analyst,USA,Mid,Not specified,Missing,1,,True,True,True,False,False,False,False,60994.24,11.018551107323846
5680357033,8b8a47b5123ed69ac9528c60c17b452fe42b8344,1,True,Premium,data analyst,USA,Lead,Not specified,Missing,0,,True,True,False,False,False,False,False,136595.14,11.824783968032895
5680359307,5d1bf294fb01abb88c792f6c326af172903e0269,1,False,Standard,data analyst,USA,Mid,Not specified,Missing,0,,False,True,False,False,False,False,False,151631.83,11.929217285473618
5709439733,d9bba8fb246f805405d3faedb67fd87189841279,1,False,Standard,data analyst,USA,Mid,Not specified,Missing,0,,False,True,False,False,False,False,False,132605.84,11.795143939113913
5680364687,c32a30909a82abb62bbe18e5afaa27e2559ec624,1,False,Standard,data analyst,USA,Mid,Not specified,Missing,0,,False,True,False,False,False,False,False,137133.81,11.828719735583805
5680361259,e3cd25a409cb78a6ba5bf964bf7e72fd49a0e5a2,1,False,Standard,data analyst,USA,Mid,Not specified,Missing,0,,False,True,False,False,False,False,False,104983.83,11.561571142511495
5699165078,0ac602941d8c8580aab4a29ff5d2aee5494207f0,1,False,Standard,data analyst,USA,Mid,Bachelor,Missing,0,,False,True,False,False,False,False,False,115791.11,11.65955170708473
5696298679,51f20c6f859f7fe041e55695803c02ee6cd78cf3,1,False,Standard,data analyst,USA,Mid,Not specified,Missing,0,,False,True,False,False,False,False,False,55927.33,10.931826328617841
5703100727,e0971c49d40fd85406c917b53034471bbf6198a0,1,False,Standard,data analyst,USA,Mid,Master,Missing,0,,False,True,False,False,False,False,False,181859.31,12.11099414388639
5661008687,757f9c0cb43b5ac5876ad09b1bbb35f359449acc,1,False,Standard,data analyst,USA,Mid,Not specified,Missing,0,,False,True,False,False,False,False,False,87194.24,11.375905021251175
5700878173,7c715261bba42f4b57e0bb7214272f10467b1b1e,1,False,Standard,data analyst,USA,Mid,Not specified,Missing,0,,False,True,False,False,False,False,False,97883.31,11.491541550097581
5530424240,0b43f667ed29c32c4ebffd7f40e701f7672dc5e6,1,True,Premium,data analyst,USA,Senior,Not specified,Missing,0,,False,True,False,False,False,False,False,110438.71,11.612225040180448
5708845758,6b487ca8c52bc26da74eeda5086182393d50778d,1,False,Standard,data analyst,USA,Mid,Not specified,Missing,1,,False,True,True,False,False,False,False,147689.62,11.902874959393804
5704881767,510e7bb36b886e25899489706ceda5fcea0327a5,1,True,Premium,data analyst,USA,Senior,Not specified,Missing,0,,False,True,False,False,False,False,False,86795.02,11.371316047062619
5584973425,edda7d20a60ac484f9c7990a4e74e81ca185ff32,1,True,Premium,data analyst,USA,Lead,Not specified,Missing,0,,False,True,False,False,False,False,False,100774.57,11.520651244134093
5710665539,3396de77a4a023706040a1ee59722db9f73537a5,1,False,Standard,data analyst,USA,Mid,Not specified,Missing,1,,False,True,True,False,False,False,False,191510.3,12.162702093694842
5699420485,f6b3075822042e07c2e2cb33e7e0125ddc4e846f,1,False,Standard,data analyst,USA,Mid,Not specified,Missing,0,,False,True,False,False,False,False,False,198408.05,12.198086087711935
5697270231,f5bdd761df36bb17ccd3523d7cfed6f22cf932f3,1,False,Standard,data analyst,USA,Mid,Not specified,Missing,0,,False,True,False,False,False,False,False,86974.24,11.37337875942996
5703642151,d1ffe6cac9a1157ca9a1279941e2eae9c844ae80,1,True,Premium,data engineer,USA,Lead,Not specified,Missing,0,,False,True,False,False,False,False,False,128500.0,11.763691965388299
5703990848,98fe318e2b29a4f08ca886e3fbce64aae4614432,1,True,Premium,data engineer,USA,Lead,Not specified,Missing,0,,False,True,False,False,False,False,False,128500.0,11.763691965388299
5680352019,1d0def22bc203ec16ce41e2a59360dee158d93e4,1,False,Standard,data engineer,USA,Mid,Not specified,Missing,0,,False,True,False,False,False,False,False,115727.96,11.659006184367804
5709765757,ec8e86695402a02301e6673b2766db83d4045573,1,False,Standard,data engineer,USA,Mid,Not specified,Missing,1,,False,True,True,False,False,False,False,177453.52,12.086469629714172
5680352788,29f02e6d540777f54be0d4fe289355ef778298d8,1,False,Standard,data engineer,USA,Mid,Not specified,Missing,1,,False,True,True,False,False,False,False,129863.42,11.774246262138103
5680355924,ef7446fab803128b1d6b4df64ec873983a0e832d,1,False,Standard,data engineer,USA,Mid,Not specified,Missing,1,,False,True,True,False,False,False,False,230509.92,12.348053515567818
5698416782,9b0ab0e0ab85b6b12b350457c465e6d76b1fda7c,1,False,Standard,data engineer,USA,Mid,Not specified,Missing,1,,False,True,True,False,False,False,False,141398.42,11.859343930597442
5689328813,c748f54da08b68708e203a5b914a243cb33e0ff3,1,False,Standard,data engineer,USA,Mid,Not specified,Missing,1,,False,True,True,False,False,False,False,149875.27,11.91756536602202
5701275083,cc6b8e6748a12eeeae6293c902b9ea3afceb009d,1,False,Standard,data engineer,USA,Mid,Not specified,Missing,0,,False,True,False,False,False,False,False,80767.1,11.299337364574168
5680352971,2eac63433a29676899d27bf64673ab92d21e5259,1,False,Standard,data engineer,USA,Mid,Not specified,Missing,1,,False,True,True,False,False,False,False,127148.0,11.753114906092637
5680355867,287a64c3c22e22aac303b5d0c4b913bb2d980fa0,1,False,Standard,data engineer,USA,Mid,Not specified,Missing,1,,False,True,True,False,False,False,False,163783.06,12.006304131868497
5680364972,a01c5c36ab9cb8617b1b4be63bf00cc7659089a0,1,False,Standard,data engineer,USA,Mid,Not specified,Missing,1,,False,True,True,False,False,False,False,141000.77,11.856527722473004
5680362931,62fa64a9380f6bcc2ef80c1286c1b7d06a1d3bd5,1,False,Standard,data engineer,USA,Mid,Not specified,Missing,1,,False,True,True,False,False,False,False,239619.7,12.386812535481669
5680361307,c04a9f3411546bff925564a0174286fc4f4efd18,1,False,Standard,data engineer,USA,Mid,Not specified,Missing,0,,False,True,False,False,False,False,False,105277.39,11.56436345388902
5684616538,331bf637525cc089f14ca0c817c9adf154c7dddd,1,False,Standard,data engineer,USA,Mid,Not specified,Missing,0,,False,True,False,False,False,False,False,74281.78,11.215634440722152
5702059717,e1faec05a947a60e5a6a6bfcdfa0fa14038db9fc,1,False,Standard,data engineer,USA,Mid,Not specified,0-2 years,1,2.0,False,False,True,True,False,False,False,164611.42,12.011349020028533
5680364899,1667c9373ad85cea07a360b7b62dd42471ff8018,1,False,Standard,data engineer,USA,Mid,Not specified,Missing,0,,False,True,False,False,False,False,False,176281.23,12.07984156920493
5700648046,b0f0fb27069a1c4cf8b50a673401bf8f2a29cdb6,1,False,Standard,data engineer,USA,Mid,Not specified,Missing,0,,False,True,False,False,False,False,False,169770.53,12.042208870957037
5707337200,f3e5bbe60d487cb59b8c3d1ccac70649cb671c21,1,False,Standard,data engineer,USA,Mid,Not specified,Missing,1,,False,True,True,False,True,False,False,166279.48,12.021431280059545
5703426322,6b149b8214b1de52675be3a03ed63dd3d2c8ca85,1,False,Standard,data engineer,USA,Mid,Not specified,Missing,0,,True,True,False,False,False,False,False,125706.72,11.741714808762458
5707636376,3fc8332eb1159cbb32a1290182156686b0720b37,1,False,Standard,data engineer,USA,Mid,Not specified,Missing,1,,False,True,True,False,False,False,False,128489.35,11.763609083221205
5709270093,f2824305cd7b2e4c491333bf57fdbff4023adc9d,1,False,Standard,data engineer,USA,Mid,Not specified,Missing,1,,False,True,True,False,False,False,False,120755.46,11.701531069048604
5683305779,4aff1197651da11a0e3010fca4c21ae0df40dc2e,1,False,Standard,data engineer,USA,Mid,Not specified,Missing,0,,False,True,False,False,False,False,False,147381.36,11.900785577220331
5685926841,900675dda40efcce2d67e2cf22ee76eda4aa1be6,1,False,Standard,data engineer,USA,Mid,Not specified,Missing,2,,False,True,True,False,True,False,False,123325.42,11.722589940327156
5680364897,12464b3193378247285d3b84ddf2fad3eafe60e2,1,False,Standard,data engineer,USA,Mid,Not specified,Missing,0,,False,True,False,False,False,False,False,172964.16,12.060845465915538
5707636358,5023ac51979c985a8c1ac938445f5480d1cd6f32,1,False,Standard,data engineer,USA,Mid,Not specified,Missing,1,,False,True,True,False,False,False,False,175846.52,12.07737253487405
5708067729,2b653304cdcbfb35fef21ac92b5b42c2801c4452,1,False,Standard,data engineer,USA,Mid,Not specified,Missing,0,,False,True,False,False,False,False,False,120472.04,11.699181272440729
5680361378,9ece6a0d96d833cd0494345c8908c6ad1c3ed257,1,False,Standard,data engineer,USA,Mid,Not specified,Missing,0,,False,True,False,False,False,False,False,244617.64,12.40745570538237
5710166123,6a65091dd5925076603a8f4f65112f0fb6531cc5,1,False,Standard,data engineer,USA,Mid,Not specified,Missing,0,,True,True,False,False,False,False,False,265379.56,12.488920150269827
5690261390,48fbd339d21467ac79c4a5d79a7a75ee396dffaf,1,False,Standard,data engineer,USA,Mid,Not specified,Missing,1,,False,True,True,False,False,False,False,163917.77,12.007126279224307
5688023332,53f033606e7f3e8a9d836b64bc658bb4f41091ce,1,False,Standard,data engineer,USA,Mid,Not specified,Missing,2,,False,True,True,True,True,False,False,173481.22,12.063830394731616
5680355915,3feff3534abb3f3672fc5b0bd0956f0284a6d1e8,1,False,Standard,data engineer,USA,Mid,Not specified,Missing,1,,False,True,True,False,False,False,False,186274.27,12.134980804890748
5680357094,01ec49e9d5ac32fc9c2f68bc8dfc47b83c02fc27,1,False,Standard,data engineer,USA,Mid,Not specified,Missing,0,,False,True,False,False,False,False,False,131025.83,11.783157390373061
5709764569,403f16992731254b71dbdbcb328584ab8fdceadc,1,False,Standard,data engineer,USA,Mid,Not specified,Missing,1,,False,True,True,False,False,False,True,122207.79,11.713486254392931
5694993268,a21e04d747b96df3d0cf77195dab3c3334a2e486,1,False,Standard,data engineer,USA,Mid,Not specified,Missing,2,,False,True,True,False,True,False,True,125150.26,11.737278364727738
5699554282,e9cde7f494554f97b15c052340b14e4ebb277f74,1,False,Standard,data engineer,USA,Mid,Not specified,Missing,1,,False,True,True,False,False,True,False,229454.95,12.343466351062268
5700377638,fb540deab44642435b45a93ef41fb8413a9728ad,1,False,Standard,data engineer,USA,Mid,Not specified,Missing,0,,False,True,False,False,False,False,False,133239.42,11.799910444509193
5708798511,8f02a06e44c2d8d83848a72cc20d15f2ff224d97,1,False,Standard,data engineer,USA,Mid,Master,6-10 years,0,10.0,False,False,False,False,False,False,False,117268.8,11.672232541987638
5707334160,8268c39e3e969d8d85fbef25613f4ac9243ccadb,1,False,Standard,data engineer,USA,Mid,Not specified,Missing,1,,False,True,True,False,False,False,False,128467.91,11.76344220851858
5707343185,4d83005e256537daaecdc1cde7a0589c7e98953b,1,False,Standard,data engineer,USA,Mid,Not specified,Missing,1,,False,True,True,False,False,False,False,144597.33,11.881715039539142
5698915642,c4255c0571b1dae74ab7fbea3c50981a535113f1,1,False,Standard,data engineer,USA,Mid,Not specified,Missing,0,,True,True,False,False,False,False,False,106357.17,11.574567639492502
5707343544,90cac07c2c6d19966056b94df55809f35a2ae2a3,1,False,Standard,data engineer,USA,Mid,Not specified,Missing,0,,False,True,False,False,False,False,False,128523.05,11.763871325338325
5689174946,93e35ee083b4243f5f7120f2b51cf4fdaabee411,1,False,Standard,data engineer,USA,Mid,Master,Missing,1,,False,True,True,False,False,False,False,105905.35,11.570310492020353
5708446468,538979d4ccad117f886a31b2091336fd8731665d,1,False,Standard,data engineer,USA,Mid,Master,6-10 years,0,10.0,False,False,False,False,False,False,False,84922.88,11.349510604834668
5680362292,c032b3fbbcc6c9fe797cf77665b673870c12ee3f,1,False,Standard,data engineer,USA,Mid,Not specified,Missing,0,,False,True,False,False,False,False,False,120868.84,11.702469543116381
5680357598,1348ec6aa4eb0524a079fd948be34268b7159b4c,1,False,Standard,data engineer,USA,Mid,Not specified,Missing,1,,False,True,True,False,False,False,False,57079.26,10.952213626590911
5680359122,9097082172c599a88c5e54138d3f593b6510a63e,1,True,Premium,data engineer,USA,Lead,Not specified,Missing,1,,False,True,True,False,False,False,False,122768.03,11.718060064190672
5680353034,a3f63e1b373b109bffc148ca5529e5fe7f624979,1,False,Standard,data engineer,USA,Mid,Not specified,Missing,0,,False,True,False,False,False,False,False,145204.53,11.885905466047051
5680356347,514c947e102d639bf706603ad4baed64f347f647,1,True,Premium,data engineer,USA,Senior,Not specified,Missing,0,,True,True,False,False,False,False,False,146648.52,11.895800801301025
5707640907,9356ca229727dcd30d4cc9328f6e00b2da026258,1,False,Standard,data engineer,USA,Mid,Not specified,Missing,1,,False,True,True,False,False,False,False,57767.35,10.964196326830292
5693889226,1888d1a48fcad2b84f5c3511bb1630d979b081bc,1,False,Standard,data engineer,USA,Mid,Not specified,Missing,0,,False,True,False,False,False,False,False,270435.2,12.507791489930034
5680360339,91b32a40fb3c05a2166aba2531eda585f232ae1e,1,False,Standard,data engineer,USA,Mid,Not specified,Missing,1,,False,True,True,False,False,False,False,93537.2,11.446125187990171
5703153630,4b7d2d8f9ddc57383748c5a97effa471c137aea0,1,True,Premium,data engineer,USA,Senior,Not specified,Missing,0,,False,True,False,False,False,False,False,134117.66,11.806480209477465
5680352984,d212befb6fd971499280c3f586f553421a2283bd,3,True,Premium,data engineer,USA,Lead,Not specified,Missing,0,,False,True,False,False,False,False,False,203131.94,12.221615920532944
5680362902,e7372fc53b3bbd2bb5d798a16fc465638784969c,1,True,Premium,data engineer,USA,Senior,Not specified,Missing,1,,False,True,True,False,False,False,False,144062.72,11.878010980683884
5701350030,cb660eedf4c0b22debe23107fa8aa2d170ce18a4,1,False,Standard,data engineer,USA,Mid,Not specified,Missing,0,,False,True,False,False,False,False,False,205836.72,12.234843370329958
5680359390,afa482c2bccd70ef4967aeac3dd8f358f6a3571b,1,False,Standard,data engineer,USA,Mid,Not specified,Missing,0,,False,True,False,False,False,False,False,173262.14,12.062566758331972
5689728606,179f175d374ab1477612dad0a0dfec85d378fb75,1,True,Premium,data engineer,USA,Lead,Not specified,Missing,1,,False,True,True,False,False,False,False,167806.88,12.030575032580087
5687914544,ec4069b4565cceec07f0e8532cecd004e885fee5,1,True,Premium,data engineer,USA,Senior,Not specified,Missing,0,,False,True,False,False,False,False,False,135720.86,11.818362923490376
5680357204,62dd908da56eb907a45fc6b3ee50503ad29b31de,1,True,Premium,data engineer,USA,Senior,Not specified,Missing,0,,False,True,False,False,False,False,False,139580.6,11.846404655465752
5680352972,d212befb6fd971499280c3f586f553421a2283bd,3,True,Premium,data engineer,USA,Lead,Not specified,Missing,0,,False,True,False,False,False,False,False,191532.03,12.162815553147555
5696124198,217e22b83bfa550503b6bfeacc93bd1ece8be800,1,False,Standard,data engineer,USA,Mid,Not specified,Missing,0,,False,True,False,False,False,False,False,166844.33,12.024822494575949
5708166525,552afe3dcd61e06413b2e2bc9b15b809c8798b34,1,True,Premium,data engineer,USA,Senior,Not specified,Missing,1,,False,True,True,False,False,False,False,101346.38,11.526309300534656
5680357441,d028d61f2f8b2815fddb2e1242f174f941ae2624,1,True,Premium,data engineer,USA,Senior,Not specified,Missing,1,,False,True,True,False,False,False,False,101666.42,11.529462176730052
5698416787,ee3f265267701a30c82e66719ffe9ddc36ee850e,1,False,Standard,data engineer,USA,Mid,Not specified,Missing,0,,False,True,False,False,False,False,False,107743.14,11.587514621336256
5680352766,261d88e865ed75c6bcf59e60837ac23ba7bbdca2,1,False,Standard,data engineer,USA,Mid,Not specified,Missing,0,,False,True,False,False,False,False,False,136337.84,11.82289853673917
5691374968,b90ffe941596bdd69b0d86a2991b1e1f4277407f,1,False,Standard,data engineer,USA,Mid,Not specified,Missing,0,,False,True,False,False,False,False,False,206402.45,12.237588027566128
5693861037,e92009eff7e49ba9e7a3e770c28b656f3f03ea7b,1,False,Standard,data engineer,USA,Mid,Not specified,Missing,1,,False,True,True,False,False,False,False,127827.04,11.758441202180558
5704058740,49614f962d59f7c46023e862925b3d332c214b8f,1,False,Standard,data engineer,USA,Mid,Not specified,Missing,0,,False,True,False,False,False,False,False,219459.61,12.298928042090731
5699547543,3b0479a578f8e2b8a788b56f8d83b069e516f379,1,False,Standard,data engineer,USA,Mid,Not specified,Missing,0,,False,True,False,False,False,False,False,176033.1,12.078433005253181
5680356580,d4efc84cf6f131fa56f628bbcaeeed59a03f8b1c,1,True,Premium,data engineer,USA,Lead,Not specified,3-5 years,3,5.0,False,False,True,True,False,True,True,150148.38,11.919385944198822
5680364388,01d5b7052db7c7319c388976fe9a32d3c79cc233,1,True,Premium,data engineer,USA,Senior,Not specified,Missing,0,,True,True,False,False,False,False,False,185312.16,12.129802429719273
5684622906,189acccda1d3926a1399189938b2a21c77013b7f,1,True,Premium,data engineer,USA,Senior,Not specified,Missing,1,,False,True,True,False,True,False,False,138456.86,11.83832129838529
5684620317,376cd40f8ba727f99abaf34173a553e7d1ab5757,1,True,Premium,data engineer,USA,Lead,Not specified,Missing,0,,False,True,False,False,False,False,False,170385.27,12.045823315013632
5684617242,d212befb6fd971499280c3f586f553421a2283bd,3,True,Premium,data engineer,USA,Lead,Not specified,Missing,0,,False,True,False,False,False,False,False,160245.72,11.984469906554724
5680364857,c449b66e6195636355e5303ae19b6556178ae158,1,False,Standard,data engineer,USA,Mid,Master,Missing,0,,False,True,False,False,False,False,False,122813.46,11.7184300402059
5688208680,3d6ce3b338f9a97e03b60efb78915dd62975f974,1,False,Standard,data engineer,USA,Mid,Not specified,Missing,1,,False,True,True,False,False,False,True,184348.84,12.12459053574762
5680363023,43e430405244ffd174f92a64e5a501492b92ec40,1,True,Premium,data engineer,USA,Lead,Not specified,Missing,0,,False,True,False,False,False,False,False,122458.86,11.71553858180085
5700859671,1561f87c8d2b47dd71fe99a3fc680564de890244,1,True,Premium,data engineer,USA,Senior,Not specified,Missing,0,,False,True,False,False,False,False,False,174816.67,12.071498824051153
5709766420,232ff73b7c5aada7236cf4c1fe5a8ae448225270,1,False,Standard,data engineer,USA,Mid,Not specified,Missing,0,,False,True,False,False,False,False,False,346485.12,12.755598039089705
5691582989,b13feb67ce6a8f07a0aa706a1268c3e69dce6b1a,1,True,Premium,data engineer,USA,Senior,Not specified,Missing,2,,False,True,True,True,True,False,False,122771.54,11.718088654054297
5680355273,d018781af396437ebeb18019cf14b11d5a45bf39,1,False,Standard,data engineer,USA,Mid,Not specified,Missing,2,,False,True,True,True,True,False,False,108445.57,11.59401288827676
5700295297,438fc487145a648b7e6558e96c51bfbde7b6c6e5,1,True,Premium,data engineer,USA,Lead,Not specified,Missing,0,,False,True,False,False,False,False,False,234419.66,12.364872472732639
5707341313,6b416f33cdb811962895324cfbfc210d94cc5302,1,False,Standard,data engineer,USA,Mid,Not specified,Missing,0,,False,True,False,False,False,False,False,211876.27,12.263762470923766
5700295522,b62d6d05471ea6e9e73b15f5b74468f0c40d1280,1,True,Premium,data engineer,USA,Lead,Not specified,Missing,0,,False,True,False,False,False,False,False,203304.44,12.222464757743433
5680356554,ebab55fc882c31821c6f51e278206bfe71cb9f1d,1,False,Standard,data engineer,USA,Mid,Not specified,Missing,0,,False,True,False,False,False,False,False,143458.39,11.873807277615063
5680353278,34f660298396b57668d46bad6b9e1dd600d373b4,1,False,Standard,data engineer,USA,Mid,Not specified,Missing,0,,False,True,False,False,False,False,False,166660.17,12.023718108192368
5680353277,d3bde0e6aab8762f340073b9de4fd94a1c3d3f8d,1,False,Standard,data engineer,USA,Mid,Not specified,Missing,0,,False,True,False,False,False,False,False,160946.11,11.988831080678825
5707343957,0ef5a75afc3ad4ae8a7bc24c7b9eb8cac570107d,1,False,Standard,data engineer,USA,Mid,Not specified,Missing,0,,False,True,False,False,False,False,False,229374.66,12.343116375171029
5707371140,88e70547bdd19027c00a0d55297bdef95b40ef1b,1,False,Standard,data engineer,USA,Mid,Bachelor,Missing,3,,False,True,True,True,True,True,False,145693.9,11.889269988138953
5686291227,82900bbd7e77d9f19bbc958d5667a0c7c6a872dc,1,True,Premium,data engineer,USA,Senior,Not specified,Missing,0,,False,True,False,False,False,False,False,97921.5,11.491931628465993
5698520973,e60e1e002fe287465221e3bccfc19ec43145e836,1,False,Standard,data engineer,USA,Mid,Not specified,Missing,0,,False,True,False,False,False,False,False,105950.2,11.57073388972952
5687131324,6036318267143760d5025e9702aa0d4c6f67895c,1,False,Standard,data engineer,USA,Mid,Not specified,Missing,0,,False,True,False,False,False,False,False,173523.42,12.06407361774434
5707842797,35dea2647edc41d2f9e4f9e37700c6c40a3fbec2,1,True,Premium,data engineer,USA,Senior,Not specified,Missing,3,,False,True,True,True,True,True,False,128922.39,11.766973630960635
5691607081,1c69d8fe709e803a9641150319106e62b1ebfd65,1,True,Premium,data engineer,USA,Senior,Not specified,Missing,0,,False,True,False,False,False,False,False,103232.67,11.544750338508402
5687912149,6252d65d2d64be42dcb6ce72390f3774e91a6f04,1,True,Premium,data engineer,USA,Senior,Not specified,Missing,0,,False,True,False,False,False,False,False,120937.55,11.703037844339091
5697047096,489de876e06ab7d6660b859331e417dc55c50f3f,1,True,Premium,data engineer,USA,Senior,Not specified,Missing,1,,False,True,True,False,False,False,False,221166.52,12.306675702405899
5699374220,7bc845b8da1dfa33cd22766c9b527ab2097db03c,1,False,Standard,data engineer,USA,Mid,Not specified,Missing,1,,False,True,True,False,False,False,True,176336.89,12.080157263048278
5701874858,ea93eb2d468442689db87211aa346857358f75c4,1,False,Standard,data engineer,USA,Mid,Not specified,Missing,1,,False,True,True,False,False,False,True,191338.33,12.161803727605875
5688086576,2c36d6853ddb13210795358b99794cc24804d157,1,False,Standard,data engineer,USA,Mid,Not specified,Missing,0,,False,True,False,False,False,False,False,103209.64,11.544527227490274
5691578827,227bd79cea0047107b9fb0c2b50fd898590a624a,1,True,Premium,data engineer,USA,Senior,Not specified,Missing,0,,False,True,False,False,False,False,False,147212.52,11.899639328885247
5680361244,c89a5740e2b284b08277bc34816018538e48066c,1,False,Standard,data engineer,USA,Mid,Not specified,Missing,0,,True,True,False,False,False,False,False,146703.9,11.896178365072915
5698520981,95c90b7b4928fdc103a25c267ac9deb77adf6998,1,False,Standard,data engineer,USA,Mid,Not specified,Missing,2,,False,True,True,True,False,True,False,100763.91,11.52054545893392
5691577849,31301b40fc013c7aec6c20eac029acf12593addc,1,True,Premium,data engineer,USA,Senior,Not specified,Missing,2,,True,True,True,True,True,False,False,105956.47,11.570793066166255
5680356657,cdf2ee3df4140eefd741ef6b879397bc44f2d049,1,False,Standard,data engineer,USA,Mid,Not specified,Missing,0,,False,True,False,False,False,False,False,167972.75,12.031562996177094
5688103089,a184b5645bb46a9b4abba3cd4677e08b9c685d24,1,False,Standard,data engineer,USA,Mid,Not specified,Missing,0,,False,True,False,False,False,False,False,179230.48,12.096433433737719
5700678166,7706c0b20eb90f4827f646990d953360c84523a0,1,False,Standard,data engineer,USA,Mid,Not specified,Missing,0,,False,True,False,False,False,False,False,130244.31,11.777174951289778
5696376816,4594c7094d07c16b8a508fcf0ca3d922fc3907be,1,False,Standard,data engineer,USA,Mid,Not specified,Missing,0,,True,True,False,False,False,False,False,166097.53,12.020336445471917
5699593674,919b3ad099e80c63e9fbb01958623961637de514,1,False,Standard,data engineer,USA,Mid,Not specified,Missing,0,,False,True,False,False,False,False,False,117179.48,11.67147058935255
5679832654,27b7d3e5836e162c941e9c96d580e5ac78c14356,1,False,Standard,data engineer,USA,Mid,Not specified,Missing,0,,False,True,False,False,False,False,False,110453.66,11.612360398994914
5700899868,8d2eddeb3f7afb39a9687add0362ffbd062feb6c,1,False,Standard,data engineer,USA,Mid,Not specified,Missing,0,,False,True,False,False,False,False,False,91945.94,11.428966950522756
5690231397,452a2cfe5d1a16903e6e960a57fab8ce73fcdca2,1,False,Standard,data engineer,USA,Mid,Not specified,Missing,0,,False,True,False,False,False,False,False,116130.17,11.662475607105094
5468735817,0c5c4b18b22b1f18f164c69312d2a6e057f86cc9,1,False,Standard,data engineer,USA,Mid,Bachelor,Missing,0,,False,True,False,False,False,False,False,133508.05,11.801924544786958
5690324422,a686f087268fe7ba2b4057d461f7d9022a315089,1,False,Standard,data engineer,USA,Mid,Not specified,Missing,1,,False,True,True,False,False,False,False,139544.25,11.846144200405945
5695109527,4dc107ee47a5cb906b37a4876524af8d0efc5f45,1,False,Standard,data engineer,USA,Mid,Not specified,Missing,1,,False,True,True,False,False,False,False,157151.84,11.96497411396824
5699418074,6bc0f3a9088b0bf2d3fdf8993b474bcf05fa9458,1,False,Standard,data engineer,USA,Mid,Not specified,Missing,0,,False,True,False,False,False,False,False,274666.66,12.523317136721813
5694045057,4d3d5cd272b38bfa2b52ea72fd4486fedc6cb4ea,1,False,Standard,data engineer,USA,Mid,Not specified,Missing,0,,False,True,False,False,False,False,False,115998.23,11.661338832135437
5700889858,83ab47ea98ea3c1128c36691d8f03cb30f8c4144,1,False,Standard,data engineer,USA,Mid,Not specified,Missing,0,,False,True,False,False,False,False,False,91866.79,11.428105757245245
5710746863,954ea9dfde1cbfc62be332a15f13a3b2c02d5de4,1,False,Standard,data engineer,USA,Mid,Not specified,Missing,0,,False,True,False,False,False,False,False,197477.58,12.193385401745367
5707858016,54b5032fea6bd53ee2c38da3646d5eb051ba6d8c,1,False,Standard,data engineer,USA,Mid,Not specified,Missing,0,,False,True,False,False,False,False,False,96136.48,11.473534529329921
5708901550,714889287f5c4bbfd983d5f2a4711a1665ad5c7d,1,False,Standard,data engineer,USA,Mid,Not specified,Missing,0,,False,True,False,False,False,False,False,119110.75,11.68781740706825
5654504748,c2ffd5383915db7339acb528abdd625c1f465261,1,False,Standard,data engineer,USA,Mid,Not specified,Missing,0,,False,True,False,False,False,False,False,118250.11,11.6805656932023
5599646582,a7ec59edba033e5b1efa2a0733594f5e1104b816,1,False,Standard,data engineer,USA,Mid,Not specified,Missing,1,,False,True,True,False,False,True,False,119649.37,11.692329185684434
5355535980,076851c5cb01f691f7c68915262466a23db2908b,1,False,Standard,data engineer,USA,Mid,Not specified,Missing,0,,True,True,False,False,False,False,False,101438.44,11.527217249151082
5690882189,b7fb35628285984d518a9aa0eb2884ce64e7bb6a,1,False,Standard,data engineer,USA,Mid,Not specified,Missing,0,,False,True,False,False,False,False,False,144313.27,11.879748631071442
5363487926,2fc852b5873aafbb43246fc80e2496b76ce97c72,1,False,Standard,data engineer,USA,Mid,Not specified,Missing,2,,False,True,True,False,True,True,False,238272.5,12.381174452538923
5509820018,19d28596793590db756ea21bc6ebafad8092269d,1,False,Standard,data engineer,USA,Mid,Not specified,Missing,0,,False,True,False,False,False,False,False,172888.78,12.060409560612618
5577019190,13ddf93f112583e5c50848957ae8e109c9b203c4,1,False,Standard,data engineer,USA,Mid,Not specified,Missing,2,,False,True,True,True,True,False,False,167755.03,12.030266000536606
5577320564,19d6358e05a77182e4795bf71b094132a9ce6bc8,1,False,Standard,data engineer,USA,Mid,Not specified,Missing,2,,False,True,True,True,True,False,False,115226.11,11.654660329419311
5577018081,1c895a5b6ba56b10e7415b06034bf6dd38dbda42,1,False,Standard,data engineer,USA,Mid,Not specified,Missing,2,,False,True,True,True,True,False,False,139661.67,11.846985294074937
5577148160,6d2536f4f0efaab83fee9701ff4c532fb8d22def,1,False,Standard,data engineer,USA,Mid,Not specified,Missing,2,,False,True,True,True,True,False,False,116719.86,11.66754055122984
5577010329,cc4736509ff38d3e92081a2e382d6c0cb538d18a,1,False,Standard,data engineer,USA,Mid,Not specified,Missing,2,,False,True,True,True,True,False,False,101000.58,11.522891439265393
5576996901,0e524e72bc511b49f47a475ca0e99c146beccee4,1,False,Standard,data engineer,USA,Mid,Not specified,Missing,2,,False,True,True,True,True,False,False,110131.07,11.609435560950748
5577012093,2c6038df057fe74568dcb7877972eea1a1f350dc,1,False,Standard,data engineer,USA,Mid,Not specified,Missing,2,,False,True,True,True,True,False,False,112440.6,11.63018925473068
5577011543,7f5e98a35c8a7e0333a47dfb4dcbf77f8f0dac91,1,False,Standard,data engineer,USA,Mid,Not specified,Missing,2,,False,True,True,True,True,False,False,110691.14,11.61450811346589
5576764105,5561fbe90b7c6a41ee9830a2f4b52eb0883b4610,1,False,Standard,data engineer,USA,Mid,Not specified,Missing,2,,False,True,True,True,True,False,False,139512.19,11.845914427745127
5576992802,e48d66ef554fe705e86e4373ecc649d48cf82be1,1,False,Standard,data engineer,USA,Mid,Not specified,Missing,2,,False,True,True,True,True,False,False,152342.94,11.933896006793068
5577012772,fe662473704f963d4d121f2fc96fc5c1b76e5dd6,1,False,Standard,data engineer,USA,Mid,Not specified,Missing,2,,False,True,True,True,True,False,False,122643.05,11.717041536483798
5577043941,23c02a0b07a9adce83cfa64b77fb02b20f01fbd8,1,False,Standard,data engineer,USA,Mid,Not specified,Missing,2,,False,True,True,True,True,False,False,127353.09,11.754726596107044
5577022480,37963820459da79366ba903bfbc6003cc5a54150,1,False,Standard,data engineer,USA,Mid,Not specified,Missing,2,,False,True,True,True,True,False,False,117515.1,11.674330624456388
5577025286,1da5f07bf6a8be574409acac37d5c0cf74723cf2,1,False,Standard,data engineer,USA,Mid,Not specified,Missing,2,,False,True,True,True,True,False,False,159635.45,11.98065432138096
5577015333,7d0a855439aecf7a7e74b0f16fdaf5db99be09ae,1,False,Standard,data engineer,USA,Mid,Not specified,Missing,2,,False,True,True,True,True,False,False,119286.04,11.689287968488376
5577022475,4909f3b309552afa315e4e077c8d47ad875edc92,1,False,Standard,data engineer,USA,Mid,Not specified,Missing,2,,False,True,True,True,True,False,False,126863.97,11.75087857146605
5577009269,f71c8f2e532933a78f9f1f7b07ea7fc0ad42e0c8,1,False,Standard,data engineer,USA,Mid,Not specified,Missing,2,,False,True,True,True,True,False,False,128083.78,11.76044766739894
5577065133,7dc227a125a770cbcd224fb68a3e2ecd798ebd37,1,False,Standard,data engineer,USA,Mid,Not specified,Missing,2,,False,True,True,True,True,False,False,108691.16,11.596274945393164
5577065907,a28e24b7bbccdf8ac7dc1a253875722d949191a0,1,False,Standard,data engineer,USA,Mid,Not specified,Missing,2,,False,True,True,True,True,False,False,143086.88,11.87121426594086
5577009295,11ddd386c35fc5e7890abaccfab3ced240101200,1,False,Standard,data engineer,USA,Mid,Not specified,Missing,2,,False,True,True,True,True,False,False,139224.3,11.843848763240967
5577318516,87d2f34c96f06adedb05de3497208d0a0ed249d3,1,False,Standard,data engineer,USA,Mid,Not specified,Missing,2,,False,True,True,True,True,False,False,116770.3,11.667972600004278
5577020422,24ad38b88fffa9ddc8463709817060ae77e16704,1,False,Standard,data engineer,USA,Mid,Not specified,Missing,2,,False,True,True,True,True,False,False,120823.2,11.70209187554508
5577016611,2324ead0ae57818006166e1a90778f4d7707ae57,1,False,Standard,data engineer,USA,Mid,Not specified,Missing,2,,False,True,True,True,True,False,False,133626.14,11.802808663166367
5576997762,fd9391e45a8649d388249e96a103a4cda4757099,1,False,Standard,data engineer,USA,Mid,Not specified,Missing,2,,False,True,True,True,True,False,False,112896.83,11.634238529403877
5577148660,038fc84bf65b4634c08752f25f40c40f32eef83d,1,False,Standard,data engineer,USA,Mid,Not specified,Missing,2,,False,True,True,True,True,False,False,170976.12,12.049285025363032
5576992688,557b71b248f11658d122cabd8c1b1dfdcf8eae3d,1,False,Standard,data engineer,USA,Mid,Not specified,Missing,2,,False,True,True,True,True,False,False,104937.78,11.561132411482253
5577012116,a1345d219820cea1af977ea2f7b6aac897b5f3a0,1,False,Standard,data engineer,USA,Mid,Not specified,Missing,2,,False,True,True,True,True,False,False,111686.94,11.623464011457537
5577018092,db8ed02c2e50b7e6fe06ee1fdb139926a8e4367b,1,False,Standard,data engineer,USA,Mid,Not specified,Missing,2,,False,True,True,True,True,False,False,140540.83,11.853260445865342
5577019688,01ea763347e35a438230916ce46ac6b37c64a2f4,1,False,Standard,data engineer,USA,Mid,Not specified,Missing,2,,False,True,True,True,True,False,False,111214.38,11.61922396058728
5577338287,de0a2c4003270eb1fdfa4c9b73a9c05f384f0ebd,1,False,Standard,data engineer,USA,Mid,Not specified,Missing,2,,False,True,True,True,True,False,False,115755.45,11.659243693938098
5577013233,8393b7e92e43f7270b84d9935526f3b544544336,1,False,Standard,data engineer,USA,Mid,Not specified,Missing,2,,False,True,True,True,True,False,False,108487.98,11.594403879984116
5577025436,4bb4c0126d5dfc67c8cd48be6b0ea5cd334afef9,1,False,Standard,data engineer,USA,Mid,Not specified,Missing,2,,False,True,True,True,True,False,False,140290.28,11.851476111628712
5577156518,c308178dff70111ba6bdbaee33114e5d6538c1f5,1,False,Standard,data engineer,USA,Mid,Not specified,Missing,2,,False,True,True,True,True,False,False,116976.05,11.669733040693057
5577018997,54d5ff5df592ebab3c0d18c2d550d1a5661337c1,1,False,Standard,data engineer,USA,Mid,Not specified,Missing,2,,False,True,True,True,True,False,False,106997.29,11.58056813200793
5577065336,8bf889725dc86355e195c380b44eed4dc5985359,1,False,Standard,data engineer,USA,Mid,Not specified,Missing,2,,False,True,True,True,True,False,False,115610.7,11.657992441171583
5577041121,448f9547863b6c22ca61369cb0f2e92afafcdea2,1,False,Standard,data engineer,USA,Mid,Not specified,Missing,2,,False,True,True,True,True,False,False,131325.31,11.785440421024646
5577155785,2673b3ac5b5f33206378256fe3f05ae37cfa0eb1,1,False,Standard,data engineer,USA,Mid,Not specified,Missing,2,,False,True,True,True,True,False,False,111139.32,11.618548826081161
5577018125,791f06b46dc483c7b637546a92182ac32ff1db24,1,False,Standard,data engineer,USA,Mid,Not specified,Missing,2,,False,True,True,True,True,False,False,107965.31,11.589574512997123
5576762783,3313372b633a861c02df541c49803049e226499c,1,False,Standard,data engineer,USA,Mid,Not specified,Missing,2,,False,True,True,True,True,False,False,156023.47,11.95776813290495
5672621110,597a04e2ef0329365bb0ddd08e56a1d8d9c78939,1,False,Standard,data engineer,USA,Mid,Not specified,Missing,0,,False,True,False,False,False,False,False,87318.06,11.377324045603647
5683737474,a3f81fb8a83fca7a3922846e3e617bcb4acd3e3c,1,False,Standard,data engineer,USA,Mid,Not specified,Missing,1,,False,True,True,False,True,False,False,171940.38,12.054908883751827
5664544534,166696a43c255e977b0d877ffa7fe3d72969883e,1,False,Standard,data engineer,USA,Mid,Not specified,Missing,0,,True,True,False,False,False,False,False,106804.81,11.578767604777628
5588437451,7611b27f2e5b1786f66bb351e0155c4c3b5e6ccd,1,False,Standard,data engineer,USA,Mid,Not specified,Missing,0,,False,True,False,False,False,False,False,174837.69,12.07161905638455
5703015125,c63cbe8c02f4740b4f7a2fa0163b1892ccc5b00a,1,False,Standard,data engineer,USA,Mid,Not specified,Missing,0,,False,True,False,False,False,False,False,103881.32,11.551013998988983
5653153247,2dd6f18d379cbd6658612c41f64179068477c464,1,False,Standard,data engineer,USA,Mid,Not specified,Missing,0,,False,True,False,False,False,False,False,131838.55,11.789340931909319
5679867363,eea4d5b2ff90ab22e4762d09dee55ff12f41ff96,1,False,Standard,data engineer,USA,Mid,Not specified,6-10 years,0,8.0,False,False,False,False,False,False,False,107037.5,11.580943861810951
5647726593,da84ad9006c478cf0fa9e8ae09d25ae4b3bbf59d,1,False,Standard,data engineer,USA,Mid,Not specified,Missing,0,,False,True,False,False,False,False,False,137847.64,11.83391155060712
5635432879,9673f0e82ebb73e3484874e734276ef4c0a3b4a3,1,False,Standard,data engineer,USA,Mid,Not specified,Missing,0,,True,True,False,False,False,False,False,115454.91,11.656644004464198
5704137232,ec96a2123d51096cd3255b8b25a7e64613cdc46f,1,False,Standard,data engineer,USA,Mid,Not specified,Missing,0,,False,True,False,False,False,False,False,110426.6,11.61211538158034
5690233709,e2317d0432607fbc5bb5684be5bffcc7b60850f2,1,False,Standard,data engineer,USA,Mid,Not specified,Missing,1,,False,True,True,False,False,False,False,101557.79,11.528393121608216
5708765824,832092a4edaaeee133282456d8432345e180ae78,1,False,Standard,data engineer,USA,Mid,Not specified,Missing,0,,True,True,False,False,False,False,False,100366.76,11.516596319133283
5655798992,fc6e54c03fb58baaaa080707d3ddce40a6df7a4f,1,False,Standard,data engineer,USA,Mid,Not specified,Missing,0,,False,True,False,False,False,False,False,243302.2,12.402063681171763
5709767902,d11914df92ba105c123d262c52befb47c53d1d18,1,False,Standard,data engineer,USA,Mid,Not specified,Missing,0,,False,True,False,False,False,False,False,153878.73,11.943926602250707
5697270946,59371de6c70f33fcfb2438755ef7ace72826cd4d,1,False,Standard,data engineer,USA,Mid,Not specified,Missing,0,,False,True,False,False,False,False,False,142336.69,11.865957611973506
5710731345,cd4638eefca647f427734fd0e1d9be3d367dc8f3,1,False,Standard,data engineer,USA,Mid,Not specified,Missing,0,,False,True,False,False,False,False,False,83490.02,11.332494360145398
5708880118,b7c1b81a165fb9092d9368010edf6ce798d9f5c7,1,False,Standard,data engineer,USA,Mid,Not specified,Missing,0,,False,True,False,False,False,False,False,105526.27,11.566724681909498
5692568136,03bd446e751d367c9a57db26dc82cd6d0672623d,1,False,Standard,data engineer,USA,Mid,Not specified,Missing,0,,False,True,False,False,False,False,False,113789.02,11.642110099113408
5654642369,e14be7c6000ae016f3d976a4b7026daafa1393c0,1,False,Standard,data engineer,USA,Mid,Not specified,Missing,0,,False,True,False,False,False,False,False,115865.34,11.660192564368725
5686374504,1820e87703e3260f8f17f28606e571a123cdf6cd,1,False,Standard,data engineer,USA,Mid,Not specified,11+ years,0,25.0,False,False,False,False,False,False,False,120459.29,11.699075434032968
5625376982,d89c23aea1b6d18dcc1ee6196cbd79b15bc31d9f,1,False,Standard,data engineer,USA,Mid,Not specified,Missing,0,,False,True,False,False,False,False,False,144478.1,11.88089013939553
5679709472,2fbf1c88aa41ca586da2eec297872386fccdbd50,1,False,Standard,data engineer,USA,Mid,Not specified,Missing,1,,False,True,True,False,True,False,False,170562.62,12.046863643937014
5694953890,40b54264cd01d15924bc461de646e6f497c78aa9,1,False,Standard,data engineer,USA,Mid,Not specified,Missing,1,,False,True,True,False,False,False,False,110973.35,11.617054372510044
5700897143,cb2a52ad7f90dc3a5415d258055d0e7228a0dd5e,1,False,Standard,data engineer,USA,Mid,Not specified,Missing,0,,False,True,False,False,False,False,False,92501.7,11.43499311226371
5705867184,91ad795edd2849a7e97b60a9bdaf76f4911a1cb2,1,False,Standard,machine learning engineer,USA,Mid,Not specified,Missing,0,,False,True,False,False,False,False,False,84372.8,11.343012205851473
5707637204,e5d817e6f4047148457d55dfdfe03b304187fe4c,1,False,Standard,machine learning engineer,USA,Mid,Not specified,Missing,1,,False,True,True,False,False,False,False,131549.69,11.787147531608618
5700641731,e4ca0b7e679c35bf17d18b22813c1479f033ac17,1,False,Standard,machine learning engineer,USA,Mid,Not specified,Missing,1,,False,True,True,False,False,False,False,107289.32,11.583293710196948
5707341205,1888f446ac5760a6e80ccdcea7258c07477add55,1,False,Standard,machine learning engineer,USA,Mid,Not specified,Missing,1,,False,True,True,False,False,False,False,120319.68,11.69791579076344
5680357225,b7a35471ee40eeea0cf4dba2b7fd93eb32dbc549,1,False,Standard,machine learning engineer,USA,Mid,Not specified,Missing,1,,False,True,True,False,False,False,False,106912.84,11.57977855542443
5680363181,0383f45c6b408badeb676fe5e0f8d0feed7230fb,1,False,Standard,machine learning engineer,USA,Mid,Not specified,Missing,1,,False,True,True,False,False,False,False,118347.13,11.681385814225834
5707636351,0b12302e588685e2afa3811b91ea2f143513f411,1,False,Standard,machine learning engineer,USA,Mid,Not specified,Missing,1,,False,True,True,False,False,False,False,131021.45,11.783123961546236
5698292818,c2bea47c009e17a23a4f3e3409f94f65040aea64,1,False,Standard,machine learning engineer,USA,Mid,Bachelor,3-5 years,1,5.0,False,False,True,False,False,False,False,112466.23,11.630417169304874
5707341162,cf8ad0aea91dc7fd9c6e68a56c108c2441ebb479,1,False,Standard,machine learning engineer,USA,Mid,Not specified,Missing,1,,False,True,True,False,False,False,False,165915.62,12.019240651992599
5707334856,eef099c1b13cdb8668f7cc825efe2f38d7d04613,1,False,Standard,machine learning engineer,USA,Mid,Not specified,Missing,1,,False,True,True,False,False,False,False,111248.54,11.619531065188477
5708444537,d5f8b486fa812340aca18008aea9eca0cbfac091,1,False,Standard,machine learning engineer,USA,Mid,Not specified,Missing,1,,True,True,True,False,False,False,False,174013.28,12.06689264379471
5680357319,3df196df6f8d5023559adafe1b0b2e071a5d46b8,1,False,Standard,machine learning engineer,USA,Mid,Not specified,Missing,0,,False,True,False,False,False,False,False,109117.82,11.600192659235828
5703050242,90ca4790863f96c6f65af1d74f50ec6d62aae931,3,True,Premium,machine learning engineer,USA,Lead,Not specified,Missing,1,,False,True,True,False,False,False,False,216889.6,12.287148357932097
5680360340,a17c91f74f1b6d2952898d048d64f440e2c608c6,1,True,Premium,machine learning engineer,USA,Senior,Not specified,Missing,2,,False,True,True,False,False,False,True,114759.16,11.650599664308341
5703050752,ca0411904d0268dd68a62b88139b03b96d36bb6c,2,True,Premium,machine learning engineer,USA,Lead,Not specified,Missing,1,,False,True,True,False,False,False,False,175475.45,12.07526012484985
5653161149,f666b31078e68bebf7f9aa424e0cb6df199c6f61,1,True,Premium,machine learning engineer,USA,Senior,Not specified,Missing,0,,False,True,False,False,False,False,False,368271.97,12.81657970848276
5680364006,ca0411904d0268dd68a62b88139b03b96d36bb6c,2,True,Premium,machine learning engineer,USA,Lead,Not specified,Missing,1,,False,True,True,False,False,False,False,163572.34,12.005016731436408
5680355765,ee2133c245903ae9d8ed795e0e10fe1775468bc9,1,True,Premium,machine learning engineer,USA,Lead,Not specified,Missing,2,,False,True,True,False,False,False,True,108298.2,11.592653046073526
5680355856,d7817e7e7134825030dd453ec7f5e0f1474704af,1,True,Premium,machine learning engineer,USA,Senior,Not specified,Missing,1,,False,True,True,False,False,False,False,182725.23,12.115744300752944
5680360333,9404bd2a3e8382005a41069e1fff1f641ff3dcdd,1,True,Premium,machine learning engineer,USA,Senior,Not specified,Missing,1,,False,True,True,False,False,False,False,209175.1,12.250931759904603
5680360828,16148828d39a8f4a52134d6768b4e1e42930be78,1,False,Standard,machine learning engineer,USA,Mid,Not specified,Missing,0,,True,True,False,False,False,False,False,107034.74,11.580918076363808
5680352475,dacf8c87459dfb31821f9cf545d55a1e3f4f7d8a,1,False,Standard,machine learning engineer,USA,Mid,Not specified,Missing,0,,False,True,False,False,False,False,False,113928.12,11.643331779621253
5680362315,6b932dde32bc346e40923e250ca844c9ad48ec25,1,True,Premium,machine learning engineer,USA,Senior,Not specified,Missing,0,,False,True,False,False,False,False,False,172353.11,12.057306418484005
5673576805,8bba3f934a2941d9147172490cba7024e690b221,1,False,Standard,machine learning engineer,USA,Mid,Not specified,Missing,1,,False,True,True,False,False,False,False,142559.89,11.86752448567056
5708906321,26b930d03454a4c67ea7cabeabfe1d24af30be32,1,False,Standard,machine learning engineer,USA,Mid,Master,Missing,1,,False,True,True,False,False,False,False,181266.1,12.107726913094314
5708874183,bde79e67b607fa455bbae4d67939dd5ee124d989,1,False,Standard,machine learning engineer,USA,Mid,Master,Missing,1,,False,True,True,False,False,False,False,242130.03,12.397234304890667
5708876756,8d5c047badd7965d127c9d1347a50fd86565be17,1,False,Standard,machine learning engineer,USA,Mid,Master,Missing,1,,False,True,True,False,False,False,False,284288.0,12.557746605367516
5702051199,f2ed9e8579cc831f33aae0b714c8c4f011f8f6a6,1,False,Standard,machine learning engineer,USA,Mid,Master,Missing,1,,False,True,True,False,False,False,False,283726.78,12.555770536341445
5708918348,864a46b60d7a8ce249c3929e13a1e3b715781aa8,1,False,Standard,machine learning engineer,USA,Mid,Master,Missing,1,,False,True,True,False,False,False,False,185577.08,12.1312309889112
5702050560,9e3182affdb59c32f524927c385cf1aa74c50a79,1,False,Standard,machine learning engineer,USA,Mid,Master,Missing,1,,False,True,True,False,False,False,False,241651.58,12.395256353814622
5708840936,b379e0527a04ba10073cfbc59f5fa281e8f07fcc,1,False,Standard,machine learning engineer,USA,Mid,Master,Missing,1,,False,True,True,False,False,False,False,198698.52,12.199549012834927
5708935988,fad390519d2bf6ce631a101577b7a5f45f5e658c,1,False,Standard,machine learning engineer,USA,Mid,Master,Missing,1,,False,True,True,False,False,False,False,206247.78,12.236838389027918
5702051660,067d8eb33f56984b422b0b1653c8402d23d865e4,1,False,Standard,machine learning engineer,USA,Mid,Master,Missing,1,,False,True,True,False,False,False,False,180908.25,12.105750803298903
5702098626,a57c824c788bb7fe1fc2b6c8fdbf003a7a51b5da,1,False,Standard,machine learning engineer,USA,Mid,Master,Missing,1,,False,True,True,False,False,False,False,173095.84,12.061606485653938
5708917625,1b7f12a6deb92397261c50a5a942b920d9ac5f92,1,False,Standard,machine learning engineer,USA,Mid,Master,Missing,1,,False,True,True,False,False,False,False,194655.67,12.178992619083932
5708931405,61993a50f24c763666919bc480e41f64473b3cbc,1,False,Standard,machine learning engineer,USA,Mid,Master,Missing,1,,False,True,True,False,False,False,False,173438.38,12.063583422503783
5702072109,be74a6589d98fb4173ba5acb34cc81be398f4c16,1,False,Standard,machine learning engineer,USA,Mid,Master,Missing,1,,False,True,True,False,False,False,False,194271.4,12.177016576896909
5702102796,e03096764627c575ef617f07f4548809b3f219f0,1,False,Standard,machine learning engineer,USA,Mid,Master,Missing,1,,False,True,True,False,False,False,False,205840.64,12.23486241427717
5708921206,afeaae3409f2e4f959475463644d92e612377e50,1,False,Standard,machine learning engineer,USA,Mid,Master,Missing,1,,False,True,True,False,False,False,False,233964.48,12.36292886208997
5708900489,a5b3152dce5e2c61085c181d488dce01003796ca,1,False,Standard,machine learning engineer,USA,Mid,Master,Missing,1,,False,True,True,False,False,False,False,178441.19,12.09201996219984
5708845547,832ffe28bb4c93a34344f5d6987020294a51403a,1,False,Standard,machine learning engineer,USA,Mid,Master,Missing,1,,False,True,True,False,False,False,False,183667.44,12.120887454592745
5702041693,6b30aaf17f4c59a314dd3b92a8a462284bc7c1bd,1,False,Standard,machine learning engineer,USA,Mid,Master,Missing,1,,False,True,True,False,False,False,False,183304.7,12.11891052990732
5708880113,a0aad71d88ec9e038b6b604b2c294975b592b8e0,1,False,Standard,machine learning engineer,USA,Mid,Master,Missing,1,,False,True,True,False,False,False,False,185474.11,12.130675974129394
5702098264,95dfc9837180b3fe6a3e19d313330c85c2f15087,1,False,Standard,machine learning engineer,USA,Mid,Master,Missing,1,,False,True,True,False,False,False,False,240596.78,12.390881855547478
5708905133,89414515c9f086e58448e5f8ac39138bdf8d82c9,1,False,Standard,machine learning engineer,USA,Mid,Master,Missing,1,,False,True,True,False,False,False,False,238628.16,12.382665994087198
5702046674,c87e202aab7363202f43a1d56ee2216d9047f11c,1,False,Standard,machine learning engineer,USA,Mid,Master,Missing,1,,False,True,True,False,False,False,False,218580.67,12.294914999424737
5708875501,e0ee460c1b8fb9ac0bed2fee502215cbb0ac8817,1,False,Standard,machine learning engineer,USA,Mid,Master,Missing,1,,False,True,True,False,False,False,False,187285.86,12.140396731139393
5708840906,2a751359edbf5d9193b72a660d1aef62fd2a8c2b,1,False,Standard,machine learning engineer,USA,Mid,Master,Missing,1,,False,True,True,False,False,False,False,175006.5,12.072584109130167
5702006708,dfa68fbbd43cad4d029bf09f0447575fa6220236,1,False,Standard,machine learning engineer,USA,Mid,Master,Missing,1,,False,True,True,False,False,False,False,174661.03,12.070608128481197
5708882573,b0e0bd91b1323662560e8bb1e816a524a70b5de9,1,False,Standard,machine learning engineer,USA,Mid,Master,Missing,1,,False,True,True,False,False,False,False,218105.5,12.292738754588358
5708840753,cceb5fca9c6d15369da2b9e812fe1e9dc8965aec,1,False,Standard,machine learning engineer,USA,Mid,Master,Missing,1,,False,True,True,False,False,False,False,193057.98,12.170751017057043
5708874627,eb1446f3c48212e01c41e8d5573a0b029329fbc9,1,False,Standard,machine learning engineer,USA,Mid,Master,Missing,1,,False,True,True,False,False,False,False,184601.48,12.125960035413518
5708931880,8e80755ce30f3a6a3367d5252dbf4ff7384b3757,1,False,Standard,machine learning engineer,USA,Mid,Master,Missing,1,,False,True,True,False,False,False,False,187519.08,12.141641211991853
5701910238,1882f9b4a6364152ba99a3f9345deabfb0c5e0da,1,False,Standard,machine learning engineer,USA,Mid,Master,Missing,1,,False,True,True,False,False,False,False,232207.52,12.355391040079235
5702225736,06ce1b1346ad1aacc90c7c6dc9c9da7850098dfd,1,False,Standard,machine learning engineer,USA,Mid,Master,Missing,1,,False,True,True,False,False,False,False,232729.84,12.3576378716649
5702223796,6d33029790133f516dbb3c26be5e24f920eb7990,1,False,Standard,machine learning engineer,USA,Mid,Master,Missing,1,,False,True,True,False,False,False,False,204806.56,12.229826085528682
5702006150,24c665e0938346f53049e5cd3f57e37d268251b4,1,False,Standard,machine learning engineer,USA,Mid,Master,Missing,1,,False,True,True,False,False,False,False,198306.45,12.197573883141562
5708915710,e4368492a9750856cdfc6898595626f2cba1dd11,1,False,Standard,machine learning engineer,USA,Mid,Master,Missing,1,,False,True,True,False,False,False,False,266226.72,12.492107311753168
5702067924,c9fd2f11543534582ff49dcdb4cab50ec68ddd62,1,False,Standard,machine learning engineer,USA,Mid,Master,Missing,1,,False,True,True,False,False,False,False,212429.83,12.266371708475717
5702080290,5eb2e3a30cbd19517b2bff75a233a79464e76687,1,False,Standard,machine learning engineer,USA,Mid,Master,Missing,1,,False,True,True,False,False,False,False,265701.2,12.49013141172868
5708901523,ab9347893be65050a47b866f8ca02f569cb8e62d,1,False,Standard,machine learning engineer,USA,Mid,Master,Missing,1,,False,True,True,False,False,False,False,212850.0,12.268347669389495
5702080331,404acf6c8e0ad60b3d863286b5555ac0a47c49e8,1,False,Standard,machine learning engineer,USA,Mid,Master,Missing,1,,False,True,True,False,False,False,False,185210.73,12.129254936121562
5709093440,defc4706fead7071ca816658b2084bb9c4fb57fb,1,False,Standard,machine learning engineer,USA,Mid,Master,Missing,1,,False,True,True,False,False,False,False,233190.17,12.3596138682476
5709090352,15460e7517e44852ce791a713ff696ae5a37a504,1,False,Standard,machine learning engineer,USA,Mid,Master,Missing,1,,False,True,True,False,False,False,False,194739.97,12.17942559552065
5709091705,4975053e07734c626b70ec988dac6adb1dc56156,1,False,Standard,machine learning engineer,USA,Mid,Master,Missing,1,,False,True,True,False,False,False,False,205211.47,12.231801160412838
5702084851,9b4d522a716a8eed9dfdf096224487c7981361c1,1,False,Standard,machine learning engineer,USA,Mid,Master,Missing,1,,False,True,True,False,False,False,False,233502.61,12.360952816357017
5702057172,14d0ccb79c8823ccbbb98e3fd231cb0029affc3f,1,False,Standard,machine learning engineer,USA,Mid,Master,Missing,1,,False,True,True,False,False,False,False,185107.97,12.128699957679162
5701905178,1afe991190248b390aa9a78d325ec22645b539e1,1,False,Standard,machine learning engineer,USA,Mid,Master,Missing,1,,False,True,True,False,False,False,False,185058.19,12.128430998834618
5708879040,3d2955a9418a5f00237b7c3395c46e8c83b1cf92,1,False,Standard,machine learning engineer,USA,Mid,Master,Missing,1,,False,True,True,False,False,False,False,215352.03,12.280033960501685
5702054912,617d4635aa8aa72991c2d50ab0cc769892eb023a,1,False,Standard,machine learning engineer,USA,Mid,Master,Missing,1,,False,True,True,False,False,False,False,214926.9,12.278057902030595
5701910500,9d4685338c53649f68e58539914ce613d1b59e46,1,False,Standard,machine learning engineer,USA,Mid,Master,Missing,1,,False,True,True,False,False,False,False,232304.53,12.355808723899177
5708870152,d8d22b21281190dff3b8cdce7ffef161dfba2e29,1,False,Standard,machine learning engineer,USA,Mid,Master,Missing,1,,False,True,True,False,False,False,False,232186.7,12.355301375266658
5702091227,dbc4eb8c9d4d72c6cd60c4b8fb8ccbd88bab907b,1,False,Standard,machine learning engineer,USA,Mid,Master,Missing,1,,False,True,True,False,False,False,False,267119.9,12.495456643884097
5708910231,07f7dabd700f8be72b4cfc97cb1d4883c897f81b,1,False,Standard,machine learning engineer,USA,Mid,Master,Missing,1,,False,True,True,False,False,False,False,195982.11,12.18578376103012
5708917941,3a904d9b37f58005e205548524c3adeff67e7b3c,1,False,Standard,machine learning engineer,USA,Mid,Master,Missing,1,,False,True,True,False,False,False,False,281208.1,12.546853799703708
5702072598,e9efdd14c6c115d552746b8458f287dc0c00e0a2,1,False,Standard,machine learning engineer,USA,Mid,Master,Missing,1,,False,True,True,False,False,False,False,280652.97,12.544877766003415
5702069583,34ab5aa214db71875e4e1c1e9c7b7fc85fec5a01,1,False,Standard,machine learning engineer,USA,Mid,Master,Missing,1,,False,True,True,False,False,False,False,195595.03,12.18380673985336
5708877351,ecb09271a4d067e0268a82710aa338557fd628b6,1,False,Standard,machine learning engineer,USA,Mid,Master,Missing,1,,False,True,True,False,False,False,False,186262.55,12.134917885273383
5702099176,ba2569e1e2476cad0541cc09b696dcc633c1df2e,1,False,Standard,machine learning engineer,USA,Mid,Master,Missing,1,,False,True,True,False,False,False,False,184321.78,12.124443738841203
5708930944,47c95df78afe6fa2d80f80b7d748c8e11a3d9139,1,False,Standard,machine learning engineer,USA,Mid,Master,Missing,1,,False,True,True,False,False,False,False,184686.53,12.126420649019089
5702051068,4f90bc49f59f2f958b16e3a5f453bafca7334b94,1,False,Standard,machine learning engineer,USA,Mid,Master,Missing,1,,False,True,True,False,False,False,False,185894.5,12.132939966853884
5708873076,67880a6e251d3b40b0c4d60f10be6e95673d4840,1,False,Standard,machine learning engineer,USA,Mid,Master,Missing,1,,False,True,True,False,False,False,False,222850.98,12.314263063235389
5708934483,7b55420f4381f25f0d36a5a7620d2b0b3c45cf48,1,False,Standard,machine learning engineer,USA,Mid,Master,Missing,1,,False,True,True,False,False,False,False,195432.81,12.182977033305612
5702054963,b030f1159ca8806037d90c877d856238e38d37f1,1,False,Standard,machine learning engineer,USA,Mid,Master,Missing,1,,False,True,True,False,False,False,False,222410.64,12.312285178118469
5702100749,1aaa58f0ef484f1af4e8a47d4dcebfc3cbce89bd,1,False,Standard,machine learning engineer,USA,Mid,Master,Missing,1,,False,True,True,False,False,False,False,195046.66,12.180999217938973
5708767282,c97bf2637e454e2bbf7e5e223efc6f23c7c51b2c,1,False,Standard,machine learning engineer,USA,Mid,Master,Missing,1,,False,True,True,False,False,False,False,185424.4,12.13040792380885
5702006120,39ace2a1ee85966755dafd698489c3b21e0749d8,1,False,Standard,machine learning engineer,USA,Mid,Master,Missing,1,,False,True,True,False,False,False,False,192676.5,12.168773085779351
5702065733,8c00b3c30f311fc546ab71b40802cccc686d32ae,1,False,Standard,machine learning engineer,USA,Mid,Master,Missing,1,,False,True,True,False,False,False,False,217674.94,12.290762722052026
5702055311,75827c789646dfb183edf654616e7aef56f7d6cc,1,False,Standard,machine learning engineer,USA,Mid,Master,Missing,1,,False,True,True,False,False,False,False,184237.06,12.123984004695316
5702051555,fd81b9cd14c98ef40ef31c109eeb56439aa8b1f3,1,False,Standard,machine learning engineer,USA,Mid,Master,Missing,1,,False,True,True,False,False,False,False,238157.55,12.380691907327153
5708905209,76a171a203ccf27b5e23387e53b35768d2ce226e,1,False,Standard,machine learning engineer,USA,Mid,Master,Missing,1,,False,True,True,False,False,False,False,192805.9,12.169444448899936
5702052052,9260b7156b11d1f531c3a931b0e549c2b1cea567,1,False,Standard,machine learning engineer,USA,Mid,Master,Missing,1,,False,True,True,False,False,False,False,192425.3,12.167468502258611
5708902893,5429fb6c925fa3bfefd53eb950cd959440b45db1,1,False,Standard,machine learning engineer,USA,Mid,Master,Missing,1,,False,True,True,False,False,False,False,219013.22,12.296891938197529
5702051652,c7ebd43aac9c985b88ef26a4087bbf80d14f241f,1,False,Standard,machine learning engineer,USA,Mid,Master,Missing,1,,False,True,True,False,False,False,False,186418.05,12.135752375582422
5702155122,24295794547167f55b687ce33bcbf5f986f2dbe1,1,False,Standard,machine learning engineer,USA,Mid,Master,Missing,1,,False,True,True,False,False,False,False,194697.81,12.179209079374484
5708905610,f15313754331e22e5c4bfe1c00dc45ad66653df5,1,False,Standard,machine learning engineer,USA,Mid,Master,Missing,1,,False,True,True,False,False,False,False,186786.95,12.137729295201535
5702067496,4ea06014fc21a3cda426facf7a21221a18fea485,1,False,Standard,machine learning engineer,USA,Mid,Master,Missing,1,,False,True,True,False,False,False,False,178088.77,12.090043027987383
5702049629,e1837bfd9cb097c287c1a899b9c72f5205d9b29d,1,False,Standard,machine learning engineer,USA,Mid,Master,Missing,1,,False,True,True,False,False,False,False,186916.31,12.138421605527414
5702099366,9f51c5a3230403df47d87b3587da5007fb8757e4,1,False,Standard,machine learning engineer,USA,Mid,Master,Missing,1,,False,True,True,False,False,False,False,233120.8,12.359316342744453
5702063462,81b3ea054f10d037536754ee6c0cd58454d29966,1,False,Standard,machine learning engineer,USA,Mid,Master,Missing,1,,False,True,True,False,False,False,False,231727.9,12.353323432896936
5708848640,f54f465ef019983664854081f6c0575cfd6312d1,1,False,Standard,machine learning engineer,USA,Mid,Master,Missing,1,,False,True,True,False,False,False,False,248828.83,12.424524528158663
5702221337,439528378047034115f2519d18916e09ee85da58,1,False,Standard,machine learning engineer,USA,Mid,Master,Missing,1,,False,True,True,False,False,False,False,194355.36,12.177448660211105
5708931056,a0323a27b68bbfc4766083bbd69c0d67723e7310,1,False,Standard,machine learning engineer,USA,Mid,Master,Missing,1,,False,True,True,False,False,False,False,267647.75,12.497430765532274
5702043077,40063dfe675b3de1f1c5767b4751edee011f4e2d,1,False,Standard,machine learning engineer,USA,Mid,Master,Missing,1,,False,True,True,False,False,False,False,248337.16,12.422546644746316
5708769544,b474d7038ff06f053a3e37974695b05e5d0f479a,1,False,Standard,machine learning engineer,USA,Mid,Master,Missing,1,,False,True,True,False,False,False,False,232764.03,12.357784768779418
5702098649,ec62d5159f9ca2790d016f1050673847510f68cf,1,False,Standard,machine learning engineer,USA,Mid,Master,Missing,1,,False,True,True,False,False,False,False,187148.9,12.139665179001682
5708864555,2dacc8b687fed170d4f3062601d21c893ffc7cb4,1,False,Standard,machine learning engineer,USA,Mid,Not specified,Missing,1,,False,True,True,False,False,False,False,112640.12,11.631962114524255
5648121373,84ff0323ae576ff28029a0c3b3adf7e72efc8405,1,False,Standard,machine learning engineer,USA,Mid,Not specified,11+ years,1,12.0,False,False,True,False,False,False,False,120933.98,11.703008324779837
5699419508,f6b4d926f22e2b33cedc7ecd284fff8b4152c49f,1,False,Standard,machine learning engineer,USA,Mid,Not specified,Missing,0,,False,True,False,False,False,False,False,164930.27,12.013284120649015
5658221019,085c3abb142c4420c617f80fd47ab47bb850a05f,1,False,Standard,machine learning engineer,USA,Mid,Not specified,Missing,1,,False,True,True,False,False,False,False,127163.16,11.753234129179779
5681751245,e7d51092a22a49e0af86f656d602efba9ad37cbc,1,True,Premium,machine learning engineer,USA,Senior,Not specified,Missing,1,,False,True,True,False,False,False,False,169502.14,12.040626730704801
5707335336,da76946cea423b2097a14ef0f8222b0521cdd4c2,1,True,Premium,machine learning engineer,USA,Senior,Not specified,Missing,1,,False,True,True,False,False,False,False,164533.11,12.010873183315457
5680355476,5856bf4259350ee5b199aafb00d62d40776627b4,1,True,Premium,machine learning engineer,USA,Lead,Not specified,Missing,0,,False,True,False,False,False,False,False,169137.2,12.03847141120793
5680352767,8cd69f48de3b71347e4cf1a48009ef52a621d005,1,False,Standard,machine learning engineer,USA,Mid,Not specified,Missing,1,,False,True,True,False,False,False,False,150144.5,11.919360102932396
5680355857,cf62898f9975b09a6d8e87bbbea4d34dd02988c2,1,False,Standard,machine learning engineer,USA,Mid,Not specified,Missing,1,,False,True,True,False,False,False,False,164700.16,12.011887959249611
5708759270,27b368cabb9b77a34e011d4f31b2ae14f69c0fd7,1,False,Standard,machine learning engineer,USA,Mid,Not specified,Missing,1,,False,True,True,False,False,False,False,152154.61,11.93265902615376
5710667887,cfa33a44a44d802fc31879d2da4362c833ac463e,1,False,Standard,machine learning engineer,USA,Mid,Not specified,Missing,0,,False,True,False,False,False,False,False,206422.72,12.237686228467082
5702989715,1c253eedf789d1fcd456e11971069773285efffb,1,False,Standard,machine learning engineer,USA,Mid,Not specified,Missing,1,,False,True,True,False,False,False,False,161503.31,11.99228710859525
5709910086,90ca4790863f96c6f65af1d74f50ec6d62aae931,3,True,Premium,machine learning engineer,USA,Lead,Not specified,Missing,1,,False,True,True,False,False,False,False,218855.6,12.29617199980653
5704138522,90ca4790863f96c6f65af1d74f50ec6d62aae931,3,True,Premium,machine learning engineer,USA,Lead,Not specified,Missing,1,,False,True,True,False,False,False,False,234743.6,12.366253393611043
5590001969,cd9b19aab28064e715dbe96e9faa01d83579efdb,1,False,Standard,machine learning engineer,USA,Mid,Not specified,Missing,1,,False,True,True,False,False,False,False,179158.55,12.096032028596715
5648116112,4643afde6bee8ac82d9c2659f76290938906137f,1,False,Standard,machine learning engineer,USA,Mid,Not specified,Missing,0,,True,True,False,False,False,False,False,274659.6,12.523291432600928
5648116113,485d5f7e5e8938de11c9bb2f740ecc739efacc36,1,True,Premium,machine learning engineer,USA,Lead,Not specified,Missing,0,,True,True,False,False,False,False,False,351796.2,12.77081015218627
5664559049,8b638169a2f7d2f867f418f256a44f693c36b9a4,1,True,Premium,machine learning engineer,USA,Senior,Not specified,Missing,1,,False,True,True,False,False,False,False,91362.14,11.422597393826363
5553574919,0cce9f2dfb3c6191a4ef05bcd58e6001e994f64e,1,False,Standard,machine learning engineer,USA,Mid,Not specified,Missing,0,,False,True,False,False,False,False,False,196707.31,12.189477250561534
5705555419,7747ca0225129f2762d89848871afefef6e0653c,1,False,Standard,machine learning engineer,USA,Mid,Not specified,Missing,1,,False,True,True,False,False,False,False,194228.62,12.176796346380872
5654531252,d1256e346c4e023946409e0c688a57e10ca4ab44,1,False,Standard,machine learning engineer,USA,Mid,Not specified,Missing,2,,False,True,True,True,False,False,False,200075.0,12.206452573348459
5654512052,6ff9c3ed0820ec9e35fe906250339b158e4fe6b2,1,False,Standard,machine learning engineer,USA,Mid,Not specified,Missing,2,,False,True,True,True,False,False,False,255409.03,12.45062549354008
5547938974,a15a90725440f5b563e4a3cd31c26a6eac46b504,2,False,Standard,machine learning engineer,USA,Mid,Not specified,Missing,1,,False,True,True,False,False,False,False,154332.12,11.946868662109889
5673852202,0795d0c659b4803a70c337cae5ec8c678eedd929,1,False,Standard,machine learning engineer,USA,Mid,Not specified,Missing,1,,False,True,True,False,False,False,False,145093.23,11.885138672402762
5690345189,142c4cb0b02d561bc68587b5faf817d364c09bd5,1,False,Standard,machine learning engineer,USA,Mid,Master,Missing,1,,False,True,True,False,False,False,False,218553.58,12.294791056374786
5690341521,fd470460a09545e80980a95e6e4ba9d3393e730f,1,False,Standard,machine learning engineer,USA,Mid,Master,Missing,1,,False,True,True,False,False,False,False,183786.23,12.121534008796893
5690314405,92deb59a2f3e2d024c3f52187d6b76b82d47e095,1,False,Standard,machine learning engineer,USA,Mid,Master,Missing,1,,False,True,True,False,False,False,False,189087.7,12.14997149611858
5690290314,377520878646a6a203d84523d392526b21fe42ff,1,False,Standard,machine learning engineer,USA,Mid,Master,Missing,1,,False,True,True,False,False,False,False,194625.61,12.178838181420645
5690336575,e052d206d63679f494060499bcd0ae62b1439410,1,False,Standard,machine learning engineer,USA,Mid,Master,Missing,1,,False,True,True,False,False,False,False,252866.4,12.440620519643714
5690336316,f42f14dd93f8990f87ca659abf5fb96ca96cbb17,1,False,Standard,machine learning engineer,USA,Mid,Master,Missing,1,,False,True,True,False,False,False,False,192081.34,12.16567941324492
5690417859,fa643b5982cb556840dd693ad6616d3bfe97dac4,1,False,Standard,machine learning engineer,USA,Mid,Master,Missing,1,,False,True,True,False,False,False,False,217455.42,12.28975374161847
5690289154,66979a0128f9b2f84230a2bf411d71a06bdbab64,1,False,Standard,machine learning engineer,USA,Mid,Master,Missing,1,,False,True,True,False,False,False,False,210553.47,12.257499663476331
5690339847,764c33b6ac833d58756423e956c3e8c2cce0e369,1,False,Standard,machine learning engineer,USA,Mid,Master,Missing,1,,False,True,True,False,False,False,False,206269.42,12.236943305356757
5690325003,dbd56f36a0b2c7c2f9c75551d3751170e0f46206,1,False,Standard,machine learning engineer,USA,Mid,Master,Missing,1,,False,True,True,False,False,False,False,282111.16,12.550060001342896
5690324265,8a4c17455bf55d4a4839f3c4727f187f68b107e1,1,False,Standard,machine learning engineer,USA,Mid,Master,Missing,1,,False,True,True,False,False,False,False,196649.55,12.189183574703234
5690306666,82eafec903a323d217549f9abe47840b5223cbbd,1,False,Standard,machine learning engineer,USA,Mid,Master,Missing,1,,False,True,True,False,False,False,False,301249.78,12.615698352995269
5690306850,7c0b4a09c027c7e8cb74dad63a0cf55eb5e4aac6,1,False,Standard,machine learning engineer,USA,Mid,Master,Missing,1,,False,True,True,False,False,False,False,256576.23,12.45518498989191
5690336425,e996a6f485ab206355ac09c5f1c4000e83bf590d,1,False,Standard,machine learning engineer,USA,Mid,Master,Missing,1,,False,True,True,False,False,False,False,197931.4,12.19568083724018
5690315240,b16443e86cb728fc6f91fdaf6c7b8ede0f1ae891,1,False,Standard,machine learning engineer,USA,Mid,Master,Missing,1,,False,True,True,False,False,False,False,225549.5,12.326299359637455
5690313858,039a208eb8f8028d7c4aad9beaadf210e5c89293,1,False,Standard,machine learning engineer,USA,Mid,Master,Missing,1,,False,True,True,False,False,False,False,196540.42,12.188628476882686
5690316946,b4933af19e91db06acee99f14e65b844a9a14fb4,1,False,Standard,machine learning engineer,USA,Mid,Master,Missing,1,,False,True,True,False,False,False,False,207675.39,12.243736329835228
5690311738,77003e2a83388aa0ecd8697648a8d9a5dbdc6430,1,False,Standard,machine learning engineer,USA,Mid,Master,Missing,1,,False,True,True,False,False,False,False,228201.02,12.337986568255246
5690231395,9eb15e34137aa6ca774cf71377402d048e50c845,1,False,Standard,machine learning engineer,USA,Mid,Master,Missing,1,,False,True,True,False,False,False,False,246651.9,12.41573736414395
5690332255,74989869a9ece0c2dbf7f5f01d67ff52d864a084,1,False,Standard,machine learning engineer,USA,Mid,Master,Missing,1,,False,True,True,False,False,False,False,283616.97,12.55538343552551
5690305256,ea6b165914c21e90eea50e632f14a20de4cf5a74,1,False,Standard,machine learning engineer,USA,Mid,Master,Missing,1,,False,True,True,False,False,False,False,246039.67,12.413252126453047
5690290948,31491d8147c68b3c25b42e5bd23644a67fc89491,1,False,Standard,machine learning engineer,USA,Mid,Master,Missing,1,,False,True,True,False,False,False,False,263674.72,12.48247529377539
5690311736,a223ec33ad9010f6b912c5e8932a850db80583a0,1,False,Standard,machine learning engineer,USA,Mid,Master,Missing,1,,False,True,True,False,False,False,False,197375.34,12.192867540641927
5690229813,9e32c7c4a1e356e0ce849a4f21e483092ab26ad2,1,False,Standard,machine learning engineer,USA,Mid,Master,Missing,1,,False,True,True,False,False,False,False,196487.39,12.18835862457646
5690288991,004dd7c91f7070779caf7d480170874045122cc2,1,False,Standard,machine learning engineer,USA,Mid,Master,Missing,1,,False,True,True,False,False,False,False,204576.4,12.22870166696553
5690314436,9fcf3f1c652348e20c1c5ea454825e1cd736cc09,1,False,Standard,machine learning engineer,USA,Mid,Master,Missing,1,,False,True,True,False,False,False,False,231118.55,12.350690388097723
5690289035,f6f14666650d8da1b06cc227675ff96364c34dfd,1,False,Standard,machine learning engineer,USA,Mid,Master,Missing,1,,False,True,True,False,False,False,False,185448.28,12.1305367004621
5690311032,6440ef3bd6ce0dbd3534538f79bd6c98bf22b1b3,1,False,Standard,machine learning engineer,USA,Mid,Master,Missing,1,,False,True,True,False,False,False,False,195615.73,12.183912564622569
5690319790,846835d5c4de9d35011f337cd7c544c5b8c6ad38,1,False,Standard,machine learning engineer,USA,Mid,Master,Missing,1,,False,True,True,False,False,False,False,232080.66,12.354844571475669
5690335651,a2c31f2a43c2b80880f6208de1c373ba1d625e0f,1,False,Standard,machine learning engineer,USA,Mid,Master,Missing,1,,False,True,True,False,False,False,False,204309.69,12.227397104449045
5690341406,5dd251196d1b0908708585fa88b8438766e2fbf7,1,False,Standard,machine learning engineer,USA,Mid,Master,Missing,1,,False,True,True,False,False,False,False,255456.53,12.45081145171733
5690363181,44328822a45487b7e315aa65b86807a48efc60ca,1,False,Standard,machine learning engineer,USA,Mid,Master,Missing,1,,False,True,True,False,False,False,False,290671.88,12.57995379014133
5690326071,1820e8b82149757bf83ab0a644189ec172ffad27,1,False,Standard,machine learning engineer,USA,Mid,Master,Missing,1,,False,True,True,False,False,False,False,247923.98,12.420881479384766
5690310907,64fec8190f17a5b00234495b0f4c57b14fa0bfab,1,False,Standard,machine learning engineer,USA,Mid,Master,Missing,1,,False,True,True,False,False,False,False,198460.47,12.198350254474963
5690310510,bc05a8486428101a14f582e5a6b2b71143960767,1,False,Standard,machine learning engineer,USA,Mid,Master,Missing,1,,False,True,True,False,False,False,False,236146.72,12.372212820397282
5690343716,f26813b14f9af1a5acdee981d7f4569f20e4113c,1,False,Standard,machine learning engineer,USA,Mid,Master,Missing,1,,False,True,True,False,False,False,False,207092.94,12.240927785729097
5690231326,1ea7d153087ae405b61ac4da73c95a0f65affc73,1,False,Standard,machine learning engineer,USA,Mid,Master,Missing,1,,False,True,True,False,False,False,False,246548.67,12.415318753180479
5693999014,a15a90725440f5b563e4a3cd31c26a6eac46b504,2,False,Standard,machine learning engineer,USA,Mid,Not specified,Missing,1,,False,True,True,False,False,False,False,165338.94,12.015758875918008
5702226200,3f94728865f6ce3dab712fa542ba8bd605843de6,1,False,Standard,machine learning engineer,USA,Mid,Not specified,Missing,0,,False,True,False,False,False,False,False,152864.81,11.937315756709918
5528460005,17d8f44429d784d471f9803861d26ff9cc7f13b2,1,False,Standard,machine learning engineer,USA,Mid,Not specified,Missing,1,,False,True,True,False,False,False,False,311533.0,12.649263760530985
5697775875,bc3906a953d1a3ea00faf78efce543e641ef5c65,1,False,Standard,machine learning engineer,USA,Mid,Not specified,Missing,0,,False,True,False,False,False,False,False,224148.61,12.320069009675759
5549492736,c60adb26a7b794f1888c801a14dc3bc977a4e2fb,1,False,Standard,machine learning engineer,USA,Mid,Not specified,Missing,1,,False,True,True,False,False,False,False,254997.72,12.449013804520122
5672612969,3361317a870a64aa26931f035d355d39543fc9c2,1,True,Premium,machine learning engineer,USA,Senior,Not specified,Missing,0,,False,True,False,False,False,False,False,136722.6,11.825716648630642
5689417872,71049594bfd134db565b2e6143616936fdc60cdf,1,True,Premium,machine learning engineer,USA,Senior,Not specified,Missing,0,,False,True,False,False,False,False,False,190990.48,12.159984098703987
5707802893,afe434e9f7623368f5bad2b142750d176f86e585,1,True,Premium,machine learning engineer,USA,Lead,Not specified,Missing,0,,False,True,False,False,False,False,False,175685.1,12.076454158922722
5699420144,6b5c4d13f893fecef82a16bccbfb169c7f34a596,1,False,Standard,machine learning engineer,USA,Mid,Not specified,Missing,1,,False,True,True,False,False,False,False,199177.94,12.20195889565201
5699420138,9b4aeaf2151d97234d1807d66265136d205fc9f0,1,False,Standard,machine learning engineer,USA,Mid,Not specified,Missing,1,,False,True,True,False,False,False,False,168301.16,12.03351621432114
5707802098,875691e7757a92a91adf8b32fbb97720a543837a,1,True,Premium,machine learning engineer,USA,Lead,Not specified,Missing,0,,False,True,False,False,False,False,False,117754.62,11.6763667389775
5707854116,e2f299fd4f9ca5dd5984d138ba67a679ea82bfd5,1,True,Premium,machine learning engineer,USA,Lead,Not specified,Missing,0,,False,True,False,False,False,False,False,176622.83,12.081777495761067
5686643665,b8eca35638f24b2c9b09f3adae4755b5efbef1cb,1,False,Standard,machine learning engineer,USA,Mid,Not specified,Missing,1,,False,True,True,False,False,False,False,118224.85,11.680352057166925
5681953305,16469c2485cf7b336a08096069178101b69c240e,1,False,Standard,machine learning engineer,USA,Mid,Not specified,Missing,0,,False,True,False,False,False,False,False,139207.17,11.843725717688853
5621141982,3fc3ef1ebb5906e7f611fdbec2887408f0d92864,1,False,Standard,machine learning engineer,USA,Mid,Not specified,Missing,0,,False,True,False,False,False,False,False,137506.92,11.831436794429948
5648115653,677a3eace8fa940cd8be8167c58bac4eb4ad744f,1,True,Premium,machine learning engineer,USA,Lead,Not specified,Missing,0,,False,True,False,False,False,False,False,168287.98,12.033437899722562
5619744624,dee0ef4bc526dae4aa711eef05c38257c87f1940,1,False,Standard,machine learning engineer,USA,Mid,Not specified,Missing,0,,False,True,False,False,False,False,False,211938.5,12.264056135567792
5589994924,466a06e9f091fa065d270e1157ee8b42a5d99637,1,False,Standard,machine learning engineer,USA,Mid,Not specified,Missing,0,,False,True,False,False,False,False,False,160263.0,11.984577734461489
5648082578,10a6c70226d49c0533a36470df501d490f4fa311,1,True,Premium,machine learning engineer,USA,Lead,Not specified,Missing,0,,False,True,False,False,False,False,False,184083.22,12.123148649261775
5692450563,2b0bb6791a5ab06b1862b0e249e3854ec44842f7,1,True,Premium,machine learning engineer,USA,Senior,Not specified,Missing,0,,False,True,False,False,False,False,False,190245.88,12.156077876115084
5681817196,f99ba5357b4ce66dfe237be0b68e24543eee3924,1,False,Standard,machine learning engineer,USA,Mid,Not specified,Missing,0,,False,True,False,False,False,False,False,181561.23,12.10935373893604
5681728484,a04d929f86996c13b07540329d9c8facc901dd2f,1,False,Standard,machine learning engineer,USA,Mid,Not specified,Missing,0,,False,True,False,False,False,False,False,157897.86,11.96970998045833
5681728482,b77726430c9838294e9f1c581c93c64ac1493d9a,1,False,Standard,machine learning engineer,USA,Mid,Not specified,Missing,0,,False,True,False,False,False,False,False,186866.06,12.13815273393012
5701284579,1a28b171c5091434104a78cf8b3a950bbddfa019,1,False,Standard,business analyst,USA,Mid,Not specified,Missing,0,,False,True,False,False,False,False,False,120925.68,11.702939690503506
5695802525,7cabe789d24a386d0d64eb63d0ba443871354b34,1,False,Standard,business analyst,USA,Mid,Not specified,3-5 years,0,5.0,False,False,False,False,False,False,False,92481.85,11.434778500905404
5709521050,c6e12bc65bcd9b5e0663aad1f46b300a759d6c16,1,False,Standard,business analyst,USA,Mid,Not specified,Missing,0,,True,True,False,False,False,False,False,82245.65,11.317477938314868
5707343262,4f9dbd88df4f620cc7cf0a044081fa687f7affe6,1,False,Standard,business analyst,USA,Mid,Not specified,Missing,0,,False,True,False,False,False,False,False,143123.6,11.87147085852691
5680358768,a903e9470cc8cfd5e141de3e24b2ac850633462a,1,False,Standard,business analyst,USA,Mid,Master,3-5 years,0,5.0,False,False,False,False,False,False,False,63887.34,11.064892151102015
5698463918,37ec32d28e5d1ab7a2efad31ea8011218e2c8858,1,False,Standard,business analyst,USA,Mid,Not specified,Missing,0,,True,True,False,False,False,False,False,82031.41,11.314869692060533
5707339071,18dddd993655392750e3a107ffa8854b7744bd8b,1,False,Standard,business analyst,USA,Mid,Not specified,Missing,0,,False,True,False,False,False,False,False,103615.17,11.548448677709215
5683306183,cb2e1e11c6bdb1149fd6dbcbec27b3908bf99665,1,False,Standard,business analyst,USA,Mid,Not specified,Missing,0,,False,True,False,False,False,False,False,87825.34,11.383116734632205
5708800164,e2c742a58cbae40780c04f1df82888985f0218f3,1,False,Standard,business analyst,USA,Mid,Not specified,Missing,0,,False,True,False,False,False,False,False,60911.52,11.017194015491539
5696208006,dd68d668aadd358a10a2c1339c0bd4f0e46dd5be,1,False,Standard,business analyst,USA,Mid,Not specified,Missing,0,,False,True,False,False,False,False,False,116777.53,11.668034513986424
5707337510,c5dce6c22318f77422f89dfce50eb1262074f50f,1,False,Standard,business analyst,USA,Mid,Not specified,Missing,1,,False,True,True,False,False,False,False,148164.06,11.906082201564649
5708166467,0729c2af39198625e6cdd2dc89063c978c8497f1,1,False,Standard,business analyst,USA,Mid,Not specified,Missing,0,,False,True,False,False,False,False,False,92368.85,11.433555905681473
5707343408,7522dfb5080289ce64e3e18d118c268ea6df31f6,1,False,Standard,business analyst,USA,Mid,Not specified,Missing,0,,False,True,False,False,False,False,False,78201.5,11.267056895331859
5680354127,b3e90d8cdf92f1b2eb21e6aef9b06a9ffc01c998,1,False,Standard,business analyst,USA,Mid,Not specified,Missing,0,,False,True,False,False,False,False,False,103362.91,11.5460111472483
5708343406,246694a5380a32d3f4f848ac4c52c021612ec946,1,False,Standard,business analyst,USA,Mid,Not specified,Missing,0,,False,True,False,False,False,False,False,74128.29,11.213566009836114
5702982448,4f9b4368a12089c97fbc73dd129cfe69e0200854,1,False,Standard,business analyst,USA,Mid,Not specified,Missing,0,,False,True,False,False,False,False,False,107796.07,11.588005757124758
5707337625,e324128e54661cd4fa329ccca5ccf91d9e3a1f67,1,False,Standard,business analyst,USA,Mid,Not specified,Missing,0,,False,True,False,False,False,False,False,116658.98,11.667018828869246
5680362369,c801be0e893081153af7ef781968d70cd140dce3,1,False,Standard,business analyst,USA,Mid,Not specified,Missing,0,,False,True,False,False,False,False,False,98800.63,11.500869381575578
5707842866,4b3c812768789c13dfedc9836a42697aa60ff950,1,False,Standard,business analyst,USA,Mid,Not specified,3-5 years,0,5.0,False,False,False,False,False,False,False,118193.29,11.680085074834645
5691411399,b78668308bc8ba2401abee5e2c6bb0c21eec77ab,1,False,Standard,business analyst,USA,Mid,Master,Missing,0,,False,True,False,False,False,False,False,75165.92,11.227466519539329
5680517382,ec3a16b5213cbd48346166f3ccc15375f8ba74a2,1,False,Standard,business analyst,USA,Mid,Not specified,Missing,0,,False,True,False,False,False,False,False,86092.97,11.363194653120063
5709488128,84e9db8e1c2502c2483104e44b6cb4cf2bebce09,1,False,Standard,business analyst,USA,Mid,Not specified,3-5 years,0,5.0,False,False,False,False,False,False,False,101360.2,11.52644565391468
5703155149,26b11e5047078b65b5de4085137ecf1db109dae0,1,False,Standard,business analyst,USA,Mid,Not specified,Missing,0,,False,True,False,False,False,False,False,103019.26,11.542680946898182
5693360555,ac78e75cc57f18c2cf8dbc91214dca3422c8c376,1,False,Standard,business analyst,USA,Mid,Not specified,Missing,0,,False,True,False,False,False,False,False,94985.74,11.461492581893262
5708343650,77db40aa12d5055192297851f3360ed54a191d90,1,False,Standard,business analyst,USA,Mid,Not specified,Missing,0,,False,True,False,False,False,False,False,67396.93,11.118369584262599
5701533117,b867ab67e49f960f32721db6ec2f063503706191,1,True,Premium,business analyst,USA,Senior,Not specified,Missing,0,,False,True,False,False,False,False,False,142932.62,11.870135605665624
5702059679,3575623da5e35367c729a4c608d4b75b9aa44c54,1,False,Standard,business analyst,USA,Mid,Not specified,Missing,0,,False,True,False,False,False,False,False,154980.2,11.951059098222537
5707370684,87159c860fe395e42966d61ff9d9bb159632c8c7,1,False,Standard,business analyst,USA,Mid,Not specified,Missing,0,,False,True,False,False,False,False,False,109965.25,11.607928779514406
5703157731,68198252badb139555faeba78471c5db22687cfe,1,True,Premium,business analyst,USA,Senior,Not specified,Missing,0,,True,True,False,False,False,False,False,102741.98,11.539985808856601
5680362492,3bc851b1d314b5c4bf8190c44108a1a1569bc123,1,False,Standard,business analyst,USA,Mid,Not specified,Missing,0,,True,True,False,False,False,False,False,162633.77,11.999262290874215
5707342686,619a613f3fbc2cb3895bab40ce44ace61fff08ac,1,False,Standard,business analyst,USA,Mid,Not specified,Missing,0,,False,True,False,False,False,False,False,124814.61,11.734592807223802
5680362412,05ea6318f645c3303a3dcc79d0fce802479901ed,1,False,Standard,business analyst,USA,Mid,Not specified,Missing,0,,False,True,False,False,False,False,False,95417.91,11.46603205582313
5700849620,09ed00dfe0554b66194ba1e43e371083548d6b72,1,False,Standard,business analyst,USA,Mid,Not specified,Missing,0,,False,True,False,False,False,False,False,81219.19,11.304919140562841
5694903662,69ca2af9d73436253160d68a2580928c9b2dd8b4,1,True,Premium,business analyst,USA,Senior,Not specified,Missing,0,,False,True,False,False,False,False,False,89749.31,11.404786760383557
5680353338,c8b7a5d82ee068dafecb2680726e62aca585fe22,1,False,Standard,business analyst,USA,Mid,Master,Missing,0,,False,True,False,False,False,False,False,144147.11,11.878596591638242
5700849381,cc356b5e2b1a05800e8e2b109a057bce3fac5afd,1,False,Standard,business analyst,USA,Mid,Not specified,Missing,0,,True,True,False,False,False,False,False,115400.52,11.656172804546514
5680364243,d1862b586fa82625bfcf1e022ea5750641b54ec4,1,False,Standard,business analyst,USA,Mid,Not specified,Missing,0,,False,True,False,False,False,False,False,81256.61,11.305379757344477
5707334933,9a4666b0493d7d6c2acd6591b244bfcd879586df,1,False,Standard,business analyst,USA,Mid,Not specified,Missing,0,,False,True,False,False,False,False,False,155186.81,11.952391339832095
5700868179,67258275e4a81c53f9508a48347849c492c8b357,1,True,Premium,business analyst,USA,Senior,Not specified,Missing,0,,False,True,False,False,False,False,False,138350.2,11.837550658831233
5703147712,f627a93f493c09c2204094dc5600589c1745cc04,1,True,Premium,business analyst,USA,Senior,Not specified,Missing,0,,False,True,False,False,False,False,False,103281.52,11.545223424913019
5700859249,7fba2426eac20090c4e1a53ba8a4ef4be7bf330f,1,False,Standard,business analyst,USA,Mid,Not specified,Missing,0,,True,True,False,False,False,False,False,105576.41,11.567199706915508
5689318117,b4b7d119d928b05f8ac9bb5cfeb06ce265546a77,1,False,Standard,business analyst,USA,Mid,Not specified,Missing,0,,False,True,False,False,False,False,False,149692.0,11.916341809127386
5707853169,0aff8173ddb3fb5d39fada51e2a9a6845d9ca947,1,False,Standard,business analyst,USA,Mid,Not specified,Missing,0,,True,True,False,False,False,False,False,105944.95,11.570684337387727
5702611329,b01c29d5b48b1e1365c20feea581a7bf7333e04f,1,False,Standard,business analyst,USA,Mid,Not specified,Missing,0,,False,True,False,False,False,False,False,92478.41,11.434741304128067
5687530610,410239679996173f4dc37c3b8426988f34e5db27,1,False,Standard,business analyst,USA,Mid,Not specified,Missing,0,,False,True,False,False,False,False,False,105772.32,11.569053592692105
5700243580,876b1e51fd16ee04c9c5704010ce0b66c80406f2,1,True,Premium,business analyst,USA,Senior,Not specified,Missing,0,,False,True,False,False,False,False,False,79858.2,11.288020363036358
5680356001,3bd8b7a027bc39e9b206b2c0da7b8a4eee6fd216,1,False,Standard,business analyst,USA,Mid,Not specified,Missing,0,,False,True,False,False,False,False,False,105769.29,11.569024946116581
5695367837,f4eb9cd56a85d14eff1b4dc4481ede1361508f94,1,False,Standard,business analyst,USA,Mid,Not specified,Missing,0,,True,True,False,False,False,False,False,138333.72,11.83743153459087
5695218861,c7713ae7e2bec47e25e791be2a8941d671dc4e8a,1,False,Standard,business analyst,USA,Mid,Not specified,Missing,0,,True,True,False,False,False,False,False,126398.42,11.747202172076772
5707337538,435c38b7523dd51cb0023f8300f107789c6287a9,1,False,Standard,business analyst,USA,Mid,Not specified,Missing,0,,False,True,False,False,False,False,False,140446.23,11.852587110016792
5683303287,496c1b423a803461a0970f6252c13fdb86f87636,1,False,Standard,business analyst,USA,Mid,Not specified,Missing,1,,False,True,True,False,False,False,False,112927.62,11.634511216683785
5709129902,002e4b09b1ff1e53a16c1e2ffb1589a43a77aabe,1,True,Premium,business analyst,USA,Senior,Not specified,Missing,0,,True,True,False,False,False,False,False,210051.27,12.25511168348986
5680363694,c91ae41a9e104952cb8904080975c74bf7f50a86,1,False,Standard,business analyst,USA,Mid,Not specified,Missing,0,,False,True,False,False,False,False,False,86263.01,11.365167756485114
5692879352,7ec5984f4e1acdb026d76af7d56c6dc2389703cc,1,False,Standard,business analyst,USA,Mid,Not specified,Missing,0,,True,True,False,False,False,False,False,161652.78,11.993212166734187
5700336028,b6c982ecd8015c7b0cb407f3118bf129337ff576,1,False,Standard,business analyst,USA,Mid,Not specified,Missing,0,,False,True,False,False,False,False,False,159108.2,11.97734603792119
5702098171,22cefa02aa80548d3a6db02a7917c5fb640baa41,1,False,Standard,business analyst,USA,Mid,Not specified,Missing,1,,False,True,True,False,False,False,False,108159.57,11.59137216123332
5680978238,14f2a050a988a5ae86692fc40b94febbcfb751e9,1,False,Standard,business analyst,USA,Mid,Not specified,Missing,0,,False,True,False,False,False,False,False,80701.27,11.298521982734798
5710759145,652c3a44cfa9fa90e6b5b7a1965b64af2ad62ed8,1,False,Standard,business analyst,USA,Mid,Not specified,Missing,1,,False,True,True,False,False,False,False,204734.11,12.229472276238159
5703149596,d90de37786b389e99c8dfa685f7b4d73b13ad170,1,False,Standard,business analyst,USA,Mid,Not specified,Missing,0,,False,True,False,False,False,False,False,126267.34,11.746164603914062
5707863603,e9c398c3dbaf5167c2d5863793ff697197706fa0,1,False,Standard,business analyst,USA,Mid,Not specified,Missing,1,,False,True,True,False,False,False,False,96482.1,11.477123142456431
5684674936,a7152888a4188719f580dad649d175e110bdd048,1,False,Standard,business analyst,USA,Mid,Not specified,Missing,0,,False,True,False,False,False,False,False,111458.59,11.621417382667094
5694000837,c7450433e8ea297a2aa270c5f00ba9f4b48b86bf,1,False,Standard,business analyst,USA,Mid,Not specified,Missing,0,,False,True,False,False,False,False,False,89781.59,11.405146360215653
5658191566,1c1a978ef8d0411319d9a4296787ba7dfddd4fab,1,False,Standard,business analyst,USA,Mid,Not specified,Missing,0,,False,True,False,False,False,False,False,93772.73,11.448640031803194
5684674965,9950cba031b119e5a3c8e0c7c4678e6c25f84336,1,False,Standard,business analyst,USA,Mid,Not specified,Missing,0,,False,True,False,False,False,False,False,99140.52,11.504303603310976
5673739790,850583bee5b905a63070588c5cbe6ba087cd4ba0,1,False,Standard,business analyst,USA,Mid,Not specified,Missing,0,,False,True,False,False,False,False,False,140918.64,11.85594507781098
5664646042,088bfab0dd6cd88569d96f2ca264c3900eb66df5,1,False,Standard,business analyst,USA,Mid,Not specified,Missing,0,,False,True,False,False,False,False,False,121432.31,11.7071205021792
5645658584,c704e5b68657dee342c8f2cf01e008178e2b9f6c,1,False,Standard,business analyst,USA,Mid,Not specified,Missing,0,,True,True,False,False,False,False,False,204549.48,12.228570069969312
5709863233,1114d82588f4946d97fd1900cb139076af61b5e6,1,False,Standard,business analyst,USA,Mid,Not specified,Missing,0,,True,True,False,False,False,False,False,63425.66,11.057639556769841
5709863169,0aa7a6e6dc1308788d650bcc007ffe9577811e0a,1,False,Standard,business analyst,USA,Mid,Not specified,Missing,0,,True,True,False,False,False,False,False,107047.71,11.581039243501504
5709863681,6ad0b2cc898bfd84d74488f1ba541725789f8625,1,False,Standard,business analyst,USA,Mid,Not specified,Missing,0,,True,True,False,False,False,False,False,69511.15,11.149256836417507
5709863943,7b45716abc6037c9614ced9d92fdeafd43070a5b,1,False,Standard,business analyst,USA,Mid,Not specified,Missing,0,,True,True,False,False,False,False,False,77016.48,11.251787688059284
5709911887,e8f937db7152956b36d2e03d4afe8c797063fb92,1,False,Standard,business analyst,USA,Mid,Not specified,Missing,0,,True,True,False,False,False,False,False,107368.75,11.584033764028339
5709907221,589e130fbed0592dfff419b7dfbecb46880e25dd,1,False,Standard,business analyst,USA,Mid,Not specified,Missing,0,,True,True,False,False,False,False,False,68255.21,11.131023697918947
5709905747,a2682518f17e37264ff6a6c838e65b3cb488f3ed,1,False,Standard,business analyst,USA,Mid,Not specified,Missing,0,,True,True,False,False,False,False,False,82468.87,11.320188293495372
5709929141,ff2c9ca39ca45e13321a53954f28a07783f09c43,1,False,Standard,business analyst,USA,Mid,Not specified,Missing,0,,True,True,False,False,False,False,False,75115.04,11.226789396837674
5709871578,d8747af09bd1cc77bba86ea46407464104a03d04,1,False,Standard,business analyst,USA,Mid,Not specified,Missing,0,,True,True,False,False,False,False,False,88098.72,11.386224633712636
5709907264,462c6557f55127f2d020796313c4e780b4f57ff1,1,False,Standard,business analyst,USA,Mid,Not specified,Missing,0,,True,True,False,False,False,False,False,70334.01,11.161024962368511
5709868899,b9582b149ddf677f0ceabeedb8ffef06ecaf0f20,1,False,Standard,business analyst,USA,Mid,Not specified,Missing,0,,True,True,False,False,False,False,False,67799.34,11.124322488665175
5709868974,ec86659c33dd958915bf24d05d357ea575446e26,1,False,Standard,business analyst,USA,Mid,Not specified,Missing,0,,True,True,False,False,False,False,False,100246.8,11.51540039979086
5709909881,ec6b5784aea328da761340dae8cbcf1e58642dd0,1,False,Standard,business analyst,USA,Mid,Not specified,Missing,0,,True,True,False,False,False,False,False,79974.42,11.289474616445066
5709987374,4d9fcfc5224f424b153e562b6a378f08c0dbfc91,1,False,Standard,business analyst,USA,Mid,Not specified,Missing,0,,True,True,False,False,False,False,False,73457.98,11.204482434169718
5709923854,ab89020002a36860539144a9501cbed7ffc52ed9,1,False,Standard,business analyst,USA,Mid,Not specified,Missing,0,,True,True,False,False,False,False,False,77242.52,11.25471830774643
5709923593,47c92fc11441dea0c473b74b0d1e7598bf568fb3,1,False,Standard,business analyst,USA,Mid,Not specified,Missing,0,,True,True,False,False,False,False,False,65307.65,11.086879772035381
5709924084,dabd53d274412265a31cd2a3d9f7fcd0d6fe8941,1,False,Standard,business analyst,USA,Mid,Not specified,Missing,0,,True,True,False,False,False,False,False,72652.59,11.193458082780989
5709924720,86697530bbbdebfa5f9face2c86c100642dfad60,1,False,Standard,business analyst,USA,Mid,Not specified,Missing,0,,True,True,False,False,False,False,False,75873.74,11.236839101667297
5709927496,d8f839dc0457a5b741d30908d484757935575f9e,1,False,Standard,business analyst,USA,Mid,Not specified,Missing,0,,True,True,False,False,False,False,False,105345.98,11.565014752471185
5709927557,cbc2f2c86bf9cd7c223afb15823b254f7ce180a3,1,False,Standard,business analyst,USA,Mid,Not specified,Missing,0,,True,True,False,False,False,False,False,88255.89,11.388007045402345
5709864213,ecbff70c3f24e3c131dbaa4cfabfbd0051cc945f,1,False,Standard,business analyst,USA,Mid,Not specified,Missing,0,,True,True,False,False,False,False,False,83913.8,11.337557277375321
5709864364,dc3e942419a011ba02ac0ea4bb862d8c3529514e,1,False,Standard,business analyst,USA,Mid,Not specified,Missing,0,,True,True,False,False,False,False,False,68127.62,11.129152668168471
5709870610,60b8ce01eeb437e628e8ff20e37deab00cdc5a97,1,False,Standard,business analyst,USA,Mid,Not specified,Missing,0,,True,True,False,False,False,False,False,79667.34,11.285627546209053
5709866224,5d55e3821268f1096b1976055d17d0a4b5f3861f,1,False,Standard,business analyst,USA,Mid,Not specified,Missing,0,,True,True,False,False,False,False,False,67191.44,11.115316020182641
5709868579,2d51afc98f796f50bee3ca3c68d2f7fa1bb1adf7,1,False,Standard,business analyst,USA,Mid,Not specified,Missing,0,,True,True,False,False,False,False,False,73796.55,11.209080812205526
5709867672,6b67684a04a8caf1664ca46e2d4c19e37ad4ecc8,1,False,Standard,business analyst,USA,Mid,Not specified,Missing,0,,True,True,False,False,False,False,False,74908.59,11.224037198692402
5709868081,576f911ac9a092b18993b72ce1523d22efd6d2f5,1,False,Standard,business analyst,USA,Mid,Not specified,Missing,0,,True,True,False,False,False,False,False,70136.48,11.158212594905025
5709868712,82f3362727b89d4ff1a3e7ee8ce72e48ae32b7e5,1,False,Standard,business analyst,USA,Mid,Not specified,Missing,0,,True,True,False,False,False,False,False,69839.73,11.153972642921628
5709758554,8b371c75ec4c59e7d739eaada6a79c15aea40f65,1,False,Standard,business analyst,USA,Mid,Not specified,Missing,0,,True,True,False,False,False,False,False,87610.09,11.380662867085126
5709758260,de4d912e0675eccdbaf476220281a3028f6b1b55,1,False,Standard,business analyst,USA,Mid,Not specified,Missing,0,,True,True,False,False,False,False,False,97978.77,11.49251630777197
5709927766,e4984b9a677e669ce3cee792349cef27d511224e,1,False,Standard,business analyst,USA,Mid,Not specified,Missing,0,,True,True,False,False,False,False,False,75028.77,11.225640247094585
5709856523,23b46a04a937aef70b7a38053a000cc2ed0d149e,1,False,Standard,business analyst,USA,Mid,Not specified,Missing,0,,True,True,False,False,False,False,False,87429.23,11.378596382847446
5709984564,3804caa858665e99c08926aa81850c0dce6d937e,1,False,Standard,business analyst,USA,Mid,Not specified,Missing,0,,True,True,False,False,False,False,False,69792.52,11.153296447764655
5709911476,4c9c9310eb4fd3c5a58c86d739cdc205202362cc,1,False,Standard,business analyst,USA,Mid,Not specified,Missing,0,,True,True,False,False,False,False,False,73296.95,11.202287920225807
5710050346,ddd2017dc414d92a01797fdd0947da197da41bd2,1,False,Standard,business analyst,USA,Mid,Not specified,Missing,0,,True,True,False,False,False,False,False,72358.98,11.189408663113394
5709907261,9631fb42ff7500bedfda6bc82121b96381a0fc2b,1,False,Standard,business analyst,USA,Mid,Not specified,Missing,0,,True,True,False,False,False,False,False,89854.82,11.405961664738294
5710049079,ba2ed9237d651f2f8d4dd29d8781a7b3448a96b0,1,False,Standard,business analyst,USA,Mid,Not specified,Missing,0,,True,True,False,False,False,False,False,73328.7,11.202720989984426
5709842168,7680b6b1ed85591b31954f71b623385da6d6255a,1,False,Standard,business analyst,USA,Mid,Not specified,Missing,0,,True,True,False,False,False,False,False,65898.25,11.095882339545714
5709843532,614b0331ab7adbe2dc61a3ffe7bbce3198471972,1,False,Standard,business analyst,USA,Mid,Not specified,Missing,0,,True,True,False,False,False,False,False,70896.26,11.16898706579319
5709842140,8d497ef1a4e86b03ebcfef7c10dea82af3c4d36d,1,False,Standard,business analyst,USA,Mid,Not specified,Missing,0,,True,True,False,False,False,False,False,72695.48,11.194048244192604
5709842255,b55e131c285d4d9deb84000318cdf44cc7079cb1,1,False,Standard,business analyst,USA,Mid,Not specified,Missing,0,,True,True,False,False,False,False,False,95667.29,11.468642174570798
5709843170,df2a0388222a567be0cbb720974a1e7bf0ebea66,1,False,Standard,business analyst,USA,Mid,Not specified,Missing,0,,True,True,False,False,False,False,False,69159.38,11.144183434287626
5710051709,a4ef307ed410e71ad6de538942bf586d3975f9a2,1,False,Standard,business analyst,USA,Mid,Not specified,Missing,0,,True,True,False,False,False,False,False,72691.47,11.193993081816084
5702225881,c2bd8d69c12647604d04291c94b0884abf8663ab,1,False,Standard,business analyst,USA,Mid,Not specified,Missing,0,,False,True,False,False,False,False,False,101095.98,11.523835533147961
5694000859,0a78e61e3902344a1e9297608d09e642374c5496,1,False,Standard,business analyst,USA,Mid,Not specified,Missing,0,,False,True,False,False,False,False,False,81605.3,11.309661743854331
5665962639,19459211968f1bd439437f1e3445c71bfd2574d8,1,False,Standard,business analyst,USA,Mid,Not specified,Missing,0,,False,True,False,False,False,False,False,67766.62,11.123839778729357
5672621094,d82fd8143d7373d8fc6361a9c48da5b1fc14e033,1,False,Standard,business analyst,USA,Mid,Not specified,Missing,0,,False,True,False,False,False,False,False,95510.41,11.46700099577187
5692628304,1afecf55d28fb1a7a077164f9a70f73e4f29fcd0,1,False,Standard,business analyst,USA,Mid,Master,Missing,0,,False,True,False,False,False,False,False,103751.43,11.549762859505408
5706725961,855421fc81f9660e1064dba565221919b82d1523,1,False,Standard,business analyst,USA,Mid,Not specified,Missing,0,,False,True,False,False,False,False,False,92427.62,11.434191949929904
5688124610,c7b785c1899d0ee46793f199a231047157a08484,1,False,Standard,business analyst,USA,Mid,Not specified,Missing,1,,False,True,True,False,False,False,False,76924.22,11.250589060114654
5700903300,9eec335396ab5344cc46c82fd5c0ee7f7be06da7,1,False,Standard,business analyst,USA,Mid,Not specified,Missing,0,,False,True,False,False,False,False,False,64271.73,11.070890714513153
5689397892,7d52880aaade0c4129046895def41ccf40afb32a,1,False,Standard,business analyst,USA,Mid,Not specified,Missing,0,,False,True,False,False,False,False,False,66935.74,11.111503273250765
5703163503,280dcd028fb8ad0cedf471153615a9c06035bdb8,1,False,Standard,business analyst,USA,Mid,Not specified,Missing,0,,False,True,False,False,False,False,False,81984.88,11.314302316297157
5686609787,8e6c9343dd59571812a2946a3060c4d4fa6b3f5a,1,False,Standard,business analyst,USA,Mid,Not specified,Missing,0,,False,True,False,False,False,False,False,82017.48,11.31469986670898
5695187502,7f2ed5c7d4106fd5b5dd640277b55cd57df82706,1,False,Standard,business analyst,USA,Mid,Not specified,Missing,0,,False,True,False,False,False,False,False,74425.73,11.217570430491213
5703177386,2c25e0ebfdb0610b9f30bdd700aea4d3eed3c174,1,False,Standard,business analyst,USA,Mid,Not specified,0-2 years,0,2.0,False,False,False,False,False,False,False,103105.06,11.543513446163248
5681812301,4d7dca7b01b9ffe5064d74ac2da454215bf80cf9,1,False,Standard,business analyst,USA,Mid,Not specified,Missing,0,,False,True,False,False,False,False,False,85561.67,11.357004368880547
5689400131,526bf17f2d39f616b7723a96a6f413604f41af94,1,False,Standard,business analyst,USA,Mid,Not specified,Missing,0,,False,True,False,False,False,False,False,117631.27,11.675318681566468
5680893836,a1f95304e4c63b414ec3d9695d0d0e4129a08f63,1,False,Standard,business analyst,USA,Mid,Not specified,Missing,0,,False,True,False,False,False,False,False,69917.44,11.155084698867704
5702077102,7d19ef3b8349645f2fbd26f31a12129150114a48,1,False,Standard,business analyst,USA,Mid,Not specified,Missing,0,,False,True,False,False,False,False,False,55894.16,10.931233072210393
5684673096,168ec51b93717ea11a3ca40a44e40e6e051c486c,1,False,Standard,business analyst,USA,Mid,Not specified,Missing,0,,False,True,False,False,False,False,False,72296.15,11.188539988282766
5672479397,5bdf3109f1d12c6e7ca9690b34fee91652f1912d,1,False,Standard,business analyst,USA,Mid,Not specified,Missing,0,,False,True,False,False,False,False,False,70570.58,11.164382792861431
5654521753,87a3be2bcb52fab9b23adfce2ff8df303711a19e,1,False,Standard,business analyst,USA,Mid,Not specified,Missing,0,,False,True,False,False,False,False,False,100686.77,11.51977962147998
5681821835,98f774b530a0a79199aef2b5f44405295a8d2d53,1,False,Standard,business analyst,USA,Mid,Not specified,Missing,0,,False,True,False,False,False,False,False,64900.05,11.080619081297824
5677555497,44e69d098f01af055e2e4bb87661dd354c5c1744,1,False,Standard,business analyst,USA,Mid,Not specified,Missing,0,,False,True,False,False,False,False,False,86350.42,11.366180528141408
5707842126,15925e8000343a5b1d313033e0294f56e559ab25,1,False,Standard,business analyst,USA,Mid,Not specified,Missing,0,,False,True,False,False,False,False,False,68988.03,11.141702785432615
5674758338,63eb1ee60d772fae86c8ad8c77f0c3be0c1580b6,1,False,Standard,business analyst,USA,Mid,Not specified,Missing,0,,False,True,False,False,False,False,False,64648.07,11.076728998945724
5681954056,a17b56a70271f539be143b1a33cb2f39613a68ad,1,False,Standard,business analyst,USA,Mid,Not specified,Missing,0,,False,True,False,False,False,False,False,92857.98,11.438837277236178
5253271787,73f3c189556974950bd762ce83d2f64ad95d3cc3,1,False,Standard,business analyst,USA,Mid,Not specified,Missing,0,,False,True,False,False,False,False,False,110463.67,11.6124510203091
5707825874,d1d719b0694cc23649920a2996659e3fdbaa445e,1,False,Standard,business analyst,USA,Mid,Not specified,Missing,0,,False,True,False,False,False,False,False,67604.34,11.121442252994028
5702054142,b1eaab4235974258a8ae536ecc6cc5b39f1bdad4,1,False,Standard,business analyst,USA,Mid,Not specified,Missing,1,,False,True,True,False,False,False,False,85499.44,11.35627680111044
5655823083,98b91251e0666521343edd3e6661f0b69e8be098,1,False,Standard,business analyst,USA,Mid,Not specified,Missing,0,,False,True,False,False,False,False,False,74460.73,11.21804058110792
5703015120,7cc54e0941d4c6f95ae8071f295caa084998a420,1,False,Standard,business analyst,USA,Mid,Not specified,Missing,0,,False,True,False,False,False,False,False,84402.98,11.343369835870325
5588702917,0ef9ea67ce801c33b08f7bb516c9e573d1283ef3,1,False,Standard,business analyst,USA,Mid,Not specified,Missing,0,,False,True,False,False,False,False,False,126629.59,11.749029386677265
5706708507,c9fc05ab9d0ec088e14c2c25ee6320971a68db5d,1,False,Standard,business analyst,USA,Mid,Not specified,Missing,0,,False,True,False,False,False,False,False,95366.78,11.465496064541725
5253338098,9e592fbd0bb752f517c119fceccab74f8b758c22,1,False,Standard,business analyst,USA,Mid,Not specified,Missing,0,,False,True,False,False,False,False,False,61099.03,11.020267636157929
5684728491,1c125cf4a6cabac5b64b105489a30edda0f6d679,1,False,Standard,business analyst,USA,Mid,Not specified,Missing,0,,False,True,False,False,False,False,False,54575.85,10.907365079148695
5684687350,74d9934298391940620425b5d51038b37d7fe340,1,False,Standard,business analyst,USA,Mid,Not specified,Missing,0,,False,True,False,False,False,False,False,60475.56,11.010011130928904
5684669478,fda19b7e00396a654b76b4979f8827c4c6e68ca6,1,False,Standard,business analyst,USA,Mid,Not specified,Missing,0,,False,True,False,False,False,False,False,53003.17,10.878125868684492
5684716073,8ae5ccfd28c521abd68974b11d3939e238e76727,1,False,Standard,business analyst,USA,Mid,Not specified,Missing,0,,False,True,False,False,False,False,False,61252.35,11.022773820788869
5684703227,7261c88a0964ff6dcb58926ce0bf6ef146c06ee5,1,False,Standard,business analyst,USA,Mid,Not specified,Missing,0,,False,True,False,False,False,False,False,57039.05,10.951508931665634
5684849570,b59c1f3ab1234516421329657c8cfae96b1a5155,1,False,Standard,business analyst,USA,Mid,Not specified,Missing,0,,False,True,False,False,False,False,False,60468.52,11.009894715415347
5684732426,1bd477260f5571f5bff5899877d3a714006499c8,1,False,Standard,business analyst,USA,Mid,Not specified,Missing,0,,False,True,False,False,False,False,False,62771.5,11.04727235846175
5684630208,c1424d42009ecd4ddb013a38611a6f1e3ab1d8a8,1,False,Standard,business analyst,USA,Mid,Not specified,Missing,0,,False,True,False,False,False,False,False,57794.68,10.964669311382831
5684674268,b899a9d3f03c723026062aa7dca2c6528b63600c,1,False,Standard,business analyst,USA,Mid,Not specified,Missing,0,,False,True,False,False,False,False,False,65086.74,11.083491484808317
5684674250,0e2be5e50148fca1e00780221b34eb52b76b1ec9,1,False,Standard,business analyst,USA,Mid,Not specified,Missing,0,,False,True,False,False,False,False,False,58363.18,10.974457624472091
5684667234,23ce47798c95f2f1a39c7640680dabc33e64d56a,1,False,Standard,business analyst,USA,Mid,Not specified,Missing,0,,False,True,False,False,False,False,False,58088.71,10.969743818720717
5684659371,f5461bc1eb6e40ef29685fe81a2e8ce868a4d106,1,False,Standard,business analyst,USA,Mid,Not specified,Missing,0,,False,True,False,False,False,False,False,89457.06,11.40152519108213
5684624075,5485f1c3317b9c94dc2c8d7fc9336d257d052a16,1,False,Standard,business analyst,USA,Mid,Not specified,Missing,0,,False,True,False,False,False,False,False,79946.59,11.289126573967865
5684675325,e6c671ae79b3b1e9ad36b53284e6e8c54b892001,1,False,Standard,business analyst,USA,Mid,Not specified,Missing,0,,False,True,False,False,False,False,False,62599.09,11.044521994786837
5684685674,d931ae2a9c252fb1fa28bc99100e9c6a09bdc7a5,1,False,Standard,business analyst,USA,Mid,Not specified,Missing,0,,False,True,False,False,False,False,False,83773.63,11.335885496003696
5684658293,4976ce938921aaffa1798180433338281c5a9f29,1,False,Standard,business analyst,USA,Mid,Not specified,Missing,0,,False,True,False,False,False,False,False,64360.67,11.072273548563341
5684687365,9db97ac8e8b13384310141f62fb3d54ab90605e3,1,False,Standard,business analyst,USA,Mid,Not specified,Missing,0,,False,True,False,False,False,False,False,66575.79,11.106111297290267
5684674184,b1338c2c2d0c86a05248b6597e07f0caacaba577,1,False,Standard,business analyst,USA,Mid,Not specified,Missing,0,,False,True,False,False,False,False,False,56150.13,10.935802084630163
5684728925,0c2186db39b7f0381bd5840e49656686c2a5e390,1,False,Standard,business analyst,USA,Mid,Not specified,Missing,0,,False,True,False,False,False,False,False,60713.87,11.013943922334347
5684681347,96c7c57bc829806d1e46e694d2bba7dad8575caf,1,False,Standard,business analyst,USA,Mid,Not specified,Missing,0,,False,True,False,False,False,False,False,61669.86,11.029566813080457
5684681337,56c0a04269654b3b10da430225613c5efbcdc995,1,False,Standard,business analyst,USA,Mid,Not specified,Missing,0,,False,True,False,False,False,False,False,65609.92,11.091497424493317
5684699479,80ef22fd7bea0c564c2bfc1acc0ea67cf2632c34,1,False,Standard,business analyst,USA,Mid,Not specified,Missing,0,,False,True,False,False,False,False,False,66929.48,11.111409747740867
5684527417,12f1a87ada737dd621c45a6299553f51567b4bf9,1,False,Standard,business analyst,USA,Mid,Not specified,Missing,0,,False,True,False,False,False,False,False,63384.25,11.056986463515873
5684845394,ffe3f191521c86a26852699b26b9d1e6d2379484,1,False,Standard,business analyst,USA,Mid,Not specified,Missing,0,,False,True,False,False,False,False,False,61278.88,11.023206846188012
5684731935,80466a9b3b934748dd9603e1184555dfe4e6b4c2,1,False,Standard,business analyst,USA,Mid,Not specified,Missing,0,,False,True,False,False,False,False,False,63405.71,11.057324970787231
5684634034,7ce7d7c6986b15661793acacba29551bbf7c7213,1,False,Standard,business analyst,USA,Mid,Not specified,Missing,0,,False,True,False,False,False,False,False,59246.16,10.989473125359128
5684673594,6c94487d6bebeb060ca6a95221a4ec2460773d18,1,False,Standard,business analyst,USA,Mid,Not specified,Missing,0,,False,True,False,False,False,False,False,73062.32,11.199081741419194
5684671413,5424ac525a484aae4699602937675c4b4ec36db5,1,False,Standard,business analyst,USA,Mid,Not specified,Missing,0,,False,True,False,False,False,False,False,66832.54,11.109960329325197
5684716209,a91148fe46d78d46fb8c5d0fb4c59ac46adbaa1e,1,False,Standard,business analyst,USA,Mid,Not specified,Missing,0,,False,True,False,False,False,False,False,89725.18,11.404517867224955
5684728043,9f2738c4d721b71d9b21302b310dc11e4d42bd25,1,False,Standard,business analyst,USA,Mid,Not specified,Missing,0,,False,True,False,False,False,False,False,73753.15,11.208492543805344
5684623951,7e894d4bd9355eb9504bc045c77ae93051bf7345,1,False,Standard,business analyst,USA,Mid,Not specified,Missing,0,,False,True,False,False,False,False,False,60749.61,11.014532402304646
5684522711,78d19fcd7e1aa1b3555030dd427988def99c7dcf,1,False,Standard,business analyst,USA,Mid,Not specified,Missing,0,,False,True,False,False,False,False,False,81878.3,11.313001490642444
5684665671,b8ae71e6a475ddcfb9649957cb250037f21ab377,1,False,Standard,business analyst,USA,Mid,Not specified,Missing,0,,False,True,False,False,False,False,False,58611.23,10.97869865686132
5684624124,aa83f10ca3d6011237edc382b999ddc28d84e928,1,False,Standard,business analyst,USA,Mid,Not specified,Missing,0,,False,True,False,False,False,False,False,55069.39,10.91636746412722
5684525250,988a93622b0f7cb92b61d14faa82e080b4487451,1,False,Standard,business analyst,USA,Mid,Not specified,Missing,0,,False,True,False,False,False,False,False,73213.4,11.201147401913778
5684730338,c061ca210f221b5f2d3e9819c9a8c40ba1425eca,1,False,Standard,business analyst,USA,Mid,Not specified,Missing,0,,False,True,False,False,False,False,False,64549.5,11.075203142178173
5684679804,22626464949b4ab8fdd89ca88c45f64db20e4640,1,False,Standard,business analyst,USA,Mid,Not specified,Missing,0,,False,True,False,False,False,False,False,68917.02,11.140672961268066
5684691395,7b0a63189dabc7563acdcce519627529d12affb7,1,False,Standard,business analyst,USA,Mid,Not specified,Missing,0,,False,True,False,False,False,False,False,73621.66,11.206708137766295
5684691400,1b0bc3395c8388c863888cb8166c14448ba6be2f,1,False,Standard,business analyst,USA,Mid,Not specified,Missing,0,,False,True,False,False,False,False,False,66544.94,11.105647815200436
5684691396,657f7400bf4a266ad8e59953adec2f7b97faac02,1,False,Standard,business analyst,USA,Mid,Not specified,Missing,0,,False,True,False,False,False,False,False,72540.08,11.191908301063533
5684703557,a42b1d518891470a77e991260efeac4e2755f84f,1,False,Standard,business analyst,USA,Mid,Not specified,Missing,0,,False,True,False,False,False,False,False,60670.34,11.013226707390968
5684665175,a37c30e7b60ce62e5c05ddf9ae158884eeb794e9,1,False,Standard,business analyst,USA,Mid,Not specified,Missing,0,,False,True,False,False,False,False,False,56932.42,10.949637793915581
5684703291,7626578a9a5b6a7aa65cc44626dd78869c2e844b,1,False,Standard,business analyst,USA,Mid,Not specified,Missing,0,,False,True,False,False,False,False,False,75089.26,11.226446135599588
5684787369,34b2d12e84dda8eb92330f20798f89122400ccd1,1,False,Standard,business analyst,USA,Mid,Not specified,Missing,0,,False,True,False,False,False,False,False,61386.86,11.024967374716377
5684703541,8d50fb0cebdb5aed4aab2b077188e6ebcf623996,1,False,Standard,business analyst,USA,Mid,Not specified,Missing,0,,False,True,False,False,False,False,False,58776.24,10.981509984123987
5684674325,2f9779ad7b257493e471ef88926ff3cba728e743,1,False,Standard,business analyst,USA,Mid,Not specified,Missing,0,,False,True,False,False,False,False,False,70124.51,11.158041915525825
5684701846,8baf2b1e1684f7ceb18aea2539980824d9c29d08,1,False,Standard,business analyst,USA,Mid,Not specified,Missing,0,,False,True,False,False,False,False,False,57799.42,10.964751321070054
5692426964,447f46bc8e22fc4c1025a717f77b3a2c04255e2d,1,False,Standard,data scientist,UK,Mid,Not specified,Missing,0,,False,True,False,False,False,False,False,51282.05128205128,10.84511559220445
5692750305,c798fc07e745dad2ae6f38348bfc00fa17db4793,1,False,Standard,data scientist,UK,Junior,Not specified,Missing,1,,False,True,True,False,False,False,False,66025.64102564102,11.097813591466702
5692750302,53213a954a4a5fe95d8146163dad1ac9ecf277c4,1,False,Standard,data scientist,UK,Mid,Not specified,Missing,1,,False,True,True,False,False,False,False,66025.64102564102,11.097813591466702
5692750304,c668676aa8b57dee881413fb2782ad19453db24d,1,False,Standard,data scientist,UK,Mid,Not specified,Missing,1,,False,True,True,False,False,False,False,66025.64102564102,11.097813591466702
5684167146,069fd0be1297a518d1e51aceaabc1ef523f92d35,1,False,Standard,data scientist,UK,Mid,Not specified,Missing,0,,False,True,False,False,False,False,False,95839.7564102564,11.47044330574568
5684235929,6c1a0a6381874c10a11906a747e7b2d443681f73,1,False,Standard,data scientist,UK,Mid,Not specified,Missing,0,,False,True,False,False,False,False,False,61374.19230769231,11.024760998414802
5708340277,5fc9eb2804328df1bf86857021a2ae8b746a613a,1,False,Standard,data scientist,UK,Mid,Not specified,Missing,1,,False,True,True,False,False,False,False,60037.192307692305,11.0027361771611
5679236322,68ecaa23ffc551a83aa0ed86549b65bff2a4ae34,1,False,Standard,data scientist,UK,Mid,Not specified,Missing,0,,False,True,False,False,False,False,False,187500.0,12.141539457711714
5680370255,d5d30573e1caa9e28b8e695830ef340dc5634585,1,True,Premium,data scientist,UK,Senior,Not specified,Missing,1,,False,True,True,False,False,False,False,94228.73076923077,11.453491024030539
5699050502,4615e3794e1b61085f055fba7885f89129fd41b6,1,False,Standard,data scientist,UK,Mid,Not specified,Missing,1,,False,True,True,False,False,False,False,75254.47435897436,11.228643928921516
5706300834,c4ac5df2848009ef99ea7459813c33dc165ebd76,1,True,Premium,data scientist,UK,Senior,Not specified,Missing,0,,False,True,False,False,False,False,False,102544.30769230769,11.538060006162185
5706300848,9454d6bb34d2c4eb3ec480fdc9045509f68dc1c1,1,True,Premium,data scientist,UK,Lead,Not specified,Missing,0,,False,True,False,False,False,False,False,48245.653846153844,10.784081754023505
5695728826,7b0e0da95c909a794a1c7e69e558597915bb2d6d,1,False,Standard,data scientist,UK,Mid,Not specified,Missing,0,,False,True,False,False,False,False,False,64102.5641025641,11.068255243587103
5699815321,11ca0a00ff4b7f9831762a272f7c16c55ee57cbc,1,False,Standard,data scientist,UK,Mid,Not specified,Missing,0,,False,True,False,False,False,False,False,75719.46153846153,11.23480370063566
5703709533,2e78ee6a482e88313e53e3189c8c944b178587fe,1,False,Standard,data scientist,UK,Mid,Not specified,Missing,0,,True,True,False,False,False,False,False,63543.217948717946,11.059491288193746
5689922554,914d1ad8a075a46a4b0d3c12f521a42239b9a867,1,False,Standard,data scientist,UK,Mid,Not specified,Missing,1,,False,True,True,False,False,False,False,54377.166666666664,10.903718004243137
5682616630,a7dd0500083e411cc861ad52c8a6feeef3ee66d0,1,False,Standard,data scientist,UK,Mid,Not specified,Missing,0,,False,True,False,False,False,False,False,76436.64102564103,11.244230537407594
5682617213,1cc8160b7cdd50477d065a09639b82f2e735e370,1,False,Standard,data scientist,UK,Mid,Not specified,Missing,0,,False,True,False,False,False,False,False,77190.57692307692,11.254045622846213
5635009487,60878c7041354ae46b915a0c7c488e00387fef5d,1,False,Standard,data scientist,UK,Mid,Not specified,11+ years,0,20.0,False,False,False,False,False,False,False,52630.3717948718,10.871067642892653
5705308087,76865cb8576460dff8ad11e4bb7aa3cdd42d2872,1,False,Standard,data scientist,UK,Mid,Not specified,Missing,0,,False,True,False,False,False,False,False,45864.58974358974,10.733470436110075
5694979760,9c184d0fc360e4f2c2ef2a4d5ace47919332359d,1,True,Premium,data scientist,UK,Lead,Not specified,3-5 years,1,5.0,False,False,True,False,False,False,False,134615.38461538462,11.810184416981997
5707027225,b986ed5ac6cfbf8b91cc2e6183950a8815f47645,1,True,Premium,data scientist,UK,Senior,Not specified,Missing,0,,False,True,False,False,False,False,False,96153.84615384616,11.473715151762867
5688945442,c9aabf2a0dc41c7cdb07a60a7b28576b9c5bbe57,1,True,Premium,data scientist,UK,Senior,Not specified,Missing,1,,False,True,True,False,False,False,False,89743.58974358974,11.404723023125058
5656249276,1c97de294ec86fda0a86cdc6453d7dce3efe1c40,1,False,Standard,data scientist,UK,Mid,Not specified,Missing,0,,False,True,False,False,False,False,False,79788.66666666667,11.287149284660646
5702474617,4bf150398403dd056c4b471e3c099e43d4c59aeb,1,False,Standard,data scientist,UK,Mid,Not specified,Missing,0,,False,True,False,False,False,False,False,43502.179487179485,10.68058930606501
5697215260,a3cca0f5a1a0ea17b960b41af44b9c8ed2838efb,1,True,Premium,data scientist,UK,Senior,Not specified,Missing,1,,False,True,True,False,False,False,False,64304.75641025641,11.071404430483916
5710666859,cdeb587712684227976ec36974f8098ed5866a6e,1,False,Standard,data scientist,UK,Mid,Not specified,Missing,1,,False,True,True,False,False,False,False,128072.5,11.760359596851252
5710394871,73ceb6d62a41eed3344678cfbaea78441c544279,1,False,Standard,data scientist,UK,Mid,Not specified,Missing,1,,False,True,True,False,False,False,False,126821.58974358974,11.750544457669951
5709977960,e3be146b6ef46adbf01e5d2bc7eaf9625cef46c1,1,False,Standard,data scientist,UK,Mid,Not specified,Missing,0,,False,True,False,False,False,False,False,94027.10256410256,11.451348980019374
5710666901,a2106165f0dba45865af3d814c778dd44fc63cd0,1,True,Premium,data scientist,UK,Senior,Not specified,Missing,0,,False,True,False,False,False,False,False,93384.84615384614,11.444495072624857
5710394521,8bb7c0e54c3064022dd76148c8840c9819ab5c5d,1,True,Premium,data scientist,UK,Senior,Not specified,Missing,0,,False,True,False,False,False,False,False,92472.92307692308,11.434681971073754
5704595409,b85d2ba5591f904c0d8f0f69d224479c0043181b,1,True,Premium,data scientist,UK,Senior,Not specified,Missing,0,,False,True,False,False,False,False,False,97019.61538461539,11.482678764642577
5697216605,05a62ea8e5521db9ba4c66d99b9407e6a050b6c5,1,True,Premium,data scientist,UK,Lead,Not specified,Missing,1,,False,True,True,False,False,False,False,83835.78205128205,11.336627116796338
5684034578,2244fcc4ba271acaa4544af3543b113f41238053,1,False,Standard,data scientist,UK,Mid,Not specified,Missing,4,,False,True,True,True,False,False,True,76923.07692307692,11.250574200418239
5709400834,4ea577b572e6315da8102ad0d9fd1d672f032ff8,1,True,Premium,data scientist,UK,Lead,Not specified,Missing,0,,False,True,False,False,False,False,False,102564.10256410256,11.538253022906988
5698145518,3ac803af1b99a82feb0ab63e99613f66265b0969,1,True,Premium,data scientist,UK,Lead,Not specified,Missing,0,,False,True,False,False,False,False,False,92619.69230769231,11.43626785471737
5551369605,1c0b4b1b1e8207ff74bfb27f3aebc5b87114d737,1,False,Standard,data scientist,UK,Mid,Not specified,Missing,0,,False,True,False,False,False,False,False,62071.12820512821,11.036052345997742
5551370268,14664d3f11476d0553b305fa858e59b9ff97df5c,1,False,Standard,data scientist,UK,Mid,Not specified,Missing,0,,False,True,False,False,False,False,False,61464.85897435897,11.0262371610198
5701121384,e4644cc5f45aa99badb3a01cf528a7afaa6cae4d,1,False,Standard,data scientist,UK,Mid,Not specified,Missing,1,,False,True,True,False,False,False,False,94003.61538461539,11.451099159883118
5701121804,61159b6dcb52a0192529559ed2180398f21c7b3b,1,False,Standard,data scientist,UK,Mid,Not specified,Missing,1,,False,True,True,False,False,False,False,93085.46153846155,11.441284034199581
5687538699,abce67d8f4d5ca7ec4b5c3bf05e84e1a73d23577,1,True,Premium,data scientist,UK,Senior,Not specified,Missing,1,,False,True,True,True,False,False,False,81125.2564102564,11.303761941223986
5687539185,620789bf16082ffba91de348264f802881a6433b,1,True,Premium,data scientist,UK,Senior,Not specified,Missing,1,,False,True,True,True,False,False,False,80333.05128205128,11.293948860885717
5683636213,2aea68fc1e46bd01b5cfa578b6587bbf5c29d9a6,1,False,Standard,data scientist,UK,Mid,Not specified,Missing,0,,False,True,False,False,False,False,False,44871.79487179487,10.711586985236012
5683636218,ec3afe11c735fbeddc85b80b58d36217a3fa4134,1,False,Standard,data scientist,UK,Mid,Not specified,Missing,0,,False,True,False,False,False,False,False,44871.79487179487,10.711586985236012
5683636646,155522d4dc8259bcc081f0d026e95b2f97dbef78,1,False,Standard,data scientist,UK,Mid,Not specified,Missing,0,,False,True,False,False,False,False,False,44871.79487179487,10.711586985236012
5683636755,f6f2ce0db7b75082046f79e6be0796225d1afa7d,1,False,Standard,data scientist,UK,Mid,Not specified,Missing,0,,False,True,False,False,False,False,False,44871.79487179487,10.711586985236012
5683636653,1255552e78cbe1a9ce220760e5be71875d83a5bf,1,False,Standard,data scientist,UK,Mid,Not specified,Missing,0,,False,True,False,False,False,False,False,44871.79487179487,10.711586985236012
5683834385,9873059f885ec16965fe76335dff5f4285ad5539,1,False,Standard,data scientist,UK,Mid,Not specified,Missing,0,,False,True,False,False,False,False,False,44871.79487179487,10.711586985236012
5683628703,c21070380fb2dc7a21b526c9f0d9bff1df930de7,1,False,Standard,data scientist,UK,Mid,Not specified,Missing,0,,False,True,False,False,False,False,False,44871.79487179487,10.711586985236012
5683628141,712a0401035526a25d4e1fa0168abfe38e5aa2fb,1,False,Standard,data scientist,UK,Mid,Not specified,Missing,0,,False,True,False,False,False,False,False,44871.79487179487,10.711586985236012
5683628082,3ca3f283d76564c14b65c3a5db00cfa7fe5c57e3,1,False,Standard,data scientist,UK,Mid,Not specified,Missing,0,,False,True,False,False,False,False,False,44871.79487179487,10.711586985236012
5683628052,6d833cb6072016febd1964fb7ac4e162afc74bd8,1,False,Standard,data scientist,UK,Mid,Not specified,Missing,0,,False,True,False,False,False,False,False,44871.79487179487,10.711586985236012
5683628135,e665a60a7a45c5a25208ecfc6b161a59246e6f2c,1,False,Standard,data scientist,UK,Mid,Not specified,Missing,0,,False,True,False,False,False,False,False,44871.79487179487,10.711586985236012
5683628132,544265b7046a31eb99ebadcfc9fba0e58b446ce9,1,False,Standard,data scientist,UK,Mid,Not specified,Missing,0,,False,True,False,False,False,False,False,44871.79487179487,10.711586985236012
5683628129,4e1056067b0c9df6d2717cc62786aebf57627d83,1,False,Standard,data scientist,UK,Mid,Not specified,Missing,0,,False,True,False,False,False,False,False,44871.79487179487,10.711586985236012
5683628080,3276c8604439a839b2fbfe1f88c379e6bbf0f3cd,1,False,Standard,data scientist,UK,Mid,Not specified,Missing,0,,False,True,False,False,False,False,False,44871.79487179487,10.711586985236012
5683629146,4443105e5fdf49a6331d515df9ff725977dce68b,1,False,Standard,data scientist,UK,Mid,Not specified,Missing,0,,False,True,False,False,False,False,False,44871.79487179487,10.711586985236012
5683636733,be0cba1306087b95d6c245be5bf33d0aee5ff93a,1,False,Standard,data scientist,UK,Mid,Not specified,Missing,0,,False,True,False,False,False,False,False,44871.79487179487,10.711586985236012
5683636647,968dc722ba2fbd28c0d1b6f11abc4d393454399e,1,False,Standard,data scientist,UK,Mid,Not specified,Missing,0,,False,True,False,False,False,False,False,44871.79487179487,10.711586985236012
5683636746,3fa6350505a95710c7877b38dfe47615f149c1de,1,False,Standard,data scientist,UK,Mid,Not specified,Missing,0,,False,True,False,False,False,False,False,44871.79487179487,10.711586985236012
5683636405,eb9e997531bb0fd7fb560b7c689c71c06053cb10,1,False,Standard,data scientist,UK,Mid,Not specified,Missing,0,,False,True,False,False,False,False,False,44871.79487179487,10.711586985236012
5683631826,e2ad4c2d76d3bcaf399c9e54c54bbd87fb6c9549,1,False,Standard,data scientist,UK,Mid,Not specified,Missing,0,,False,True,False,False,False,False,False,44871.79487179487,10.711586985236012
5683631495,89d259db6ee3f2feed8c4082fdd9a4cd4d8f4672,1,False,Standard,data scientist,UK,Mid,Not specified,Missing,0,,False,True,False,False,False,False,False,44871.79487179487,10.711586985236012
5683631900,4911809f202d11022e8ecbd158de801c3eb18ad4,1,False,Standard,data scientist,UK,Mid,Not specified,Missing,0,,False,True,False,False,False,False,False,44871.79487179487,10.711586985236012
5683631813,73c0f5b4530bb444fb6e638193237475a460ef17,1,False,Standard,data scientist,UK,Mid,Not specified,Missing,0,,False,True,False,False,False,False,False,44871.79487179487,10.711586985236012
5683631498,5a6e40f74f3b0543340ed076785133ae8bc97380,1,False,Standard,data scientist,UK,Mid,Not specified,Missing,0,,False,True,False,False,False,False,False,44871.79487179487,10.711586985236012
5683636822,e2adb5db43bb3cb1104e1bd3c8883111feb10451,1,False,Standard,data scientist,UK,Mid,Not specified,Missing,0,,False,True,False,False,False,False,False,44871.79487179487,10.711586985236012
5683632238,0f9404d2a3cf2c82d555656e7862c7dc53640272,1,False,Standard,data scientist,UK,Mid,Not specified,Missing,0,,False,True,False,False,False,False,False,44871.79487179487,10.711586985236012
5683632241,bf0a8819e5f05b2483c10ecf917f4e2272dd0068,1,False,Standard,data scientist,UK,Mid,Not specified,Missing,0,,False,True,False,False,False,False,False,44871.79487179487,10.711586985236012
5683632390,e79e1ed721e104a838d9524f4e5c71c0141dc7bc,1,False,Standard,data scientist,UK,Mid,Not specified,Missing,0,,False,True,False,False,False,False,False,44871.79487179487,10.711586985236012
5683632367,3ae5c0e24c09117686317acd6b6968588a07cb60,1,False,Standard,data scientist,UK,Mid,Not specified,Missing,0,,False,True,False,False,False,False,False,44871.79487179487,10.711586985236012
5683632286,7165f12e1415a6d2859840f6d0b153656b40b991,1,False,Standard,data scientist,UK,Mid,Not specified,Missing,0,,False,True,False,False,False,False,False,44871.79487179487,10.711586985236012
5683632277,ec9754e563e6d01da0e621b86a48ab0c0e95b9cb,1,False,Standard,data scientist,UK,Mid,Not specified,Missing,0,,False,True,False,False,False,False,False,44871.79487179487,10.711586985236012
5683632293,73270cd46357cfab14b1cbf300997ef382122cf3,1,False,Standard,data scientist,UK,Mid,Not specified,Missing,0,,False,True,False,False,False,False,False,44871.79487179487,10.711586985236012
5683632272,8a25838c3451512ed1d9c5917bb952e65b66e611,1,False,Standard,data scientist,UK,Mid,Not specified,Missing,0,,False,True,False,False,False,False,False,44871.79487179487,10.711586985236012
5683687534,9ccf6ffcd5b419afa8cfdf7699c5c7ad9086e46c,1,False,Standard,data scientist,UK,Mid,Not specified,Missing,0,,False,True,False,False,False,False,False,44871.79487179487,10.711586985236012
5683637496,fbe778eb70bc8b3221ceb054c1e23af7e25f9ecd,1,False,Standard,data scientist,UK,Mid,Not specified,Missing,0,,False,True,False,False,False,False,False,44871.79487179487,10.711586985236012
5683773992,fd9f61ac690ec7de499e599b9d6301d70fce06cc,1,False,Standard,data scientist,UK,Mid,Not specified,Missing,0,,False,True,False,False,False,False,False,44871.79487179487,10.711586985236012
5683636787,5998a6bb30d6ad8b3790f0a8bde070edb3fc4d9a,1,False,Standard,data scientist,UK,Mid,Not specified,Missing,0,,False,True,False,False,False,False,False,44871.79487179487,10.711586985236012
5683636812,3d2405c345fecfcb36a21251963e0c325a36be4f,1,False,Standard,data scientist,UK,Mid,Not specified,Missing,0,,False,True,False,False,False,False,False,44871.79487179487,10.711586985236012
5683637421,196cc62010b77ace6b7dccb3c533fa834011b804,1,False,Standard,data scientist,UK,Mid,Not specified,Missing,0,,False,True,False,False,False,False,False,44871.79487179487,10.711586985236012
5683628842,5027cf32fb29d11776c35bd311cc5186bad94190,1,False,Standard,data scientist,UK,Mid,Not specified,Missing,0,,False,True,False,False,False,False,False,44871.79487179487,10.711586985236012
5683630368,3412fbf1058781296347767544bf577afe0e27c3,1,False,Standard,data scientist,UK,Mid,Not specified,Missing,0,,False,True,False,False,False,False,False,44871.79487179487,10.711586985236012
5683629660,24654c6d1b99fd93f84aceacd72d99431631ac43,1,False,Standard,data scientist,UK,Mid,Not specified,Missing,0,,False,True,False,False,False,False,False,44871.79487179487,10.711586985236012
5683630060,03f3b3d5cf1dced6166b48da8738d39ea33edada,1,False,Standard,data scientist,UK,Mid,Not specified,Missing,0,,False,True,False,False,False,False,False,44871.79487179487,10.711586985236012
5683629872,6c14bea4ad3b60e121d533f1419f7bcff63e2d05,1,False,Standard,data scientist,UK,Mid,Not specified,Missing,0,,False,True,False,False,False,False,False,44871.79487179487,10.711586985236012
5684033548,bd0c9a77a25e250c04ad9bf1dd48d683f01afe31,1,True,Premium,data scientist,UK,Lead,Not specified,Missing,0,,False,True,False,False,False,False,False,108974.35897435897,11.598877071199437
5685318770,b5c31ab670367c41b5e60f1a6a41d936cab1fe9e,1,False,Standard,data scientist,UK,Mid,Not specified,Missing,0,,False,True,False,False,False,False,False,51282.05128205128,10.84511559220445
5701284229,e3a63b3276c835885ea868739b0f101a6cba913d,1,True,Premium,data scientist,UK,Senior,Not specified,Missing,1,,False,True,True,False,False,False,False,96153.84615384616,11.473715151762867
5686851575,0fba96cb1e5f8a00264d1e443dbdcb189261b4e5,1,True,Premium,data scientist,UK,Senior,Not specified,Missing,0,,False,True,False,False,False,False,False,115384.61538461538,11.656034975240013
5685273336,addf5436a1221a194636696eb377e1a2ce056cce,1,False,Standard,data scientist,UK,Mid,Not specified,Missing,0,,False,True,False,False,False,False,False,68492.74358974358,11.134497685622772
5670536715,da851df5bd361cd4b6e44f040213b384e8fb9aeb,1,False,Standard,data scientist,UK,Mid,Not specified,Missing,0,,False,True,False,False,False,False,False,89735.7564102564,11.404635734573839
5708344145,bb22be58ab42c0b87cf40dbbb227a3958caf0d22,1,False,Standard,data scientist,UK,Mid,Not specified,Missing,0,,False,True,False,False,False,False,False,73416.14102564102,11.203912716298651
5686943462,afae44bbaa2adf09ebc822b5037db4a502009f2a,1,False,Standard,data scientist,UK,Mid,Not specified,Missing,4,,False,True,True,True,False,False,True,76923.07692307692,11.250574200418239
5700175455,ce78612dc3a8c3f2b0946443c441e2e8ceb8bfa6,1,False,Standard,data scientist,UK,Mid,Not specified,6-10 years,0,10.0,False,False,False,False,False,False,False,87326.85897435897,11.377424808610725
5696233233,0b98750ad3d648851fd103ef101a1825fefe2d9d,1,False,Standard,data scientist,UK,Mid,Not specified,Missing,1,,False,True,True,False,False,False,False,55089.60256410256,10.916734428219662
5627675030,f22e6a9521232ef9a2eca4e36677b331de12bc1e,1,False,Standard,data scientist,UK,Mid,Not specified,Missing,1,,False,True,True,False,False,False,False,57692.30769230769,10.962896461234068
5627675028,b6390bc952920ef3c7ae08ea0a16c66c29dccc3f,1,False,Standard,data scientist,UK,Mid,Not specified,Missing,1,,False,True,True,False,False,False,False,57692.30769230769,10.962896461234068
5627675031,be84425ee33d2d69c22007e382e51d22153a09c1,1,False,Standard,data scientist,UK,Mid,Not specified,Missing,1,,False,True,True,False,False,False,False,57692.30769230769,10.962896461234068
5627675029,c877aef2e42feb5e27d8a6456f2d0e3bcd371e8e,1,False,Standard,data scientist,UK,Mid,Not specified,Missing,1,,False,True,True,False,False,False,False,57692.30769230769,10.962896461234068
5603322132,4b36c114621f56887e0cc14378b08d3ac06964a0,1,False,Standard,data scientist,UK,Mid,Bachelor,Missing,0,,False,True,False,False,False,False,False,90422.48717948717,11.412259326566854
5672963603,9b4e5ea48677e1d6c088c08ebd6f6dc59f0b674e,1,False,Standard,data scientist,UK,Mid,Not specified,Missing,0,,False,True,False,False,False,False,False,66018.5,11.097705431915918
5533597835,c997566d10b4f73d853acf9b181b9eefb9d16d0a,1,False,Standard,data scientist,UK,Mid,Not specified,Missing,1,,True,True,True,False,False,False,False,69744.92307692308,11.152614247465252
5603181494,2e874930a3f7bd50daf6b3e104fe649012630864,1,False,Standard,data scientist,UK,Mid,PhD,Missing,1,,False,True,True,False,False,False,False,96776.85897435897,11.480173517498333
5693207851,b6ea2d93afef07fa06d11c543a2787d2193a3c84,1,False,Standard,data scientist,UK,Mid,Not specified,Missing,0,,True,True,False,False,False,False,False,125000.0,11.736077016252437
5696608264,c981b3e7e6712524849fb1ac4b6cb40cecd0f30e,1,False,Standard,data scientist,UK,Mid,Master,3-5 years,2,5.0,False,False,True,True,False,False,False,78402.26923076922,11.269620904841162
5708449574,55e90ede7ebb7ebb7e9f1ef90b8ac725a8f08960,1,False,Standard,data scientist,UK,Mid,Not specified,Missing,3,,False,True,True,True,True,False,False,70512.82051282052,11.163564005230729
5698419401,f9c64ff5a3bddad2a281d379e1f3222448ddfd93,1,False,Standard,data scientist,UK,Mid,Not specified,Missing,0,,False,True,False,False,False,False,False,146166.66666666666,11.892509643607994
5683821067,03c8d0dadd43d358ab6d91b0898dbfbd4d31afe5,1,False,Standard,data scientist,UK,Mid,Not specified,Missing,0,,False,True,False,False,False,False,False,83055.42307692308,11.32727545192953
5684551306,5b83288a06dce39612ff65f61c186b83c9a2d3c0,1,False,Standard,data scientist,UK,Mid,Not specified,Missing,0,,False,True,False,False,False,False,False,76923.07692307692,11.250574200418239
5706065158,03a7f0647d9743995b7b9c3b4b68001651ea1add,1,False,Standard,data scientist,UK,Mid,Not specified,Missing,0,,False,True,False,False,False,False,False,66858.83333333333,11.110353667200018
5686282157,e27ebb203ccca98538884345e73f14d07d7e953a,1,False,Standard,data scientist,UK,Mid,Not specified,Missing,1,,False,True,True,False,False,False,False,98590.88461538461,11.49874423107139
5707359024,d7e38011d75ea34ad210af649b7a0aa76636216c,1,False,Standard,data scientist,UK,Mid,Not specified,Missing,0,,False,True,False,False,False,False,False,89743.58974358974,11.404723023125058
5675116808,ebabf8d0088cf7b185b54ee9b699769ccf09054f,1,False,Standard,data scientist,UK,Mid,Not specified,Missing,1,,False,True,True,False,False,False,False,59645.30769230769,10.996187526068004
5644860096,5488ead958b6411e7760661fed82260248baf596,1,False,Standard,data scientist,UK,Mid,Master,Missing,1,,False,True,True,False,False,False,False,52643.217948717946,10.871311690994235
5701325403,cb517b4983c62488df2f92a231adc69c4c178283,1,False,Standard,data scientist,UK,Mid,Not specified,Missing,0,,False,True,False,False,False,False,False,73056.79487179487,11.199006117465563
5699108946,c95b2c46d9e80d36811b191d7cb915c7a02cb5e3,1,False,Standard,data scientist,UK,Mid,Not specified,Missing,0,,False,True,False,False,False,False,False,70512.82051282052,11.163564005230729
5702670083,aacb6ff42fc239aca8178a7b184579ef7f06ea6e,1,False,Standard,data scientist,UK,Mid,Master,Missing,0,,False,True,False,False,False,False,False,60897.4358974359,11.01696277023904
5580333585,d53fdb27c0e13691627bf3b8d42734232544dc0e,1,False,Standard,data scientist,UK,Mid,Not specified,Missing,0,,False,True,False,False,False,False,False,87947.41025641025,11.384505674464082
5555211901,1275c87368bca2c0875e9752582a9e6295b0b967,1,False,Standard,data scientist,UK,Mid,Not specified,Missing,1,,False,True,True,False,False,False,False,90064.38461538461,11.408291181268622
5704060289,87a3d36b4b8248fda4668f74db8d51e60bdd3662,1,False,Standard,data scientist,UK,Mid,Not specified,3-5 years,0,3.0,False,False,False,False,False,False,False,266666.6666666667,12.493758467974924
5704059058,d7cca038ccf3452a53e8049a698435c6d208207a,1,False,Standard,data scientist,UK,Mid,Not specified,3-5 years,0,3.0,False,False,False,False,False,False,False,266666.6666666667,12.493758467974924
5701375061,38aeb0afbca9ca961ffe9e2ff08f4c2f707dfc31,1,False,Standard,data scientist,UK,Mid,Not specified,Missing,2,,False,True,True,False,False,False,True,89686.14102564103,11.404082682426504
5710435940,8d7fe22a58c1846c8fc7cfc00e5d14dc279722d3,1,False,Standard,data scientist,UK,Mid,Not specified,Missing,1,,False,True,True,False,False,False,False,112886.78205128205,11.634149525072438
5695962268,07d18a57015f47faca0e4ec46d2f5a6468d7d308,1,False,Standard,data scientist,UK,Mid,Not specified,Missing,0,,False,True,False,False,False,False,False,45520.38461538462,10.725937486074523
5695001952,82c74bcd9fadac13696368246fe2a9c512036185,1,False,Standard,data scientist,UK,Mid,Not specified,Missing,2,,False,True,True,False,False,False,True,90777.07692307691,11.416173091858743
5661491416,293c272b2164085755bbf6d742cddde2d9964fa5,1,False,Standard,data scientist,UK,Mid,Not specified,Missing,0,,False,True,False,False,False,False,False,88466.17948717948,11.390386908960739
5694397700,06e97bf64df6cc7a56c11cf94835a70748236d38,1,False,Standard,data scientist,UK,Mid,Not specified,Missing,0,,False,True,False,False,False,False,False,58642.179487179485,10.979226555540512
5665231122,9eae6e2993f172a3dc0a4e5ff275f41f39234cc6,1,False,Standard,data scientist,UK,Mid,Not specified,Missing,0,,False,True,False,False,False,False,False,74154.76923076923,11.213923149404835
5555943151,7a3ffbdfc56682a33f499d64b37822f203ff749f,1,False,Standard,data scientist,UK,Mid,Not specified,Missing,1,,False,True,True,False,False,False,False,88834.1282051282,11.394537438651588
5680204486,f62c036bb7fb247a955a884b91cbb9dfb57c2eb9,1,False,Standard,data scientist,UK,Mid,Not specified,Missing,1,,False,True,True,False,False,False,False,123076.29487179486,11.720567850577243
5699374533,d7b7423929e02e1f9fe5b66550eda87d5decdded,1,False,Standard,data scientist,UK,Mid,Not specified,Missing,0,,False,True,False,False,False,False,False,89743.58974358974,11.404723023125058
5670435545,31b90f782a12c134dd6e9c1ee9825047070ef211,1,False,Standard,data scientist,UK,Mid,Not specified,Missing,1,,False,True,True,False,False,False,False,166666.66666666666,12.023757088718218
5670536806,68853e1380b1b019f1e3323cf95bbd427add0194,1,False,Standard,data scientist,UK,Mid,Not specified,Missing,3,,False,True,True,True,True,False,False,64030.96153846154,11.067137636722071
5653640980,b2dee6aae35bd8d1aa3a6ded42ad2ebd45742852,1,False,Standard,data scientist,UK,Mid,Not specified,Missing,0,,False,True,False,False,False,False,False,198717.94871794872,12.199646787445285
5664205481,8c460aff86e19804bf2d661d6df739725996c9d7,1,False,Standard,data scientist,UK,Mid,Not specified,Missing,1,,False,True,True,False,False,False,False,74698.67948717948,11.221231080444763
5695090797,f866e4e3586b7fbc528bc84d93a1a61f6c9c71e4,1,False,Standard,data scientist,UK,Mid,Not specified,Missing,0,,False,True,False,False,False,False,False,70512.82051282052,11.163564005230729
5119755210,9229f72262e8e8e85ed27b459aa7cf246e61d91b,1,False,Standard,data scientist,UK,Mid,Not specified,Missing,0,,False,True,False,False,False,False,False,74406.67948717948,11.21731443440818
5299400273,a288d14090ff9cbc578f78a17cd99de5a66f27e3,1,False,Standard,data scientist,UK,Mid,Not specified,Missing,0,,False,True,False,False,False,False,False,50338.44871794871,10.826544317456293
5652405526,a30c75d2f1b03537961050cc44c7981b77984335,1,False,Standard,data scientist,UK,Mid,Not specified,Missing,0,,False,True,False,False,False,False,False,84965.03846153845,11.350006908120767
5210483090,a4ea94707d8ad1d126afc0a10fe16b880e7b18f2,1,False,Standard,data scientist,UK,Mid,Not specified,Missing,1,,False,True,True,True,False,False,False,33033.166666666664,10.405297658375163
5701477419,34009249f282ce8476a7fb3ef166532a65d16401,1,False,Standard,data scientist,UK,Mid,Not specified,Missing,0,,False,True,False,False,False,False,False,67733.83333333333,11.123355851442433
5587669999,d112050c8a0cbb39dcedc8adc7db26f195e95afe,1,False,Standard,data scientist,UK,Mid,Not specified,Missing,0,,False,True,False,False,False,False,False,97899.79487179486,11.491709947707243
5648688891,c42031416fe1dddd03a0810377d260639a0ed3d8,1,False,Standard,data scientist,UK,Mid,Not specified,Missing,0,,False,True,False,False,False,False,False,69186.65384615384,11.1445777130605
5636215138,c3793756035240d3fd7e420dff7582ef66e9d0cc,1,False,Standard,data scientist,UK,Mid,Not specified,Missing,0,,False,True,False,False,False,False,False,95826.96153846153,11.47030979546867
5679132998,5a1378946e47ee0496da78cf26a19c654d6be43d,1,False,Standard,data scientist,UK,Mid,Not specified,Missing,0,,False,True,False,False,False,False,False,64125.38461538462,11.068611174682601
5701474098,f06b167403f61a41979150891d8c4d91d72cadd5,1,False,Standard,data scientist,UK,Mid,Not specified,Missing,1,,False,True,True,False,False,False,False,99915.08974358975,11.512086010162509
5648688469,9b4ee99453019362c6a341e8e5df499a6bad0d31,1,False,Standard,data scientist,UK,Mid,Not specified,Missing,0,,False,True,False,False,False,False,False,69014.85897435897,11.142091597378283
5710797202,8ab9e440df2e97b9864ce56ee1d12fb96dff81e6,1,False,Standard,data scientist,UK,Mid,Not specified,Missing,3,,False,True,True,True,True,True,False,70512.82051282052,11.163564005230729
5540938258,c9cd8478a58af396c35de4b945bac5d350a1d391,1,False,Standard,data scientist,UK,Mid,Not specified,Missing,0,,False,True,False,False,False,False,False,60257.628205128196,11.006401047823918
5698513107,1d97226148a6243e3a004561e794dad6ebcb5d81,1,False,Standard,data scientist,UK,Mid,Not specified,Missing,0,,False,True,False,False,False,False,False,146166.66666666666,11.892509643607994
5633549794,b49ff4e5f47ea452971c74defacbf8a314dd41ff,1,False,Standard,data scientist,UK,Mid,Not specified,Missing,0,,False,True,False,False,False,False,False,58600.64102564102,10.978517979023533
5686416720,ccd5e2254f50c976683c6cb0e7a476f4b7a8f5ba,1,False,Standard,data scientist,UK,Mid,Not specified,Missing,1,,False,True,True,False,False,False,False,141666.66666666666,11.86123921803706
5696170769,df1ad5b6cbddbe0f29a735a2e4f24cdce73779c1,1,False,Standard,data scientist,UK,Mid,Not specified,Missing,1,,False,True,True,False,False,False,False,98148.46153846153,11.494246713581168
5210482067,b68e4f2a359547c13b7a0f1a590fc842101fdce6,1,False,Standard,data scientist,UK,Mid,Not specified,Missing,0,,False,True,False,False,False,False,False,58110.1282051282,10.970112459871704
5210490645,3de04246c13f3474eecea799e85701db2903875b,1,False,Standard,data scientist,UK,Mid,Not specified,Missing,0,,False,True,False,False,False,False,False,55427.179487179485,10.92284339841751
5688007510,d6eb6afac1ff1dd7b428bab780cc076b5d0d0708,1,False,Standard,data scientist,UK,Mid,Not specified,Missing,0,,False,True,False,False,False,False,False,85632.57692307692,11.357832738992697
5210482313,727d8d921fc1e808b2623af36738f6fd22e8bca6,1,False,Standard,data scientist,UK,Mid,Bachelor,Missing,0,,False,True,False,False,False,False,False,49137.615384615376,10.802400468726939
5677807627,97613e626aa076d80a202302674caf1b551eb2fa,1,False,Standard,data scientist,UK,Mid,Not specified,Missing,0,,True,True,False,False,False,False,False,83333.33333333333,11.330615908104274
5634655548,7f6c5107e21d9858e86faba4f2ae09918022191e,1,True,Premium,data scientist,UK,Senior,Not specified,Missing,1,,False,True,True,False,False,False,False,76261.46153846153,11.24193611112904
5677802677,971e28752c36913a3d0a8a6e12a593232d08cd6e,1,True,Premium,data scientist,UK,Senior,Not specified,Missing,0,,False,True,False,False,False,False,False,73216.23076923077,11.20118606527109
5565846675,b7434cbaf82b4a48e367a35e7a2b3994f92ac633,1,False,Standard,data scientist,UK,Mid,Not specified,Missing,1,,False,True,True,False,False,False,True,82779.21794871795,11.323944398166109
5704597031,f31f5a2bfcb36fa60ee6fbe01b46881a644d3851,1,False,Standard,data scientist,UK,Mid,Not specified,Missing,0,,False,True,False,False,False,False,False,74597.66666666667,11.219877912931144
5704597276,52d94b3d9a87e51fd86d038a73935c261d7c02f1,1,False,Standard,data scientist,UK,Mid,Not specified,Missing,0,,False,True,False,False,False,False,False,73869.05128205128,11.210062764742812
5710394829,e187f6097fc5377df64aacf7d7909c8593048b49,1,True,Premium,data scientist,UK,Lead,Not specified,Missing,1,,False,True,True,False,False,False,False,109004.83333333333,11.599156676598879
5679287943,d1176fa22424e595c058ed5ca48a5fb3bd30590f,1,False,Standard,data scientist,UK,Mid,Not specified,Missing,0,,False,True,False,False,False,False,False,80820.76923076922,11.300001629394707
5688777156,917242943fa9842458b0ffcea89ee3f7894a7094,1,False,Standard,data scientist,UK,Mid,Not specified,Missing,0,,False,True,False,False,False,False,False,61512.35897435897,11.027009649301226
5686685440,6a9101b892eda27ed1af705ddfd3a7b6dc96994e,1,False,Standard,data scientist,UK,Mid,Not specified,Missing,1,,False,True,True,False,False,False,False,102564.10256410256,11.538253022906988
5622409748,fd7c20e1eb3721d4f4bd8f1412e03a3999728415,1,True,Premium,data scientist,UK,Lead,Not specified,Missing,0,,False,True,False,False,False,False,False,93242.55128205128,11.442970179962469
5495538862,efde071b746070a2b2de6b7ae3774f4066fb9e0e,1,True,Premium,data scientist,UK,Lead,Not specified,Missing,1,,False,True,True,False,False,False,False,88125.15384615384,11.386524633318542
5698197644,c5a9098b1935a92316554936be39f8c4bf872542,1,False,Standard,data scientist,UK,Mid,Not specified,Missing,0,,False,True,False,False,False,False,False,42307.692307692305,10.652747835831418
5702459390,c591e6912f2fbf253ca97ae904abacf6f5e1617b,1,True,Premium,data scientist,UK,Lead,Not specified,Missing,0,,False,True,False,False,False,False,False,57153.705128205125,10.953516995286481
5685950890,fb7b1752319e211ac0b35d802a8a56098b64528c,1,True,Premium,data scientist,UK,Senior,Not specified,Missing,0,,False,True,False,False,False,False,False,115384.61538461538,11.656034975240013
5410498947,7e1da3cd0ef3aa036a3e8cdaca560b3630be9a4f,1,True,Premium,data scientist,UK,Lead,Not specified,Missing,0,,False,True,False,False,False,False,False,67252.70512820513,11.11622739078962
5707198071,0943e14605a4f6d3ce3fa4ae660473e9888d1164,1,True,Premium,data scientist,UK,Senior,Not specified,Missing,0,,False,True,False,False,False,False,False,98385.89743589744,11.496662918035025
5573934850,49bf92b8406a35bb124805667df51a7d3944de29,1,True,Premium,data scientist,UK,Lead,Not specified,Missing,0,,False,True,False,False,False,False,False,82414.26923076922,11.319526004929147
5653715307,55412ddd132298f45ce48ee052f19af59f3ae763,1,True,Premium,data scientist,UK,Lead,Not specified,Missing,0,,False,True,False,False,False,False,False,84121.3717948718,11.340027824793284
5626256749,18e9c82665be0251774b31a55eccc64840f424f8,1,True,Premium,data scientist,UK,Senior,Not specified,Missing,0,,False,True,False,False,False,False,False,78352.33333333333,11.268983791018735
5686943478,8866208a09610f0a1046ed6fed13af3d6315c8f6,1,True,Premium,data scientist,UK,Lead,Not specified,Missing,0,,False,True,False,False,False,False,False,108974.35897435897,11.598877071199437
5707128526,1651eb6cf9e4250d2a091c5edc349b90e0d24660,1,False,Standard,data scientist,UK,Mid,Not specified,Missing,0,,False,True,False,False,False,False,False,65844.01282051283,11.095058968851763
5707007210,fa6084b455c80e92e962a5354f7d0d27ed2db516,1,False,Standard,data scientist,UK,Mid,Not specified,Missing,0,,False,True,False,False,False,False,False,86538.46153846153,11.368355791647911
5702694049,71d03f249a9775f07121c1520c0bb1f1403c16fc,1,False,Standard,data scientist,UK,Mid,Not specified,6-10 years,0,10.0,True,False,False,False,False,False,False,76923.07692307692,11.250574200418239
5654968237,3d7c868e10b9d186e2398e5bbeafe63173369530,1,True,Premium,data scientist,UK,Lead,Not specified,Missing,0,,False,True,False,False,False,False,False,69087.02564102564,11.1431367044502
5592365597,0e0ce0820646ef7ad6ef9f188aea8377b1f7f245,1,False,Standard,data scientist,UK,Mid,Not specified,Missing,0,,False,True,False,False,False,False,False,60255.679487179485,11.00636870806582
5660498754,f808a89aff51120d624e71ff3309d9ead3d1f177,1,False,Standard,data scientist,UK,Junior,Not specified,3-5 years,0,3.0,False,False,False,False,False,False,False,45512.82051282051,10.725771306351616
5660456995,018971ce1febb2bab00fb20654d2972863892879,1,False,Standard,data scientist,UK,Mid,Not specified,Missing,0,,False,True,False,False,False,False,False,60405.96153846154,11.008859634540595
5705314288,0db1e6192c2f7a9d6f26c9cbf35fd256c5c5459a,1,False,Standard,data scientist,UK,Mid,Not specified,Missing,0,,False,True,False,False,False,False,False,93582.48717948717,11.446609227879444
5704448405,eec1b51f94e733ee25bdd175b475ce8bb5e19017,1,False,Standard,data scientist,UK,Mid,Not specified,Missing,0,,True,True,False,False,False,False,False,74830.44871794872,11.222993513009259
5706156195,f5f53cc24fae149cb8952ff301c3f5c8ed88b429,1,True,Premium,data scientist,UK,Lead,Not specified,Missing,0,,True,True,False,False,False,False,False,108974.35897435897,11.598877071199437
5706156838,b349f686109e45fa8dd84da7c544400839f93543,1,True,Premium,data scientist,UK,Lead,Not specified,Missing,0,,False,True,False,False,False,False,False,121794.8717948718,11.710101740373787
5687521932,afc4bd90448970167b9a4b8c1de0fe87ca8301d3,1,False,Standard,data analyst,UK,Mid,Not specified,Missing,0,,False,True,False,False,False,False,False,51282.05128205128,10.84511559220445
5692750308,1961893626abf80fde9fb1081d1bbacc58b7853f,1,False,Standard,data analyst,UK,Mid,Not specified,Missing,1,,False,True,True,False,False,False,False,66025.64102564102,11.097813591466702
5692750294,6163fc8e724a5d569a9157c7011fe7e4c0ccd7bf,1,False,Standard,data analyst,UK,Mid,Not specified,Missing,1,,False,True,True,False,False,False,False,66025.64102564102,11.097813591466702
5692750287,5ebe0f8be0ad2f0eb39972a77ee8cb2fd0c6dc5d,1,False,Standard,data analyst,UK,Mid,Not specified,Missing,1,,False,True,True,False,False,False,False,66025.64102564102,11.097813591466702
5692750297,7bd11601a5e30ac8acea73576cea467245a3546d,1,False,Standard,data analyst,UK,Mid,Not specified,Missing,1,,False,True,True,False,False,False,False,66025.64102564102,11.097813591466702
5692750291,d01f08de9e272f5bea39998fdf96e1724d1d82b8,1,False,Standard,data analyst,UK,Mid,Not specified,Missing,1,,False,True,True,False,False,False,False,66025.64102564102,11.097813591466702
5692750295,87bfda6812186af35dfd13a96376173f73767f5f,1,False,Standard,data analyst,UK,Mid,Not specified,Missing,1,,False,True,True,False,False,False,False,66025.64102564102,11.097813591466702
5692750299,4ce927871da9a20d1443b6b5890f5810c4fad4d0,1,False,Standard,data analyst,UK,Mid,Not specified,Missing,1,,False,True,True,False,False,False,False,66025.64102564102,11.097813591466702
5710922936,b581813bb10c4dc071318ca87a9c652c2b6975cf,1,False,Standard,data analyst,UK,Mid,Not specified,Missing,0,,True,True,False,False,False,False,False,53846.153846153844,10.89390482782013
5704446459,4aa772afbdb9de61e4aa41b78ef52436feaf7ee4,1,False,Standard,data analyst,UK,Mid,Not specified,Missing,0,,False,True,False,False,False,False,False,38558.97435897436,10.559970083759904
5709513251,cbdf84eff01c4af46d8e65a313fd7651d581af8c,1,False,Standard,data analyst,UK,Mid,Not specified,Missing,0,,False,True,False,False,False,False,False,49358.97435897436,10.80689513910941
5702474523,dde928d414dae92e1359fdaf962fa1ead7ea2625,1,False,Standard,data analyst,UK,Mid,Not specified,Missing,0,,False,True,False,False,False,False,False,50969.8717948718,10.839009607266131
5702474816,fca8f6ed622c6949dddf0690575f30e9abe8c37f,1,False,Standard,data analyst,UK,Mid,Not specified,Missing,0,,False,True,False,False,False,False,False,50334.37179487179,10.826463325544744
5702475667,00787282bf597fb4fbaeab4dbf2e64c2c9fb459c,1,False,Standard,data analyst,UK,Mid,Not specified,Missing,0,,False,True,False,False,False,False,False,49597.5,10.811715870320239
5710393157,337d2ada54b4cb7c6326baced04ef71b4dddeef5,1,False,Standard,data analyst,UK,Mid,Not specified,Missing,0,,False,True,False,False,False,False,False,105851.48717948719,11.569801773495149
5710667501,ef565e2dd96c1e45c491e39a6aa6c3ff04f50b13,1,False,Standard,data analyst,UK,Mid,Not specified,Missing,0,,False,True,False,False,False,False,False,106895.5641025641,11.579616955267074
5688251262,b6a27260d021866dee518dc74ccdb3b21ea81c9c,1,False,Standard,data analyst,UK,Mid,Not specified,Missing,1,,False,True,True,False,False,False,False,68742.84615384616,11.138142501033004
5707286661,2a5ee0b64a73f9e4a7982f73cda5bac7b1d0eede,1,False,Standard,data analyst,UK,Mid,Not specified,Missing,0,,False,True,False,False,False,False,False,73717.94871794872,11.208015151209326
5701343612,d8d35a69b1290df7fe57bbe82e847489d72bb856,1,False,Standard,data analyst,UK,Mid,Not specified,Missing,0,,False,True,False,False,False,False,False,62383.038461538454,11.041064727751081
5687661651,be9289f6874064c12e45bbe478ec737225afdbfd,1,True,Premium,data analyst,UK,Lead,Not specified,Missing,0,,False,True,False,False,False,False,False,43900.0,10.689692377847104
5701922480,46215c00ee7805ed8ac3d85826b387c3da265c3a,1,True,Premium,data analyst,UK,Senior,Not specified,Missing,0,,False,True,False,False,False,False,False,105769.23076923077,11.569024386122033
5702476624,50c3acb5bd41154aa871bee0f6db466c8872a405,1,False,Standard,data analyst,UK,Mid,Not specified,Missing,0,,False,True,False,False,False,False,False,39931.846153846156,10.594954476100744
5702476665,62773404fb1c5d900dda76bf87890d62a268789f,1,False,Standard,data analyst,UK,Mid,Not specified,Missing,0,,False,True,False,False,False,False,False,43692.44871794872,10.684953454924235
5702474688,88f4c302d70fbd86a9505b2261358af55218016a,1,False,Standard,data analyst,UK,Mid,Not specified,Missing,0,,False,True,False,False,False,False,False,44876.46153846154,10.711690977510967
5702474563,e400041cab257ceab0a92724d08c9374fde76652,1,False,Standard,data analyst,UK,Mid,Not specified,Missing,0,,False,True,False,False,False,False,False,56232.64102564102,10.937270451557696
5702474618,d775b50b40e43c088fa6d62af53d3f55d8454076,1,False,Standard,data analyst,UK,Mid,Not specified,Missing,0,,False,True,False,False,False,False,False,38562.26923076923,10.560055528086243
5702474687,a5c4b7e106ee32d74347befb4645b133998bae79,1,False,Standard,data analyst,UK,Mid,Not specified,Missing,0,,False,True,False,False,False,False,False,44319.51282051282,10.69920289221417
5702474566,fd51132f9bafe9ccbe5a803b73c06bc6b2d6bf12,1,False,Standard,data analyst,UK,Mid,Not specified,Missing,0,,False,True,False,False,False,False,False,37936.80769230769,10.543703458274603
5702474716,00a1a44a1532fcd064ec1e944202f7f910893124,1,False,Standard,data analyst,UK,Mid,Not specified,Missing,0,,False,True,False,False,False,False,False,51425.115384615376,10.847901403826349
5702474588,a32f551a1795888ecf15cd4d7fdbb99c92660b77,1,False,Standard,data analyst,UK,Mid,Not specified,Missing,0,,False,True,False,False,False,False,False,48121.67948717949,10.78150885197932
5702474668,cc815c90d5647855864a86848cbde2f21ed8a96f,1,False,Standard,data analyst,UK,Mid,Not specified,Missing,0,,False,True,False,False,False,False,False,53159.21794871795,10.881065612681793
5702474533,eb2df2c17a1019ceb1b5490ede31410fa5e008e2,1,False,Standard,data analyst,UK,Mid,Not specified,Missing,0,,False,True,False,False,False,False,False,39247.91025641025,10.57767895865723
5702474770,3283677672fb80a3f7233b11f38dca93771f1018,1,False,Standard,data analyst,UK,Junior,Not specified,Missing,0,,False,True,False,False,False,False,False,50797.307692307695,10.835618319868129
5702474501,844c43fc4fa81547d596699253e82e81890544fc,1,False,Standard,data analyst,UK,Mid,Not specified,Missing,0,,False,True,False,False,False,False,False,44022.35897435898,10.692475657811283
5702474616,440bf236028704f32cf031ab0a9517d68e85462a,1,False,Standard,data analyst,UK,Mid,Not specified,Missing,0,,False,True,False,False,False,False,False,38004.153846153844,10.545477057042305
5702474630,0034148fe95925f91d50b263c41bc515782d7bc1,1,False,Standard,data analyst,UK,Mid,Not specified,Missing,0,,False,True,False,False,False,False,False,38773.08974358974,10.565507512426565
5702475195,18387768de35dccc685f7ee5a59f37f746e27f50,1,False,Standard,data analyst,UK,Mid,Not specified,Missing,0,,False,True,False,False,False,False,False,46390.71794871795,10.744876229798141
5702475108,2a8bb4b4dadf3c24ff46496ba00b407559f9513e,1,False,Standard,data analyst,UK,Mid,Not specified,Missing,0,,False,True,False,False,False,False,False,46804.88461538461,10.753764213646141
5702475064,2b6a7d2268512f3f380565218148045a7bda34be,1,False,Standard,data analyst,UK,Mid,Not specified,Missing,0,,False,True,False,False,False,False,False,44878.807692307695,10.711743255256643
5702474786,f694114b90aa37e04d40d44a23d966735b0f4559,1,False,Standard,data analyst,UK,Mid,Not specified,Missing,0,,False,True,False,False,False,False,False,45624.30769230769,10.728217834803043
5702475040,402b0416e8018da5f3a468dcf7610337c9f38e32,1,False,Standard,data analyst,UK,Mid,Not specified,Missing,0,,False,True,False,False,False,False,False,42150.14102564102,10.649017033660066
5702474825,00f9f90b48bed23d9461a77a13d510b81dd540af,1,False,Standard,data analyst,UK,Mid,Not specified,Missing,0,,False,True,False,False,False,False,False,51079.44871794872,10.84115709471926
5702475055,ba988e843aea493a014ea2505e63e94e8f70f05d,1,False,Standard,data analyst,UK,Mid,Not specified,Missing,0,,False,True,False,False,False,False,False,43752.5641025641,10.686328353669117
5702474720,9f17ebfd82f939bc10c26f72865596aade68edd9,1,False,Standard,data analyst,UK,Mid,Not specified,Missing,0,,False,True,False,False,False,False,False,47529.717948717946,10.769131474663718
5702474745,9306ce5c9abeda4a60acc9489f88baa644527be7,1,False,Standard,data analyst,UK,Mid,Not specified,Missing,0,,False,True,False,False,False,False,False,49211.85897435897,10.803910229598952
5702474635,8a1158f5f473b04ab7f10bf70956493e9b68fd3a,1,False,Standard,data analyst,UK,Mid,Not specified,Missing,0,,False,True,False,False,False,False,False,44929.769230769234,10.712878122566863
5702474796,1db9b0785a94324bd30e17c0432a87de3cb87246,1,False,Standard,data analyst,UK,Mid,Not specified,Missing,0,,False,True,False,False,False,False,False,74715.0,11.221449538279193
5702474600,f5914ffeaf5c5956b1a5e8a69aafc127d1aef8ac,1,False,Standard,data analyst,UK,Mid,Not specified,Missing,0,,False,True,False,False,False,False,False,43651.49999999999,10.684015833396282
5702475737,081cd4cb256ffa7c08bcb15cdcdd1255f01558b4,1,False,Standard,data analyst,UK,Mid,Not specified,Missing,0,,False,True,False,False,False,False,False,39166.10256410256,10.575592453132547
5702474807,199199b08c21e42b39bc7a269d3a113a97cd7cd6,1,False,Standard,data analyst,UK,Mid,Not specified,Missing,0,,False,True,False,False,False,False,False,55273.52564102564,10.920067423889197
5702475057,c4644c40664bad7f6206401842ea7f3d87ce0bc8,1,False,Standard,data analyst,UK,Junior,Not specified,Missing,0,,False,True,False,False,False,False,False,40798.25641025641,10.616419134987359
5702475648,acbde601e2ac62d9649c19762c8aafbd660a6cc7,1,False,Standard,data analyst,UK,Mid,Not specified,Missing,0,,False,True,False,False,False,False,False,44657.26923076923,10.70679477029408
5702475080,e9d8e0e2d3f96888e05c721c998ac7ea2f989e37,1,False,Standard,data analyst,UK,Mid,Not specified,Missing,0,,False,True,False,False,False,False,False,49689.48717948718,10.813568788925185
5702475709,b31cc59a2cbbb8e7fb7215ac2c3f5b2200112885,1,False,Standard,data analyst,UK,Mid,Not specified,Missing,0,,False,True,False,False,False,False,False,39034.0641025641,10.57221560073478
5702475745,1435dedbe77b24d5e7c347f237893a4eeb4c0a44,1,False,Standard,data analyst,UK,Mid,Not specified,Missing,0,,False,True,False,False,False,False,False,47962.782051282054,10.778201464482704
5702475707,1e7d2c2273668f363581df2a4996676d6f43a29c,1,False,Standard,data analyst,UK,Mid,Not specified,Missing,0,,False,True,False,False,False,False,False,39658.35897435898,10.58808223891641
5702475742,dc4b81e5ebb4f81eb8acf1a91a197916b5db92ce,1,False,Standard,data analyst,UK,Mid,Not specified,Missing,0,,False,True,False,False,False,False,False,51433.256410256414,10.84805969657828
5702476276,66edc600beaa4f03517c8f13c156691e046963e3,1,False,Standard,data analyst,UK,Mid,Not specified,Missing,0,,False,True,False,False,False,False,False,52390.94871794872,10.866508208082873
5702476259,bec87efb5d933eb9b907b81daa5bb33b662f076d,1,False,Standard,data analyst,UK,Mid,Not specified,Missing,0,,False,True,False,False,False,False,False,37963.51282051282,10.544407129232924
5702476211,4ecb0215e4e6600972d62659a6f0890dfe50f7c3,1,False,Standard,data analyst,UK,Mid,Not specified,Missing,0,,False,True,False,False,False,False,False,42192.44871794872,10.650020244322056
5702476231,cef6ede0cedb1cf7f5e0cb85733248d79cb94ef6,1,False,Standard,data analyst,UK,Mid,Not specified,Missing,0,,False,True,False,False,False,False,False,44437.84615384615,10.701869279281617
5702476651,1fb4ce43c0c746a26955d6cf283ecaf40713de0d,1,False,Standard,data analyst,UK,Mid,Not specified,Missing,0,,False,True,False,False,False,False,False,50892.39743589744,10.837488477737633
5702476633,7688cc38d2861eac99c8cd0a42a63f4deb075a88,1,False,Standard,data analyst,UK,Mid,Not specified,Missing,0,,False,True,False,False,False,False,False,40317.333333333336,10.604561565912059
5702476266,1e634a30b62b194970a2fadb0ecedf6a9fd7f584,1,False,Standard,data analyst,UK,Mid,Not specified,Missing,0,,False,True,False,False,False,False,False,42393.8717948718,10.654782685671066
5702476636,df2772b8428c91e7975501d7fec2b5a8c7b8620d,1,False,Standard,data analyst,UK,Mid,Not specified,Missing,0,,False,True,False,False,False,False,False,34754.41025641025,10.456090529706328
5702475092,95a055adbbf9fa2f6eecac4d24ff1e85fb4f5860,1,False,Standard,data analyst,UK,Mid,Not specified,Missing,0,,False,True,False,False,False,False,False,48444.60256410256,10.788196850848937
5702475686,24bee5a15265ba4e4837175095cc5915d1f50ae7,1,False,Standard,data analyst,UK,Junior,Not specified,Missing,0,,False,True,False,False,False,False,False,38079.0,10.5474444889053
5702476207,a6c576c55182be8075896ebda983318f1ca5ca97,1,False,Standard,data analyst,UK,Mid,Not specified,Missing,0,,False,True,False,False,False,False,False,42673.102564102555,10.661347517895004
5702476253,2f45f487dc29c812f1737ec87971fad7c37fd9b7,1,False,Standard,data analyst,UK,Mid,Not specified,Missing,0,,False,True,False,False,False,False,False,41684.217948717946,10.63790185929975
5702476237,26b17236f2765f519b439defbfac15169de7d10e,1,False,Standard,data analyst,UK,Mid,Not specified,Missing,0,,False,True,False,False,False,False,False,48395.743589743586,10.787187809237597
5702475690,4599bf6a1bf769cbf0a8739e4265a721469a6394,1,False,Standard,data analyst,UK,Mid,Not specified,Missing,0,,False,True,False,False,False,False,False,52727.57692307692,10.872912844166343
5702475702,38db9f35d62051a03557f70003e386456e55badc,1,False,Standard,data analyst,UK,Mid,Not specified,Missing,0,,False,True,False,False,False,False,False,48431.70512820513,10.78793059029421
5702475664,e3ad81dc0ea01869a9f2c40337e0e560ff9aac67,1,False,Standard,data analyst,UK,Mid,Not specified,Missing,0,,False,True,False,False,False,False,False,51947.551282051274,10.85800910936377
5702476260,083d58b395ef21da90ad907764459e4b964632d5,1,False,Standard,data analyst,UK,Mid,Not specified,Missing,0,,False,True,False,False,False,False,False,45070.0641025641,10.715995725402967
5702476275,0956dcd429d8f1e3c377c06899c49cbf6daa663d,1,False,Standard,data analyst,UK,Mid,Not specified,Missing,0,,False,True,False,False,False,False,False,43899.65384615385,10.689684492942186
5702476652,43bba4feb31712cc75df1e7b63bf4d9ff6614a51,1,False,Standard,data analyst,UK,Mid,Not specified,Missing,0,,False,True,False,False,False,False,False,48901.35897435897,10.79758091508385
5702476256,79eb3b78a247ef399acc038e4bdcaecb5cbb3a51,1,False,Standard,data analyst,UK,Mid,Not specified,Missing,0,,False,True,False,False,False,False,False,52609.692307692305,10.870674653879714
5702476225,0720b4c2445ee38d5d0cc40cb57cd9b2b46fb53c,1,False,Standard,data analyst,UK,Mid,Not specified,Missing,0,,False,True,False,False,False,False,False,55210.25641025641,10.918922131951891
5702476252,67f875cdbf9a89ae1073fb53b6cbd626afcbfba7,1,False,Standard,data analyst,UK,Mid,Not specified,Missing,0,,False,True,False,False,False,False,False,45391.166666666664,10.723094828760845
5708331607,9737d71d394a81017b984c5a7b5b56ea2bc9201e,1,False,Standard,data analyst,UK,Junior,Master,3-5 years,1,5.0,False,False,True,False,False,False,False,53195.07692307693,10.881739930563231
5710394750,5a2826dd5e5ce32365ffb53083375c97fcce9946,1,False,Standard,data analyst,UK,Mid,Not specified,Missing,0,,False,True,False,False,False,False,False,66573.92307692308,11.106083255246588
5710667177,e322079410ac521ac5ee4a1675c479d7e74b42c5,1,False,Standard,data analyst,UK,Mid,Not specified,Missing,0,,False,True,False,False,False,False,False,67230.51282051283,11.115897357374315
5709768658,61a8f522f1fe66cf9db50ac136016e20faeda6c1,1,False,Standard,data analyst,UK,Mid,Bachelor,Missing,1,,False,True,True,False,True,False,False,48076.92307692308,10.780578371040685
5709490322,c30dba5c6f5c51d4432f5cbd7f03bcbdc22c385b,1,False,Standard,data analyst,UK,Mid,Not specified,Missing,0,,False,True,False,False,False,False,False,67307.69230769231,11.117044664910706
5705546203,1d73840da6f29831f4380f33934121fbf61bab84,1,False,Standard,data analyst,UK,Mid,Not specified,Missing,0,,False,True,False,False,False,False,False,83333.33333333333,11.330615908104274
5698292716,2c8ed1d3211550bfa42a20a8eecdf9c57487d756,1,False,Standard,data analyst,UK,Mid,Not specified,Missing,0,,False,True,False,False,False,False,False,57692.94871794872,10.962907572090865
5663874595,626dc6d2f98f2efc86f1f900ce2e578030d40fa0,1,True,Premium,data analyst,UK,Senior,Not specified,Missing,0,,False,True,False,False,False,False,False,108594.2564102564,11.595383006064427
5700273138,9f2eae598efd23566c5e23f8acae767822c49a5f,1,False,Standard,data analyst,UK,Mid,Not specified,Missing,0,,False,True,False,False,False,False,False,70512.82051282052,11.163564005230729
5702476661,3b19a054e8dd3777dd58f378e12a7cdc3ba7d32f,1,False,Standard,data analyst,UK,Mid,Not specified,Missing,0,,False,True,False,False,False,False,False,40550.307692307695,10.610323307909091
5702476643,fe4fce3b2dd2a7b3f6dffacb4452eae24c19ec8a,1,False,Standard,data analyst,UK,Mid,Not specified,Missing,0,,False,True,False,False,False,False,False,38630.92307692307,10.561834236376283
5702476657,bbc4b57d6eb368a7993b425a7cb70d70bd8c4618,1,False,Standard,data analyst,UK,Mid,Not specified,Missing,0,,False,True,False,False,False,False,False,43634.85897435898,10.683634544847886
5702474631,74dc0037001221e91223f3cd0d03f0cb7e08435c,1,False,Standard,data analyst,UK,Junior,Not specified,Missing,0,,False,True,False,False,False,False,False,41931.91025641026,10.643826245254676
5702474544,e80b31d2f5d4303fa16603c83dcf226fc80f6fdd,1,False,Standard,data analyst,UK,Mid,Not specified,Missing,0,,False,True,False,False,False,False,False,35460.51282051282,10.476203241451188
5702474748,872a7a636a16c093a207485a4ac1c17804accc0c,1,False,Standard,data analyst,UK,Mid,Not specified,Missing,0,,False,True,False,False,False,False,False,44445.85897435897,10.702049574201322
5702474503,58cf62350b92b345336c852a01cc0776cec662b6,1,False,Standard,data analyst,UK,Mid,Not specified,Missing,0,,False,True,False,False,False,False,False,48521.71794871795,10.789787378569013
5702474561,c650b41a4b2c4035930795c3f46c21694809da1d,1,False,Standard,data analyst,UK,Junior,Not specified,Missing,0,,False,True,False,False,False,False,False,43458.39743589744,10.67958238891673
5702474730,1d264945bfe702977d795b3d240967ccf78e6229,1,False,Standard,data analyst,UK,Mid,Not specified,Missing,0,,False,True,False,False,False,False,False,47948.01282051281,10.777893492414833
5702474592,0d7f8521a22daefdac7d2ca9c134afecbae5b4c4,1,False,Standard,data analyst,UK,Mid,Not specified,Missing,0,,False,True,False,False,False,False,False,45921.92307692307,10.734719684823839
5702474655,a1a4f2f56e1dc164fd3568a3ab45fdd978352ee6,1,False,Standard,data analyst,UK,Mid,Not specified,Missing,0,,False,True,False,False,False,False,False,38785.58974358974,10.565829840704009
5702474639,5f04b8582f339906ee4851405c6cb42c15775ccf,1,False,Standard,data analyst,UK,Mid,Not specified,Missing,0,,False,True,False,False,False,False,False,55570.192307692305,10.925420222003703
5702474697,4b3067183128aca92d9bc6874ab926083301030e,1,False,Standard,data analyst,UK,Mid,Not specified,Missing,0,,False,True,False,False,False,False,False,49301.20512820513,10.805724087797318
5702474601,8902fafd2ee36fa7c5cc45cfac2869f45d4a5b1e,1,False,Standard,data analyst,UK,Mid,Not specified,Missing,0,,False,True,False,False,False,False,False,43859.14102564102,10.688761237325602
5702474706,b8265a23d21b9ba7b0857e9a5cda826a10c1cb05,1,False,Standard,data analyst,UK,Mid,Not specified,Missing,0,,False,True,False,False,False,False,False,50067.1282051282,10.821139921064756
5702474784,3b230cc74bc36328cd488ea37860df8a37d768ff,1,False,Standard,data analyst,UK,Mid,Not specified,Missing,0,,False,True,False,False,False,False,False,41105.42307692308,10.623919667517868
5702474792,75ea79fb9ed738b9c74e20b883803db700e978eb,1,False,Standard,data analyst,UK,Mid,Not specified,Missing,0,,False,True,False,False,False,False,False,61762.0,11.031059758648459
5702474633,19dced67728ea92a669ab0223c3ad0845c7d1c88,1,False,Standard,data analyst,UK,Junior,Not specified,Missing,0,,False,True,False,False,False,False,False,41528.33333333333,10.634155283843253
5702474777,735310159618077a588b23045d9764e7fe1d6671,1,False,Standard,data analyst,UK,Mid,Not specified,Missing,0,,False,True,False,False,False,False,False,48160.5641025641,10.78231655666804
5702474580,f450bef7d263e83fecb84aba9c200310939e350b,1,False,Standard,data analyst,UK,Mid,Not specified,Missing,0,,False,True,False,False,False,False,False,51858.35897435897,10.856290698321294
5702474538,68f4f457a2e0a76d5933aca747f59d62ea654760,1,False,Standard,data analyst,UK,Junior,Not specified,Missing,0,,False,True,False,False,False,False,False,39909.153846153844,10.594386052862557
5702474729,6d9623ed7bddfcd3149c5acbf987736cb3a51598,1,False,Standard,data analyst,UK,Mid,Not specified,Missing,0,,False,True,False,False,False,False,False,41769.10256410256,10.639936112937155
5702474622,423ca0b21d1ebe7a48df6c005e3381bcac297904,1,False,Standard,data analyst,UK,Mid,Not specified,Missing,0,,False,True,False,False,False,False,False,41113.53846153846,10.62411707179264
5702474513,adae82d52421529a4462e31a9fca22ab05339273,1,False,Standard,data analyst,UK,Mid,Not specified,Missing,0,,False,True,False,False,False,False,False,44277.97435897436,10.698265223929527
5702474539,f7857a5688a52e3575cde60ba3b6318f89375e82,1,False,Standard,data analyst,UK,Mid,Not specified,Missing,0,,False,True,False,False,False,False,False,44991.64102564103,10.714254222615985
5702475079,84a8cda76adaf881b192ea670a07cfc70b5f9b3f,1,False,Standard,data analyst,UK,Mid,Not specified,Missing,0,,False,True,False,False,False,False,False,40076.55128205128,10.598571638135121
5702474764,f1fa2baf893ca5f5e2e440ab6d89fda63a4ac223,1,False,Standard,data analyst,UK,Mid,Not specified,Missing,0,,False,True,False,False,False,False,False,58464.38461538462,10.976190142110628
5702475658,9d662778e443a1fd2cec80de7e6a2b93a53a9eb4,1,False,Standard,data analyst,UK,Junior,Not specified,Missing,0,,False,True,False,False,False,False,False,39981.679487179485,10.596201626498438
5702475133,35bfd85ece1cad15527d83d0e2c3723ad0f9e018,1,False,Standard,data analyst,UK,Mid,Not specified,Missing,0,,False,True,False,False,False,False,False,40490.717948717946,10.608852737089274
5702476247,7d661100c8319df32c4894d50ff76c331d11f2ab,1,False,Standard,data analyst,UK,Mid,Not specified,Missing,0,,False,True,False,False,False,False,False,49342.44871794872,10.806560284640032
5702475757,f57d14445754008e2f0f6b7f308bff2fdc90ea16,1,False,Standard,data analyst,UK,Mid,Not specified,Missing,0,,False,True,False,False,False,False,False,35824.6282051282,10.48641878792653
5702475694,c0a93b929a680ca66b3ee08c5ae402528e5183ac,1,False,Standard,data analyst,UK,Junior,Not specified,Missing,0,,False,True,False,False,False,False,False,47432.89743589744,10.76709238787385
5702476262,08acbda064770433aea0aa5e19399ea1f56351a7,1,False,Standard,data analyst,UK,Mid,Not specified,Missing,0,,False,True,False,False,False,False,False,41920.87179487179,10.643562969593296
5702476246,8cc678c564dfd54051ac03bb4774f52e282de7e5,1,False,Standard,data analyst,UK,Mid,Not specified,Missing,0,,False,True,False,False,False,False,False,49079.35897435898,10.801214212864094
5702476270,76f7c5b83ebee081174d0eb674ee1a5f826ba3c7,1,False,Standard,data analyst,UK,Mid,Not specified,Missing,0,,False,True,False,False,False,False,False,37976.87179487179,10.544758947906105
5702476251,5677634d1cae036b8952c893fa28f20ea1c0d8a2,1,False,Standard,data analyst,UK,Mid,Not specified,Missing,0,,False,True,False,False,False,False,False,44029.03846153846,10.692627372279704
5702476669,3c14796a3af0ac9a1436d83f856020488e616321,1,False,Standard,data analyst,UK,Mid,Not specified,Missing,0,,False,True,False,False,False,False,False,42480.35897435898,10.656820646325944
5702475111,a7ab2cc05c79addeb7d0cf829901f379e2788bd4,1,False,Standard,data analyst,UK,Junior,Not specified,Missing,0,,False,True,False,False,False,False,False,43818.03846153846,10.687823669995392
5702475166,94ccce4710b18b9cf5998bd72c618d88212cf1ea,1,False,Standard,data analyst,UK,Mid,Not specified,Missing,0,,False,True,False,False,False,False,False,48101.679487179485,10.781093161136466
5702475756,fd7d36290f3e5e4f36b893b7ae9c82cbe92c2ca7,1,False,Standard,data analyst,UK,Mid,Not specified,Missing,0,,False,True,False,False,False,False,False,38560.47435897435,10.560008983444105
5702475034,fbf47d47e76392010d8beb4656c1b6b9a26553b6,1,False,Standard,data analyst,UK,Junior,Not specified,Missing,0,,False,True,False,False,False,False,False,48195.48717948718,10.783041417289182
5702474805,7834afa08f15bce42fce391d5f3354f53cfe8bb3,1,False,Standard,data analyst,UK,Mid,Not specified,Missing,0,,False,True,False,False,False,False,False,47424.03846153846,10.766905605800007
5702475099,e4d6f0ae68d02566629818f95c47190b7917554a,1,False,Standard,data analyst,UK,Mid,Not specified,Missing,0,,False,True,False,False,False,False,False,47681.39743589743,10.772317582268295
5702475125,ea4d601a803009a72077cb191a561511cc428e02,1,False,Standard,data analyst,UK,Junior,Not specified,Missing,0,,False,True,False,False,False,False,False,42061.46153846154,10.64691097199645
5702475762,12125ac9ad34e91af86444d42ad8a5d4838f9f5e,1,False,Standard,data analyst,UK,Mid,Not specified,Missing,0,,False,True,False,False,False,False,False,41507.5,10.633653504523293
5702475736,d1e0ddef0399615f38ca1b6ea7f68389a7a5e38d,1,False,Standard,data analyst,UK,Junior,Not specified,Missing,0,,False,True,False,False,False,False,False,43547.75641025641,10.681636426425321
5702476674,0070ec3bb113b0bd1c0521d03d41761c78d2aa75,1,False,Standard,data analyst,UK,Mid,Not specified,Missing,0,,False,True,False,False,False,False,False,40393.60256410256,10.606451455125528
5702476629,e204474867ca8d983a3bdbd7c2c74bbf1c55d819,1,False,Standard,data analyst,UK,Mid,Not specified,Missing,0,,False,True,False,False,False,False,False,30927.70512820513,10.339440000211923
5707033397,29d8bd75ca59d063cc14b0a32c9a2a8b2d6e1c2a,1,False,Standard,data analyst,UK,Mid,Not specified,Missing,0,,False,True,False,False,False,False,False,51282.05128205128,10.84511559220445
5707159972,f3bc646d936b377d776c65c4c82a3aeeb795b17d,1,False,Standard,data analyst,UK,Mid,Not specified,Missing,0,,False,True,False,False,False,False,False,51282.05128205128,10.84511559220445
5707033582,d763ab53157b85019fbc2452e55a54b40a89a473,1,False,Standard,data analyst,UK,Mid,Not specified,Missing,0,,False,True,False,False,False,False,False,51282.05128205128,10.84511559220445
5685327360,513c42e37d1ee95dbc54d7610354ba623bb58e85,1,False,Standard,data analyst,UK,Mid,Not specified,Missing,0,,False,True,False,False,False,False,False,51282.05128205128,10.84511559220445
5683187372,71f0f79aed63a6158328765d9ba3a01e30779e61,1,False,Standard,data analyst,UK,Mid,Not specified,Missing,0,,False,True,False,False,False,False,False,51282.05128205128,10.84511559220445
5706142651,a37bd4419cb305ad53d9175993a9034baa84b8d2,1,False,Standard,data analyst,UK,Mid,Not specified,Missing,0,,False,True,False,False,False,False,False,51282.05128205128,10.84511559220445
5706150896,6e43b73e0a85cadd599a844886879bece7b21255,1,False,Standard,data analyst,UK,Mid,Not specified,Missing,0,,False,True,False,False,False,False,False,51282.05128205128,10.84511559220445
5706158960,d401481f8a3b3be08bb89395363cc74589cc6c22,1,False,Standard,data analyst,UK,Mid,Not specified,Missing,0,,False,True,False,False,False,False,False,51282.05128205128,10.84511559220445
5706158905,7dbd5695437af32d1adc0311b4c9d8480c1fa72e,1,False,Standard,data analyst,UK,Mid,Not specified,Missing,0,,False,True,False,False,False,False,False,51282.05128205128,10.84511559220445
5707032582,dda7bfbef5a56d5971cd0e89fa9e69b0238d4879,1,False,Standard,data analyst,UK,Mid,Not specified,Missing,0,,False,True,False,False,False,False,False,51282.05128205128,10.84511559220445
5706158885,d49b79b359d7f1310bec558bd34296ea6354e6c7,1,False,Standard,data analyst,UK,Mid,Not specified,Missing,0,,False,True,False,False,False,False,False,51282.05128205128,10.84511559220445
5698073057,12b6dba03935c6a8b326727772e55b14fcfc2614,1,False,Standard,data analyst,UK,Mid,Not specified,Missing,0,,False,True,False,False,False,False,False,51282.05128205128,10.84511559220445
5683187363,ca4118aa80d1d704e9cfe4dec96c048c145ccc56,1,False,Standard,data analyst,UK,Mid,Not specified,Missing,0,,False,True,False,False,False,False,False,51282.05128205128,10.84511559220445
5683187837,1a00fe26650f4119657f29bc8d36b17c093578c3,1,False,Standard,data analyst,UK,Mid,Not specified,Missing,0,,False,True,False,False,False,False,False,51282.05128205128,10.84511559220445
5707033246,03286fa1a5b63e3cfb0372a260524ee7c53eaeb7,1,False,Standard,data analyst,UK,Mid,Not specified,Missing,0,,False,True,False,False,False,False,False,51282.05128205128,10.84511559220445
5683631815,577414a2344f9645589b296d9eb2bcb5b307b9da,1,False,Standard,data analyst,UK,Mid,Not specified,Missing,0,,False,True,False,False,False,False,False,83333.33333333333,11.330615908104274
5701874756,fee6f4fa8885e3d4dfd50e6bda640d01fecc4266,1,True,Premium,data analyst,UK,Lead,Not specified,Missing,0,,False,True,False,False,False,False,False,76923.07692307692,11.250574200418239
5681126620,a45d8b7ede37aa5e09a702a2e850d0555db7e5d9,1,False,Standard,data analyst,UK,Mid,Not specified,Missing,4,,False,True,True,False,True,False,False,37443.29487179487,10.530609637468503
5709768613,e899a2a3b4c07249e8d0261c8deec96d01257c0a,1,False,Standard,data analyst,UK,Mid,Not specified,Missing,0,,False,True,False,False,False,False,False,49358.97435897436,10.80689513910941
5709356617,68a5007a6f12bf1cae6bd8d6201238a6d65c3866,1,False,Standard,data analyst,UK,Mid,Not specified,Missing,0,,False,True,False,False,False,False,False,43880.730769230766,10.689253356848102
5709492209,0894e65e69b5a9fb2155588b0cfbaa1614b5040a,1,False,Standard,data analyst,UK,Mid,Not specified,Missing,1,,False,True,True,False,False,False,False,67307.69230769231,11.117044664910706
5702476673,0be3d5683214c9c31fb27a43c70ac0a5e481ccc7,1,False,Standard,data analyst,UK,Junior,Not specified,Missing,0,,False,True,False,False,False,False,False,39668.26923076923,10.588332092132987
5702474733,580b2ac5f2bf5743a552f55cc5f20f2f2192dbf9,1,False,Standard,data analyst,UK,Junior,Not specified,Missing,0,,False,True,False,False,False,False,False,44347.57692307692,10.699835899806384
5702474690,a80f4f6a8e00bb9e6c4732c69c52c1587a7d42b5,1,False,Standard,data analyst,UK,Junior,Not specified,Missing,0,,False,True,False,False,False,False,False,47113.4358974359,10.760334727682327
5702474542,7e98160d2520a8c661c62d33ebae442ef092190c,1,False,Standard,data analyst,UK,Junior,Not specified,Missing,0,,False,True,False,False,False,False,False,40937.47435897436,10.619825593229617
5702474797,872213c5acd26efaedb976a4c3e8e2581c55e9c9,1,False,Standard,data analyst,UK,Junior,Not specified,Missing,0,,False,True,False,False,False,False,False,50142.43589743589,10.822642895440186
5702474661,fe5c261fa361464ee02ca81d4beff0423480f798,1,False,Standard,data analyst,UK,Junior,Not specified,Missing,0,,False,True,False,False,False,False,False,44577.83333333333,10.705014436416466
5702474723,42ffdf3d9786820c37fa762ddf26336b652f74e0,1,False,Standard,data analyst,UK,Mid,Not specified,Missing,0,,False,True,False,False,False,False,False,37238.46153846154,10.525124272061483
5702474509,f78bc188d87e98c7f6ed3951008c1deb1d2b2733,1,False,Standard,data analyst,UK,Mid,Not specified,Missing,0,,False,True,False,False,False,False,False,46107.28205128205,10.73874786688971
5702474701,4777e78fb20e83ed376ed9a05c048665cdb871f2,1,False,Standard,data analyst,UK,Mid,Not specified,Missing,0,,False,True,False,False,False,False,False,60057.294871794875,11.0030709507213
5702474663,9a86fbe35bc95becac7fe05e25341ea9b0a6af94,1,False,Standard,data analyst,UK,Junior,Not specified,Missing,0,,False,True,False,False,False,False,False,37641.35897435897,10.53588526374292
5702475768,6638b4103075f4eb1bc42a39fb3610456179b577,1,False,Standard,data analyst,UK,Mid,Not specified,Missing,0,,False,True,False,False,False,False,False,39658.705128205125,10.58809096705384
5702475676,9a627ffb4ca2ae55ead631917fa124527fec29af,1,False,Standard,data analyst,UK,Junior,Not specified,Missing,0,,False,True,False,False,False,False,False,40487.55128205128,10.60877452873807
5702476220,bee5e62370d8e05327e1a0d878479b2cfc2058f2,1,False,Standard,data analyst,UK,Mid,Not specified,Missing,0,,False,True,False,False,False,False,False,50859.743589743586,10.836846659194512
5702475695,e6fc7a5ba3a283403a00bc04f4fa1b04657c5a63,1,False,Standard,data analyst,UK,Junior,Not specified,Missing,0,,False,True,False,False,False,False,False,43343.8717948718,10.676943677514812
5702476667,89d89a66aaec9e928e49166b7f8618f9c1fed5a8,1,False,Standard,data analyst,UK,Junior,Not specified,Missing,0,,False,True,False,False,False,False,False,49266.47435897435,10.80501939298957
5702476632,ed444385e2ec16d4098ca0b1a06e17a8e095129b,1,False,Standard,data analyst,UK,Mid,Not specified,Missing,0,,False,True,False,False,False,False,False,36140.5,10.495197068542232
5701483636,b5ff9930463c00acba5aec28eb5cea17dd65ec6e,1,False,Standard,data analyst,UK,Mid,Not specified,Missing,0,,False,True,False,False,False,False,False,77487.29487179486,11.257882170022343
5701483686,72479534872ab334a85d142af8a992fbbf3eef42,1,False,Standard,data analyst,UK,Mid,Not specified,Missing,0,,False,True,False,False,False,False,False,80276.83333333333,11.293248813673788
5701483658,c3cec5270899c646a3f2a4a78eb92f468e826e86,1,False,Standard,data analyst,UK,Mid,Not specified,Missing,0,,False,True,False,False,False,False,False,83401.48717948719,11.331433410198171
5669751033,6cbb8f3e6d29722e3301f4f62e48bb662581e501,1,False,Standard,data analyst,UK,Mid,Not specified,Missing,0,,False,True,False,False,False,False,False,45573.42307692307,10.727101940704769
5692435074,580c089b84035334170526af5da5b57b189f648e,1,False,Standard,data analyst,UK,Mid,Not specified,Missing,0,,False,True,False,False,False,False,False,110050.39743589742,11.608702785064786
5685309408,c4babdabc2fb87ad5caa9305561f476df9c37cab,1,False,Standard,data analyst,UK,Mid,Not specified,Missing,0,,False,True,False,False,False,False,False,51282.05128205128,10.84511559220445
5706148949,d8a412e099e6ec77bc3310feff48f2f0ab9ad4b8,1,False,Standard,data analyst,UK,Mid,Not specified,Missing,0,,False,True,False,False,False,False,False,51282.05128205128,10.84511559220445
5700095179,f42e34a90ba4ba6444e00b8b1ed038b2df2f55cc,1,False,Standard,data analyst,UK,Mid,Not specified,Missing,0,,False,True,False,False,False,False,False,43758.97435897436,10.686474851149036
5706634904,a215785133c7f946b5e0c22c316cd1b9f03de43e,1,False,Standard,data analyst,UK,Mid,Not specified,Missing,0,,False,True,False,False,False,False,False,48588.41025641025,10.791160890187175
5709922458,b3955d02588a5051b79d0b69bed7657482bd9ad9,1,False,Standard,data analyst,UK,Mid,Not specified,Missing,0,,False,True,False,False,False,False,False,46788.05128205128,10.753404507571162
5694960158,f251bf346a474b7e0976e36a25408cf5b00ddce6,1,False,Standard,data analyst,UK,Mid,Not specified,Missing,0,,False,True,False,False,False,False,False,81606.58974358974,11.309677548190491
5705314292,ae74f46a170ebb0bbe0b822ea98f6a8bdfffe5db,1,False,Standard,data analyst,UK,Mid,Not specified,Missing,0,,False,True,False,False,False,False,False,63864.538461538454,11.064535190687533
5706582341,42b0c606e16774bfcf48ed77b75755a3b7865b6e,1,False,Standard,data analyst,UK,Mid,Not specified,Missing,0,,False,True,False,False,False,False,False,44871.79487179487,10.711586985236012
5694466120,b158ec3ac75196b0395fe444eded67aa524a97c3,1,False,Standard,data analyst,UK,Mid,Not specified,Missing,0,,False,True,False,False,False,False,False,35897.4358974359,10.488449005210695
5702714279,2f760a00e3da5614c502c86a504d52db568a9273,1,False,Standard,data analyst,UK,Mid,Not specified,Missing,2,,False,True,True,False,True,False,False,54487.179487179485,10.905739066983772
5693526560,deebf40147234b6af5a11a30a30b5afe64ae4e5e,1,False,Standard,data analyst,UK,Mid,Not specified,Missing,0,,False,True,False,False,False,False,False,183333.3333333333,12.119066723071123
5707128554,0f35673754f9d38f93216413d4dfc8111bc03183,1,False,Standard,data analyst,UK,Mid,Not specified,Missing,0,,False,True,False,False,False,False,False,54318.282051282054,10.902634545121705
5692750290,4a6ea78058872419509dd007b56849148f66ca28,1,False,Standard,data engineer,UK,Junior,Not specified,Missing,1,,False,True,True,False,False,False,False,66025.64102564102,11.097813591466702
5692750293,fa7e6bd067d319b606b3c37f48f2e1e8c975f931,1,False,Standard,data engineer,UK,Mid,Not specified,Missing,1,,False,True,True,False,False,False,False,66025.64102564102,11.097813591466702
5692750292,ad76449d9c65fef7b038aac0b6827f639a725b4c,1,False,Standard,data engineer,UK,Mid,Not specified,Missing,1,,False,True,True,False,False,False,False,66025.64102564102,11.097813591466702
5708966788,c0e6d670b1449d485027738a95559703b21c64a6,1,False,Standard,data engineer,UK,Mid,Not specified,Missing,0,,False,True,False,False,False,False,False,58143.217948717946,10.970681719618941
5687661729,be55899977514bd9e27d81ec1ac3de8787cdcbd9,1,False,Standard,data engineer,UK,Mid,Not specified,Missing,0,,False,True,False,False,False,False,False,70512.82051282052,11.163564005230729
5691899772,e62345511f6889757cbe2798a3a42fdfa3c07cdb,1,False,Standard,data engineer,UK,Mid,Not specified,11+ years,1,29.0,False,False,True,False,False,False,True,75474.69230769231,11.231565927208589
5706021423,1b52ecd2b7a24595f49959179b564722b52da8d3,1,True,Premium,data engineer,UK,Senior,Not specified,Missing,0,,False,True,False,False,False,False,False,83333.33333333333,11.330615908104274
5700635647,a6d97b730c972cd851131c701a0acbf6d54936fc,1,False,Standard,data engineer,UK,Mid,Not specified,Missing,0,,False,True,False,False,False,False,False,92351.20512820513,11.433364863287144
5711006081,f5489ba3ef665362d966e3fa561847603bd0844c,1,True,Premium,data engineer,UK,Lead,Not specified,Missing,0,,False,True,False,False,False,False,False,76785.88461538461,11.248789131315174
5698197842,a5e458820885c4927234312cd6aec3b5ab35104e,1,False,Standard,data engineer,UK,Mid,Not specified,Missing,0,,False,True,False,False,False,False,False,74358.97435897436,11.21667309701249
5706301111,24d8301995a19566e4ff5348cdeadbae6f0ba600,1,False,Standard,data engineer,UK,Mid,Not specified,Missing,0,,False,True,False,False,False,False,False,72339.5,11.189139417287565
5706301834,9ae671a2d6c7e8935ed2670c71ed89f5f4e83ed0,1,False,Standard,data engineer,UK,Mid,Not specified,Missing,0,,False,True,False,False,False,False,False,73854.82051282052,11.209870100193239
5683063999,4a62b959663e474e0794ab36277ffc3f162a21f2,1,False,Standard,data engineer,UK,Mid,Not specified,Missing,0,,False,True,False,False,False,False,False,100956.34615384614,11.522453391314718
5687595367,a7b3823f507ec342355485619985fa45a144b432,1,False,Standard,data engineer,UK,Mid,Not specified,Missing,1,,False,True,True,False,True,False,False,48717.94871794872,10.79382332411215
5707074651,84ab49692be5de39546d4811e1f1eaf073204da4,1,False,Standard,data engineer,UK,Mid,Not specified,Missing,0,,False,True,False,False,False,False,False,55503.5641025641,10.92422053243556
5711010400,6a151dbba23b75c3b0b6bc734886b65e499cdf62,1,False,Standard,data engineer,UK,Mid,Not specified,Missing,0,,False,True,False,False,False,False,False,83333.33333333333,11.330615908104274
5709400811,012ff8bf00a614bc65cad931c9ee1b964f65b4f7,1,False,Standard,data engineer,UK,Mid,Not specified,Missing,0,,False,True,False,False,False,False,False,57692.30769230769,10.962896461234068
5710746531,bf178a0ae948959c58cc1bc2600120ae7336a092,1,False,Standard,data engineer,UK,Mid,Not specified,Missing,0,,False,True,False,False,False,False,False,112885.89743589744,11.634141688805
5661637901,70da4dfdad573fe1ffc1cf2d0d32eb6e6310ccc0,1,True,Premium,data engineer,UK,Senior,Not specified,0-2 years,1,2.0,False,False,True,True,False,False,False,86410.37179487178,11.36687456412746
5631887512,aedfad4338cb14cb09c58eeece8ad7231467e028,1,True,Premium,data engineer,UK,Senior,Not specified,Missing,0,,False,True,False,False,False,False,False,95780.3717948718,11.469823496146008
5631887863,ce68fd78f1e0c3551f2fdbdf9c74465bea777760,1,False,Standard,data engineer,UK,Mid,Not specified,Missing,0,,False,True,False,False,False,False,False,93398.38461538462,11.44464003549485
5697215262,d37fcc35e4e36e2055bce8dfa4a1315a440e120f,1,False,Standard,data engineer,UK,Mid,Not specified,Missing,0,,False,True,False,False,False,False,False,82552.08974358974,11.321196877401194
5697215054,ab45ef9bf418814a7c8d599b2cdddaf945568344,1,False,Standard,data engineer,UK,Mid,Not specified,Missing,0,,False,True,False,False,False,False,False,76811.07692307692,11.24911715837559
5697215938,cead8485511c494a1117f4da24eda5c0530fd749,1,False,Standard,data engineer,UK,Mid,Not specified,Missing,0,,False,True,False,False,False,False,False,74280.97435897436,11.215623595067283
5697216464,e0ec36b4fe44025929a0e761412b3d15ddfd09a9,1,False,Standard,data engineer,UK,Mid,Not specified,Missing,0,,False,True,False,False,False,False,False,83366.34615384616,11.331011978750304
5632450690,9fb51107581177e588f48fa5b91ce36d20260395,1,False,Standard,data engineer,UK,Mid,Not specified,Missing,0,,False,True,False,False,False,False,False,70894.07692307692,11.168956273199308
5665887904,60308d58faa2c0f8bba19e22d00208e3bc06a8ca,1,False,Standard,data engineer,UK,Mid,Not specified,Missing,0,,False,True,False,False,False,False,False,63046.4358974359,11.051642672801414
5697216757,134f917086bbfd681a88df240cd08f81ab944c99,1,False,Standard,data engineer,UK,Mid,Not specified,Missing,0,,False,True,False,False,False,False,False,74527.26923076922,11.218933785155661
5701121446,eafa6195d76360c93ea675fccd30a252bd9ac983,1,False,Standard,data engineer,UK,Mid,Not specified,Missing,0,,False,True,False,False,False,False,False,87233.47435897436,11.376354879920957
5701121767,8fd738309b57fa5d473ee0db01d53a2ff1471046,1,False,Standard,data engineer,UK,Mid,Not specified,Missing,0,,False,True,False,False,False,False,False,88093.89743589744,11.38616989237974
5647787971,21e2a32a089f67c32d95ee631480748518464154,1,False,Standard,data engineer,UK,Mid,Not specified,Missing,1,,True,True,True,False,False,False,False,67461.21794871795,11.119322986057947
5641792464,a20be66cca0f372d11f6441749bbfd6f892c90cc,1,False,Standard,data engineer,UK,Mid,Not specified,Missing,0,,False,True,False,False,False,False,False,53172.85897435898,10.881322181904203
5551397136,95bcb31114e9dd5b859ffd99199604b904104d97,1,False,Standard,data engineer,UK,Mid,Not specified,Missing,0,,False,True,False,False,False,False,False,72745.80769230769,11.194740303552853
5697214991,6c981065d704ddc57f8446f1da587895a9ee3065,1,False,Standard,data engineer,UK,Mid,Not specified,Missing,1,,False,True,True,False,True,False,False,87740.99999999999,11.38215596908088
5709977802,14598bc7e336984254c77e13d9afd98dc3d8a569,1,False,Standard,data engineer,UK,Mid,Not specified,Missing,0,,False,True,False,False,False,False,False,94930.47435897436,11.460910587767295
5705173859,33c60b019859a50ce56de5ccff37c6c80fa3ffd5,1,False,Standard,data engineer,UK,Mid,Not specified,Missing,0,,False,True,False,False,False,False,False,89743.58974358974,11.404723023125058
5710236369,3eaa2d0fe6f298fb8aa9e2100b5a21052529844a,1,False,Standard,data engineer,UK,Mid,Not specified,Missing,1,,False,True,True,False,False,False,True,102564.10256410256,11.538253022906988
5707019775,efb67f3445f1fee02d295c6d9e6f8d30e119e984,1,False,Standard,data engineer,UK,Mid,Not specified,Missing,1,,False,True,True,False,False,False,False,107573.17948717948,11.585935930321723
5711006157,1df199945a142358f0a7e85df9d8a63ca61b4a75,1,False,Standard,data engineer,UK,Mid,Not specified,Missing,0,,False,True,False,False,False,False,False,66666.66666666667,11.107475356749566
5697400088,08f6e01af58a445fefc5f71a913e6d1b7bfc800e,1,False,Standard,data engineer,UK,Mid,Not specified,Missing,0,,False,True,False,False,False,False,False,35897.4358974359,10.488449005210695
5690395808,1a78255208b59c74f788a3cd0c004b2f4cd49f00,1,True,Premium,data engineer,UK,Senior,Not specified,Missing,0,,False,True,False,False,False,False,False,151528.9871794872,11.928538819523112
5690421628,6f2c20faa8b208f2d6fd7308db0761e7949ece56,1,True,Premium,data engineer,UK,Senior,Not specified,Missing,0,,False,True,False,False,False,False,False,153023.89743589744,11.938355915474952
5699815390,a6d5bfd22987e7be3808f4ffc3cc9b978285a995,1,False,Standard,data engineer,UK,Mid,Bachelor,Missing,0,,False,True,False,False,False,False,False,102337.97435897434,11.536045860411017
5699816088,da52fc745d0d61cada72783a2ab3ff34b2412053,1,False,Standard,data engineer,UK,Mid,Bachelor,Missing,0,,False,True,False,False,False,False,False,103347.29487179487,11.545860066394178
5704596929,1d5724e1eb488c505cc9758ee8aa6d19236f0272,1,True,Premium,data engineer,UK,Lead,Not specified,Missing,1,,False,True,True,False,False,False,False,78838.11538461539,11.275164540815775
5697214487,7da78d510600750f0ad56c0229a81e37c57cfd19,1,False,Standard,data engineer,UK,Mid,Not specified,Missing,2,,True,True,True,True,True,False,False,83973.16666666666,11.338264490842885
5704595655,57dd6b1980bc15e7a3bbb353a52a3324447c2ed2,1,True,Premium,data engineer,UK,Senior,Not specified,Missing,1,,False,True,True,False,True,False,False,86452.89743589742,11.367366573217229
5704595829,d3c3afe8a376cb3878c44c8eada1a6948d596485,1,True,Premium,data engineer,UK,Lead,Not specified,Missing,1,,False,True,True,False,True,False,False,123687.44871794872,11.725521172597052
5704595224,61900d2e3ab6ce55b8e810f7cd90a83e6db392fe,1,True,Premium,data engineer,UK,Senior,Not specified,Missing,1,,False,True,True,False,True,False,False,85608.65384615384,11.357553334347372
5704597539,843c5cc51311cd3e95ddc7e3b3e68bde1da7fa56,1,True,Premium,data engineer,UK,Lead,Not specified,Missing,1,,False,True,True,False,True,False,False,124907.67948717948,11.735338185189876
5690395450,11eb44aa312bc4aba2d24603b8419643d6319fe5,1,False,Standard,data engineer,UK,Mid,Not specified,Missing,0,,True,True,False,False,False,False,False,68191.82051282052,11.130094567217153
5704595245,aa17a11e7af92325852657672d1b16c95fbdeb64,1,True,Premium,data engineer,UK,Senior,Not specified,Missing,1,,False,True,True,False,False,False,False,113749.70512820513,11.64176453572326
5704596211,d277c589db2a05b33eb9f1fe9bcb8c762532076a,1,True,Premium,data engineer,UK,Senior,Not specified,Missing,1,,False,True,True,False,False,False,False,114871.67948717948,11.651579659124726
5704595627,e17fe292055695272672080ab5a066d495287f57,1,True,Premium,data engineer,UK,Lead,Not specified,Missing,0,,False,True,False,False,False,False,False,92716.89743589742,11.437316801267059
5704597215,12334e8eb624fd89a888f3f70e35852b5e0a68e0,1,True,Premium,data engineer,UK,Lead,Not specified,Missing,0,,False,True,False,False,False,False,False,91811.32051282052,11.427501777982483
5710666879,f1859e9a5361d0663eb062fb08d135dd67756edc,1,False,Standard,data engineer,UK,Mid,Not specified,Missing,0,,True,True,False,False,False,False,False,55663.333333333336,10.92709488568461
5710393460,5b747d24025e0f1af3097d7834375ce7d5c58cdc,1,False,Standard,data engineer,UK,Mid,Not specified,Missing,0,,True,True,False,False,False,False,False,55119.717948717946,10.91728093079716
5710394915,8f40b9229e985876cdf24164b5d291b327350595,1,False,Standard,data engineer,UK,Mid,Not specified,Missing,0,,True,True,False,False,False,False,False,91726.94871794872,11.426582396081514
5697214535,f402714e87820efbaa509855a85e91be2c1c6e16,1,True,Premium,data engineer,UK,Senior,Not specified,Missing,0,,False,True,False,False,False,False,False,137802.76923076922,11.833585990095951
5689922474,357c62224e531502100e3c051bae0a17a0115cb2,1,True,Premium,data engineer,UK,Lead,Not specified,Missing,0,,False,True,False,False,False,False,False,112000.58974358975,11.62626834431569
5689922184,59d44bb718cafb91b52434e23397a5fcbf4fa3c5,1,True,Premium,data engineer,UK,Lead,Not specified,Missing,0,,False,True,False,False,False,False,False,113105.3205128205,11.636083544829397
5709979808,33108399d79ef60d8a85e16770a748b23f637070,1,True,Premium,data engineer,UK,Senior,Not specified,Missing,1,,False,True,True,False,False,False,False,77029.16666666666,11.251952399003851
5709979974,4a18a859414c06fbb7145fe50ea90ac0fb642119,1,True,Premium,data engineer,UK,Senior,Not specified,Missing,1,,False,True,True,False,False,False,False,76276.80769230769,11.2421373190327
5690395695,0741e2ac6b51f2a0ddd862c7e5ef7739109e5a46,1,False,Standard,data engineer,UK,Mid,Not specified,Missing,1,,False,True,True,False,False,False,False,80661.69230769231,11.298031446344055
5690421606,b95a6facaf066d5ae42eeee379871095ee2bf270,1,False,Standard,data engineer,UK,Mid,Not specified,Missing,0,,False,True,False,False,False,False,False,111424.7564102564,11.621113786306468
5690395444,0356bed37ad30d033ce58f48d42ff3a23f12a106,1,False,Standard,data engineer,UK,Mid,Not specified,Missing,0,,False,True,False,False,False,False,False,110336.4487179487,11.611298664553926
5673901280,5994cfe32997e7210ed7a503aee4cbd4fbec0a3a,1,True,Premium,data engineer,UK,Lead,Not specified,Missing,0,,False,True,False,False,False,False,False,109253.14102564102,11.601432016364354
5673852655,0187285e91794671c5e78c831cb2792de3c97d55,1,True,Premium,data engineer,UK,Lead,Not specified,Missing,0,,False,True,False,False,False,False,False,108186.35897435897,11.591619808387815
5710393142,34d1a973fb9aacff82b84a0527c83bd13eeda690,1,True,Premium,data engineer,UK,Senior,Not specified,Missing,0,,False,True,False,False,False,False,False,93168.76923076922,11.442178583579421
5710667508,3d97abe5a5dd8df06a41c3286c48f4ab92b1be91,1,True,Premium,data engineer,UK,Senior,Not specified,Missing,0,,False,True,False,False,False,False,False,94087.66666666667,11.451992879071057
5708331781,79b6eef7d90fc29cf57ad995662519100dd1d99f,1,False,Standard,data engineer,UK,Mid,Not specified,Missing,0,,False,True,False,False,False,False,False,62193.42307692308,11.038020613564754
5687538554,bab0bb5cf8d31a73463d29cb73c2f66c87f3749a,1,False,Standard,data engineer,UK,Mid,Not specified,Missing,0,,False,True,False,False,False,False,False,164856.29487179487,12.012835499093718
5687539059,72d9d7aeb85b1a5dcf05b763b2b0b32745e81ece,1,False,Standard,data engineer,UK,Mid,Not specified,Missing,0,,False,True,False,False,False,False,False,166482.66666666666,12.022652485492605
5674990922,f7a4d494a4e0d8d6923a1d95af26eea835239ace,1,False,Standard,data engineer,UK,Mid,Not specified,Missing,0,,False,True,False,False,False,False,False,72630.52564102564,11.19315434403877
5674962246,fca70fdc69949405aed59c58185127d7661e5f18,1,False,Standard,data engineer,UK,Mid,Not specified,Missing,0,,False,True,False,False,False,False,False,71921.1282051282,11.18333925999145
5710393398,932c697e3a32e277b82161838f3ae67059121a88,1,False,Standard,data engineer,UK,Mid,Not specified,Missing,1,,False,True,True,False,True,False,False,67800.15384615384,11.124334492163527
5655061647,1ced7adf3e5b73d30dfaa2034ab49046fc92bfb1,1,True,Premium,data engineer,UK,Lead,Not specified,Missing,0,,False,True,False,False,False,False,False,97215.03846153845,11.484690981585082
5682616838,915c71f86fdabf367f70f3a2cde4e6394a1753bd,1,True,Premium,data engineer,UK,Senior,Not specified,Missing,0,,False,True,False,False,False,False,False,103204.97435897436,11.544482021429308
5682616632,d48990152fd4f5fe5314a492bf2465bd2b47cd59,1,True,Premium,data engineer,UK,Senior,Not specified,Missing,0,,False,True,False,False,False,False,False,102196.9487179487,11.534666885297362
5705345036,ae5f08f259a4c1a41c66e7110408e816dcd64b96,1,False,Standard,data engineer,UK,Mid,Not specified,Missing,0,,True,True,False,False,False,False,False,84615.38461538461,11.345883198419045
5708345133,0b5b7a18f440ad0090f619a63c72cd369a0c1c92,1,False,Standard,data engineer,UK,Mid,Not specified,Missing,1,,False,True,True,False,False,False,False,67307.69230769231,11.117044664910706
5708345278,7c005c78645e2adec7fa1e96059a7a4bfad9310a,1,False,Standard,data engineer,UK,Mid,Not specified,Missing,1,,False,True,True,False,False,False,False,67307.69230769231,11.117044664910706
5683632201,03e4bcabf4dd433367c3ed5f3315ae47e5663b22,1,False,Standard,data engineer,UK,Mid,Not specified,Missing,0,,False,True,False,False,False,False,False,74562.46153846153,11.21940587449508
5684163490,c5ded49464849c8ce369eb04fcb8c7ded9c57046,1,False,Standard,data engineer,UK,Mid,Not specified,Missing,2,,False,True,True,True,True,False,False,75609.20512820513,11.233346541525822
5687062344,7a8990fb39c5b7b415de9d2a40cbf22fb7bc6796,1,False,Standard,data engineer,UK,Mid,Not specified,Missing,0,,False,True,False,False,False,False,False,57692.30769230769,10.962896461234068
5709401173,72260661bab5f914087e628ebd75e31e28728ea0,1,False,Standard,data engineer,UK,Mid,Not specified,Missing,0,,False,True,False,False,False,False,False,70512.82051282052,11.163564005230729
5706037368,ad66d1c341da89a66338e758f3f19556c7fac2e4,1,False,Standard,data engineer,UK,Mid,Not specified,Missing,1,,False,True,True,False,False,False,False,158333.3333333333,11.972464110118198
5692988155,bed0f137f036f0eca76159dc5933bbde75021d72,1,False,Standard,data engineer,UK,Mid,Not specified,Missing,0,,False,True,False,False,False,False,False,158666.66666666666,11.974567147046596
5710236377,499237db383dd339b0e704bcbabebc889efb8e57,1,True,Premium,data engineer,UK,Senior,Not specified,Missing,1,,False,True,True,False,False,False,False,102564.10256410256,11.538253022906988
5679241717,54c8ce19cfa8fc269d632d0fd6f9d1beb149f34a,1,False,Standard,data engineer,UK,Mid,Not specified,Missing,0,,False,True,False,False,False,False,False,128205.1282051282,11.761394624238308
5670689784,ef6b68305d6e8b27bc88c63932f4458c2de6cea3,1,False,Standard,data engineer,UK,Mid,Not specified,Missing,0,,False,True,False,False,False,False,False,80173.01282051281,11.291954711676233
5687570977,7ba0d0f06585273bcb6b00a7f9e08988fccd7b1c,1,True,Premium,data engineer,UK,Lead,Not specified,Missing,0,,False,True,False,False,False,False,False,88996.42307692308,11.396362694103221
5704596648,df7f4c68f8ae6abc096e4f5d8292acbea12ebdea,1,True,Premium,data engineer,UK,Senior,Not specified,Missing,1,,False,True,True,False,False,False,True,66496.64102564102,11.104921752716121
5704596703,d0dc7e3cd05a47ccb65aea7e5ce2cd65faf7782d,1,True,Premium,data engineer,UK,Senior,Not specified,Missing,1,,False,True,True,False,False,False,True,67152.58974358974,11.114737659101673
5690421374,1cb1b9e13e8d07be16fa5b0424b0c7820d6bc56e,1,False,Standard,data engineer,UK,Mid,Not specified,Missing,0,,False,True,False,False,False,False,False,95958.28205128206,11.471679235175769
5690395661,89fc85eee6398bca0347435ec4b094c9a053bb3e,1,False,Standard,data engineer,UK,Mid,Not specified,Missing,0,,False,True,False,False,False,False,False,95021.03846153847,11.461864127484263
5697214912,445876bce3c3e9224faa0343e4ee10cdfd27d160,1,False,Standard,data engineer,UK,Junior,Not specified,Missing,1,,False,True,True,False,False,False,False,36811.46153846154,10.513591695597786
5703709534,f21b4b571d25dda89f5326892309ddb992bbe5dc,1,False,Standard,data engineer,UK,Mid,Not specified,Missing,1,,False,True,True,False,False,False,False,74336.53846153845,11.216371331405513
5697217117,4581722d6c7299c352fd58dae13d6e6330fd5c77,1,True,Premium,data engineer,UK,Senior,Not specified,Missing,0,,False,True,False,False,False,False,False,77476.0,11.257736397101715
5697215185,5e3018f23abbb5654f0de6134d6219463a63ac6c,1,True,Premium,data engineer,UK,Senior,Not specified,Missing,0,,False,True,False,False,False,False,False,76719.26923076922,11.24792121881562
5707204500,5526c4dc8bdedbf2b91a4df062e7e37d05689631,1,False,Standard,data engineer,UK,Mid,Not specified,Missing,1,,True,True,True,False,False,False,False,112179.48717948717,11.627864345890188
5708347812,6984b759c848fd521ae73f3dbd40f1b06a75b865,1,False,Standard,data engineer,UK,Mid,Not specified,Missing,1,,False,True,True,False,False,False,False,208333.3333333333,12.24689944003891
5708345131,88dd7835165d8881eaa09177a95fe16a8117775e,1,False,Standard,data engineer,UK,Mid,Not specified,Missing,1,,False,True,True,False,False,False,True,96153.84615384616,11.473715151762867
5709491276,f1c675c3d5288ae584a9ae683f6fe79655686997,1,False,Standard,data engineer,UK,Mid,Not specified,Missing,0,,False,True,False,False,False,False,False,131410.2564102564,11.786087046586243
5694974478,d57679a70c73bc448870a93d6852a30072c3cd64,1,False,Standard,data engineer,UK,Junior,Not specified,Missing,0,,False,True,False,False,False,False,False,48076.92307692308,10.780578371040685
5692093738,62c24044801d568fd259800d0af2a44b8606b07f,1,True,Premium,data engineer,UK,Lead,Not specified,Missing,0,,False,True,False,False,False,False,False,115384.61538461538,11.656034975240013
5682199522,5716ced6035c999e3fe64b519831b8d3c458d754,1,False,Standard,data engineer,UK,Mid,Not specified,Missing,0,,False,True,False,False,False,False,False,128205.1282051282,11.761394624238308
5706537046,bd7991c7a9107c22e1027bca981d164c89ab49eb,1,False,Standard,data engineer,UK,Junior,Not specified,3-5 years,0,5.0,True,False,False,False,False,False,False,103333.33333333333,11.545724965165748
5683233694,0166f4b8983f1c07bef165cade35a2585c6526ef,1,True,Premium,data engineer,UK,Lead,Not specified,Missing,0,,False,True,False,False,False,False,False,128205.1282051282,11.761394624238308
5691162288,6f904f5bbcb6d35637f7041ab43fdb47c4bc86a4,1,False,Standard,data engineer,UK,Mid,Not specified,Missing,1,,False,True,True,False,False,False,True,89743.58974358974,11.404723023125058
5701284231,8a93222551c430fea59b592d058a298f0f0468f2,1,True,Premium,data engineer,UK,Lead,Not specified,Missing,0,,False,True,False,False,False,False,False,75821.1282051282,11.236145457855082
5672926089,2d3f1ad65d5c5a860e1f9f227d2bac256089f762,1,True,Premium,data engineer,UK,Senior,Not specified,Missing,1,,False,True,True,False,False,False,False,77740.23076923077,11.261141036146478
5671229826,52488f375d4e4318ca257100a09a959d9785a0bc,1,True,Premium,data engineer,UK,Senior,Not specified,Missing,0,,False,True,False,False,False,False,False,102564.10256410256,11.538253022906988
5706300909,3b5620147fd712be58999df1874e4c2dec2c127d,1,True,Premium,data engineer,UK,Senior,Not specified,Missing,0,,False,True,False,False,False,False,False,98104.10256410256,11.493794658106003
5699420874,71b6bec09da68559520e2147a71648121d97bfec,1,True,Premium,data engineer,UK,Lead,Not specified,Missing,0,,False,True,False,False,False,False,False,67898.69230769231,11.125786781985596
5670690036,1711a1a56f1b83c4befac726180f755228c5d401,1,True,Premium,data engineer,UK,Senior,Not specified,Missing,0,,False,True,False,False,False,False,False,87248.9487179487,11.376532252304601
5700242826,949baf1fe15593698d016f48004b0c99e986eb29,1,True,Premium,data engineer,UK,Senior,Not specified,Missing,1,,True,True,True,True,False,False,False,96295.73076923077,11.475189648811522
5706140016,4e2187816e8248e7b964d2d94f938c4fdabe567a,1,False,Standard,data engineer,UK,Mid,Not specified,Missing,0,,False,True,False,False,False,False,False,35737.179487179485,10.48397484973221
5685951370,7d4cb688402be6c5c8ca06cffa2f2613b8f309f1,1,False,Standard,data engineer,UK,Mid,Not specified,Missing,2,,False,True,True,False,True,False,False,70512.82051282052,11.163564005230729
5693527847,aa8f19789913414c5704b814c97c26cd71351a81,1,False,Standard,data engineer,UK,Mid,Not specified,Missing,1,,False,True,True,True,False,False,False,83333.33333333333,11.330615908104274
5701590744,163f86991e5a73fe368fc525b18f43ce678b38fc,1,False,Standard,data engineer,UK,Mid,Not specified,Missing,0,,True,True,False,False,False,False,False,160000.0,11.982935344196433
5698795106,1b4347d54c298ea789d6d8a09659b979d2010b38,1,False,Standard,data engineer,UK,Mid,Not specified,Missing,0,,False,True,False,False,False,False,False,73717.94871794872,11.208015151209326
5708923902,babac63a130efbee42b23fc330b32db9b9c8ca49,1,False,Standard,data engineer,UK,Mid,Not specified,Missing,0,,False,True,False,False,False,False,False,67935.23076923077,11.126324761359419
5522192188,255e5cfe5527fe0135a1ffc19e7273bba4fed41d,1,False,Standard,data engineer,UK,Mid,Not specified,Missing,0,,False,True,False,False,False,False,False,77561.83333333333,11.258843639547184
5700383930,5bdf7751c3ac32b42907df960197b99daaffee95,1,False,Standard,data engineer,UK,Mid,Not specified,Missing,1,,False,True,True,True,False,False,False,80666.66666666666,11.29809311308809
5703561657,5c28f95615bba9439c49d3ce94d734d650f2e1bd,1,False,Standard,data engineer,UK,Mid,Not specified,Missing,0,,False,True,False,False,False,False,False,65000.0,11.082157933374816
5700361280,606c6eefa30d070503a2dcfd722cec5ab85c725e,1,False,Standard,data engineer,UK,Mid,Not specified,Missing,1,,False,True,True,True,False,False,False,73097.42307692308,11.199562073370073
5705376820,acdc8dc9c369de685e3ad5d9c286cefe06662c98,1,False,Standard,data engineer,UK,Mid,Not specified,Missing,1,,False,True,True,False,True,False,False,152166.66666666666,11.932738262068968
5456799153,d1da238f97052b18b1ff6b986c33887f110b2fdd,1,False,Standard,data engineer,UK,Mid,Master,Missing,0,,True,True,False,False,False,False,False,82127.74358974358,11.316043338793575
5664323884,09e1436f96e7d72456dd40632450a0c199a547e3,1,False,Standard,data engineer,UK,Mid,Not specified,Missing,1,,False,True,True,False,True,False,False,89743.58974358974,11.404723023125058
5700383926,f59d2668138576de957f4db63c0afaa78c624d71,1,False,Standard,data engineer,UK,Mid,Not specified,Missing,0,,True,True,False,False,False,False,False,191666.66666666666,12.163518248489071
5358961968,382efe91bace72229380d907cf0b83143885be6b,1,False,Standard,data engineer,UK,Mid,Not specified,Missing,0,,False,True,False,False,False,False,False,64611.1282051282,11.0761574152626
5708923981,1647b4af8920f0f2f3f7b435df94b185b7b827f5,1,False,Standard,data engineer,UK,Mid,Not specified,Missing,0,,False,True,False,False,False,False,False,96367.11538461539,11.475930672616085
5593906927,e00e0d5b5a56d37655f4df93560b026de27d6d19,1,False,Standard,data engineer,UK,Mid,Not specified,Missing,1,,False,True,True,False,False,False,False,48961.833333333336,10.798816785882153
5705314301,1215777b69674a2cfba2c54cb4a17dc515a065c2,1,False,Standard,data engineer,UK,Mid,Not specified,Missing,0,,False,True,False,False,False,False,False,53904.666666666664,10.894990884333282
5633268329,cac72489864b7c110b22ec1a09fc008423393e74,1,False,Standard,data engineer,UK,Mid,Not specified,Missing,0,,False,True,False,False,False,False,False,126864.16666666667,11.7508801216695
5633268317,8e821016a3f9a3be53382c495bd0b6c08aec8b6e,1,False,Standard,data engineer,UK,Mid,Not specified,Missing,0,,False,True,False,False,False,False,False,127516.02564102564,11.756005169105105
5626089109,73c4b7d2314db26e540f9c145b903f20c2b20d39,1,False,Standard,data engineer,UK,Mid,Not specified,Missing,0,,False,True,False,False,False,False,False,96153.84615384616,11.473715151762867
5633268305,0c8d2b774e2e5887b0d4c7a10c17d5961656cd60,1,False,Standard,data engineer,UK,Mid,Not specified,Missing,0,,False,True,False,False,False,False,False,135099.28205128206,11.813772611668407
5633268348,eecb52d21267f204c058b7f03fd129032f727e56,1,False,Standard,data engineer,UK,Mid,Not specified,Missing,0,,False,True,False,False,False,False,False,127665.80769230769,11.757179084133549
5708924155,001f2a873860af87a3386847cf6b15ba3fcb5c9b,1,False,Standard,data engineer,UK,Mid,Not specified,Missing,0,,False,True,False,False,False,False,False,76499.51282051283,11.245052723328275
5707068694,9c9b253a912d88180b9d5f3f5465ee08360f6c5b,1,False,Standard,data engineer,UK,Mid,Not specified,Missing,0,,False,True,False,False,False,False,False,95110.06410256411,11.462800583538796
5682245147,beb8fa643d3fccb18c8a43e94db973c60b5a81a6,1,False,Standard,data engineer,UK,Mid,Not specified,Missing,0,,False,True,False,False,False,False,False,62664.83333333333,11.045571655183219
5702620619,0c7a610f8d7a82661ce2ff6d9c7ba3664fe7bc9a,1,False,Standard,data engineer,UK,Mid,Not specified,Missing,0,,True,True,False,False,False,False,False,75805.35897435897,11.235937459594078
5710394372,f81f0b8dd74f5e4da729376a14a57da07128c868,1,False,Standard,data engineer,UK,Mid,Not specified,Missing,0,,False,True,False,False,False,False,False,65214.89743589744,11.085458543898037
5464021487,a27a8d67abccb8232f90369993917534385473fa,1,False,Standard,data engineer,UK,Mid,Not specified,Missing,0,,False,True,False,False,False,False,False,59550.5,10.994596763383088
5647281201,ff6798d46b4cb3018d2736b9617d44157cf9bec6,1,False,Standard,data engineer,UK,Mid,Not specified,Missing,0,,False,True,False,False,False,False,False,67183.98717948719,11.115205096485457
5684479780,6d9642886877c5f719fcac0eaf5fd193d028cec4,1,False,Standard,data engineer,UK,Mid,Not specified,Missing,2,,False,True,True,False,True,False,False,70512.82051282052,11.163564005230729
5700090404,e5e21b02c63dff63343cac8d237fecbee9c3dc64,1,False,Standard,data engineer,UK,Mid,Not specified,Missing,1,,False,True,True,True,False,False,False,44000.0,10.691967639914864
5707345162,bada8b66abb778632045f2d3b5e4d3cfe5952fab,1,False,Standard,data engineer,UK,Mid,Not specified,Missing,2,,False,True,True,True,True,False,False,43561.58974358974,10.681954027611857
5698299015,d8bb156683d1ac4e3e7ad285d2f6daa307c5143f,1,False,Standard,data engineer,UK,Mid,Not specified,Missing,0,,False,True,False,False,False,False,False,58244.11538461539,10.972415511853725
5702645406,dcdca596514be1e6d1c7d53a606dab1382d0e2c6,1,False,Standard,data engineer,UK,Mid,Not specified,Missing,3,,False,True,True,True,True,False,False,48076.92307692308,10.780578371040685
5709408031,2ae68d2f821c37f1433dc5746e874d5aa25e92a3,1,False,Standard,data engineer,UK,Mid,Not specified,Missing,0,,False,True,False,False,False,False,False,58185.820512820515,10.971414156405729
5708301469,6958537fc71d11a4bbe34f54a4d24156d6b603ea,1,False,Standard,data engineer,UK,Mid,Not specified,Missing,0,,False,True,False,False,False,False,False,71794.8717948718,11.181582257490213
5683250827,30e8c7bd625f00806bc02affe6e3b3a852bb3a35,1,False,Standard,data engineer,UK,Mid,Not specified,Missing,0,,False,True,False,False,False,False,False,73717.94871794872,11.208015151209326
5693335146,33456db7d7f9c829e2c4588b650ec73bbf522323,1,False,Standard,data engineer,UK,Mid,Not specified,Missing,0,,True,True,False,False,False,False,False,73717.94871794872,11.208015151209326
5702612104,647b8ac59dee082d5c1181989d02234da794440a,1,False,Standard,data engineer,UK,Mid,Not specified,Missing,0,,False,True,False,False,False,False,False,65000.0,11.082157933374816
5701531178,9f1c591686179f3fc00f1e474ead2e0b8b212678,1,False,Standard,data engineer,UK,Mid,Not specified,3-5 years,0,4.0,True,False,False,False,False,False,False,73717.94871794872,11.208015151209326
5699052746,20fd8785402662dc013b2cb00fa6fb42c4733c0d,1,False,Standard,data engineer,UK,Mid,Not specified,Missing,0,,False,True,False,False,False,False,False,121794.8717948718,11.710101740373787
5685849138,7613c3509bf3bd6744ba0df806b411b6a00ab7d0,1,False,Standard,data engineer,UK,Mid,Not specified,Missing,0,,False,True,False,False,False,False,False,70512.82051282052,11.163564005230729
5705215395,074103b96abef725d3cc35d1e1e1eb6c018c6372,1,False,Standard,data engineer,UK,Mid,Not specified,Missing,1,,False,True,True,False,True,False,False,152166.66666666666,11.932738262068968
5701531655,01ab4b27e2230e8068792b5c02c4a0f7b3e39d31,1,False,Standard,data engineer,UK,Mid,Not specified,Missing,1,,False,True,True,False,False,False,False,85023.89743589744,11.350699403592957
5699168101,cce1ce48a8033158b5f09795e2de437bdd129720,1,False,Standard,data engineer,UK,Mid,Not specified,Missing,0,,False,True,False,False,False,False,False,108974.35897435897,11.598877071199437
5700379109,c3d0ae5239b8fe62cffa9ea0c7e79129d42d6aad,1,False,Standard,data engineer,UK,Mid,Not specified,Missing,0,,False,True,False,False,False,False,False,175000.0,12.07254696717504
5683124250,07394fc6946689d88ebe3753365e9623e3eb250f,1,False,Standard,data engineer,UK,Mid,Not specified,Missing,0,,False,True,False,False,False,False,False,62666.666666666664,11.045600910463467
5706320524,90992437634f1ea55261d6fcf434f9122d397c17,1,False,Standard,data engineer,UK,Mid,Not specified,Missing,0,,False,True,False,False,False,False,False,57357.692307692305,10.957079677030574
5701531621,d6a68b8433d3fd30f814f80cacec64c2e009fc1a,1,False,Standard,data engineer,UK,Mid,Not specified,Missing,0,,False,True,False,False,False,False,False,86538.46153846153,11.368355791647911
5692177457,20daa8902722f7d4540ccd5d274534547e888bad,1,False,Standard,data engineer,UK,Mid,Not specified,Missing,1,,False,True,True,False,False,False,False,166666.66666666666,12.023757088718218
5684279783,b26d1a43565607cc37caee54b0aed304af331ef2,1,False,Standard,data engineer,UK,Mid,Not specified,Missing,0,,False,True,False,False,False,False,False,70512.82051282052,11.163564005230729
5699051018,f0780bf904868fed3d5cf66664e9cb221bffa198,1,False,Standard,data engineer,UK,Mid,Not specified,Missing,0,,False,True,False,False,False,False,False,64102.5641025641,11.068255243587103
5708392691,a0e92f52d9fadff58b1181f8525c3dc89ecac6ca,1,False,Standard,data engineer,UK,Mid,Not specified,Missing,1,,False,True,True,False,False,False,False,67307.69230769231,11.117044664910706
5693208015,fa03159667326af5ddc010237f171303a2a0a725,1,False,Standard,data engineer,UK,Mid,Not specified,Missing,0,,False,True,False,False,False,False,False,150000.0,11.918397239722838
5669721485,c2a72b2b38273574a5e86ff25e17d6d3c36b3054,1,False,Standard,data engineer,UK,Mid,Not specified,Missing,0,,True,True,False,False,False,False,False,58974.35897435897,10.984874991147711
5706036563,585407ecab849e7570cf89d4b5934c82e9337d9f,1,False,Standard,data engineer,UK,Mid,Not specified,Missing,0,,False,True,False,False,False,False,False,216666.66666666666,12.286119968577674
5705345123,718d9c4543484b268f7b530c6c4c3b64fed1f677,1,False,Standard,data engineer,UK,Mid,Not specified,Missing,2,,False,True,True,True,True,False,False,129166.66666666666,11.768866581012944
5700246206,f03f5bb41ac31cf223837127c004664c850059ca,1,False,Standard,data engineer,UK,Mid,Not specified,Missing,0,,False,True,False,False,False,False,False,64102.5641025641,11.068255243587103
5708351163,cacdb4eff65a5533bf655bbdc4061389ec83f386,1,False,Standard,data engineer,UK,Mid,Not specified,Missing,2,,False,True,True,True,True,False,False,91797.83333333333,11.427354867740606
5700243860,97646af078ed432b56910c26661205581cce05a5,1,False,Standard,data engineer,UK,Mid,Not specified,Missing,0,,False,True,False,False,False,False,False,58974.35897435897,10.984874991147711
5695767764,348822a567755afe7e034226f99387589db4a295,1,False,Standard,data engineer,UK,Mid,Not specified,Missing,1,,False,True,True,True,False,False,False,141666.66666666666,11.86123921803706
5706636946,0fe81211d4194bc8b5afbadd88aba0ae087060d7,1,False,Standard,data engineer,UK,Mid,Not specified,Missing,0,,False,True,False,False,False,False,False,63631.8717948718,11.060885467926788
5692515290,2ff2f1c0db9a756ed3e663df1f48804f80a98ba8,1,False,Standard,data engineer,UK,Mid,Not specified,Missing,0,,False,True,False,False,False,False,False,51282.05128205128,10.84511559220445
5704447753,dbf3587e6e38adc44814a330607a2205fcd887cb,1,False,Standard,data engineer,UK,Mid,Not specified,Missing,1,,False,True,True,False,False,False,False,78427.08974358974,11.26993742971463
5705061879,3da4fdb100f589858c6f31c37b32319c2400aeb4,1,False,Standard,data engineer,UK,Mid,Not specified,Missing,3,,False,True,True,True,True,False,True,80128.20512820513,11.291395674945118
5700702864,a697b74fb0fc2745744dc7dfa209739394b71e9f,1,False,Standard,data engineer,UK,Mid,Not specified,Missing,1,,False,True,True,False,False,False,False,102564.10256410256,11.538253022906988
5702485116,f6c328ed6de60133e9a6cfc3b511eaa635c03616,1,False,Standard,data engineer,UK,Mid,Not specified,Missing,1,,False,True,True,False,False,False,False,102564.10256410256,11.538253022906988
5709270786,d9520428a433a8add1c9c442220344befd1d0254,1,False,Standard,data engineer,UK,Mid,Not specified,Missing,1,,False,True,True,False,False,False,False,73717.94871794872,11.208015151209326
5699107989,32dd11788e114a0897a3a352b5781af005dd9bfa,1,False,Standard,data engineer,UK,Mid,Not specified,Missing,0,,False,True,False,False,False,False,False,57692.30769230769,10.962896461234068
5672544638,5a07621c36df966bb34de34c2376897f531fe59b,1,False,Standard,data engineer,UK,Mid,Not specified,Missing,1,,False,True,True,False,False,False,False,96153.84615384616,11.473715151762867
5672544639,fc67b5e7228639d9145563056ffb6202333b57b3,1,False,Standard,data engineer,UK,Mid,Not specified,Missing,1,,False,True,True,False,False,False,False,96153.84615384616,11.473715151762867
5680370302,270f72ce52668b874d2655828c0198e5afa245ca,1,False,Standard,machine learning engineer,UK,Mid,Not specified,Missing,1,,False,True,True,False,False,False,False,106714.5641025641,11.577922294529987
5706301813,0303000a95d6ce6d6b723ddf8dcdad2623963914,1,False,Standard,machine learning engineer,UK,Mid,Not specified,Missing,1,,False,True,True,False,False,False,False,68653.08974358975,11.136835983254
5679575599,9dcbf5f85fbdf784bba3f58bbb56daddaf76f5e7,1,False,Standard,machine learning engineer,UK,Mid,Not specified,Missing,0,,False,True,False,False,False,False,False,78964.4487179487,11.276765677779604
5706301103,2281fcadef03a9f01e7b68359b40d25bc5878b49,1,True,Premium,machine learning engineer,UK,Lead,Not specified,Missing,0,,False,True,False,False,False,False,False,45859.4358974359,10.733358061326076
5703708763,530ff1e113ff14b7fe55283b8c655967ad0e174f,2,False,Standard,machine learning engineer,UK,Mid,Master,3-5 years,1,5.0,False,False,True,False,False,False,False,60095.628205128196,11.003709015873392
5703709139,f6b1b0807aec0a0042f483eee3ded9c1f65032be,1,False,Standard,machine learning engineer,UK,Mid,Master,3-5 years,1,5.0,False,False,True,False,False,False,False,60688.4358974359,11.01352492396772
5709979035,530ff1e113ff14b7fe55283b8c655967ad0e174f,2,False,Standard,machine learning engineer,UK,Mid,Master,3-5 years,1,5.0,False,False,True,False,False,False,False,60817.705128205125,11.015652670774612
5662943497,0119342925fbc461dcb90bbd6c0edb78e0786471,1,False,Standard,machine learning engineer,UK,Mid,Not specified,Missing,0,,True,True,False,False,False,False,False,67567.89743589744,11.120903059051798
5703709620,ced43345c2e09ca407a5e3c673da8db22ebf6da5,1,True,Premium,machine learning engineer,UK,Senior,Not specified,Missing,1,,False,True,True,False,False,False,False,98486.1923076923,11.49768179137282
5703709277,b72d2b00eace059a75044c9a31a91c1007a4d9df,1,True,Premium,machine learning engineer,UK,Senior,Not specified,Missing,1,,False,True,True,False,False,False,False,97524.64102564103,11.487870607289846
5703709069,bfa7c45f9a53c2de0b5e0f00e78e3ab34c9a1977,1,False,Standard,machine learning engineer,UK,Mid,Not specified,Missing,1,,False,True,True,False,False,False,False,103595.47435897436,11.548258576944411
5703708914,41a8ceeb6dad8faed5011d20cf28f45ea15ac52e,1,False,Standard,machine learning engineer,UK,Mid,Not specified,Missing,1,,False,True,True,False,False,False,False,104617.28205128205,11.5580735959456
5687538691,ebe5f4506037a5a3d0214fde131ec437ab9d94f8,1,False,Standard,machine learning engineer,UK,Mid,Not specified,Missing,1,,False,True,True,False,False,False,False,98113.28205128205,11.493888221616093
5687539214,053e1874a6844d6b3a3ddc581d1c559bd303e7af,1,False,Standard,machine learning engineer,UK,Mid,Not specified,Missing,1,,False,True,True,False,False,False,False,97155.07692307692,11.48407400481097
5687538773,9023eb4edc4111f7ef7fbe4f5955709ab5577c88,1,False,Standard,machine learning engineer,UK,Mid,Not specified,Missing,1,,True,True,True,False,False,False,False,95744.11538461539,11.469444891481729
5702620741,75a549a7f3b1f25ab927f6df1be6902ebf0ab0ec,1,True,Premium,machine learning engineer,UK,Senior,Not specified,Missing,0,,False,True,False,False,False,False,False,135269.1923076923,11.815029481740337
5690395335,6e0bbec9a775d1818acbbc5a6a286a936d070e69,1,False,Standard,machine learning engineer,UK,Mid,Not specified,Missing,1,,False,True,True,False,False,False,False,41821.243589743586,10.641183620270116
5699815056,0b7032d9a81aa36da7efe371fff7eb257d69af09,1,False,Standard,machine learning engineer,UK,Mid,Not specified,Missing,1,,False,True,True,False,False,False,False,47363.01282051282,10.765617996131345
5699816081,9afca5cc9b30400a98f2f0528553015ecafd2e4d,1,False,Standard,machine learning engineer,UK,Mid,Not specified,Missing,1,,False,True,True,False,False,False,False,47830.08974358974,10.775431120098464
5697216580,f36b09addf89866958b797f1e9aa85bb75bdfb8e,1,False,Standard,machine learning engineer,UK,Mid,Not specified,Missing,0,,False,True,False,False,False,False,False,53290.692307692305,10.883535731358045
5697217115,3a8fae8782c747dba5f275f883dab04cce6359a8,1,False,Standard,machine learning engineer,UK,Mid,Not specified,Missing,0,,False,True,False,False,False,False,False,53816.269230769234,10.893349684063296
5699584168,5cf66fcfc5ffa9719dbbf03e1be3266330b1497c,1,True,Premium,machine learning engineer,UK,Senior,Not specified,Missing,1,,False,True,True,False,False,False,False,67145.61538461539,11.114633796877873
5697215961,a56c8038c36d08b1c960f2e4df168c0e6b36fb03,1,False,Standard,machine learning engineer,UK,Mid,Not specified,Missing,0,,False,True,False,False,False,False,False,91758.70512820511,11.42692853828681
5649383018,46c4bfd84c185ef2d5df855eb010a392a3146ead,1,False,Standard,machine learning engineer,UK,Mid,Not specified,Missing,1,,False,True,True,False,False,False,False,129300.23076923075,11.769900083424861
5692096131,a2138ad97cf29efc5358b62bcb1a1b08fcaffc6c,1,True,Premium,machine learning engineer,UK,Lead,Not specified,Missing,1,,False,True,True,False,False,False,False,81146.84615384616,11.30402803104825
5705683142,7f911daae5e5c9f0b740a959a4ad888edce7eb48,1,False,Standard,machine learning engineer,UK,Mid,Not specified,Missing,1,,False,True,True,False,False,False,False,78001.2564102564,11.264493033589932
5708923927,add709a71d0a06699e82d514d8ab7171b48e74ff,1,False,Standard,machine learning engineer,UK,Mid,Not specified,Missing,1,,False,True,True,False,False,False,False,78882.11538461539,11.275722483737669
5533597851,60a91cf68d984acd43941765101fc8b3d146497a,1,False,Standard,machine learning engineer,UK,Mid,Not specified,Missing,1,,True,True,True,False,False,False,False,66545.80769230769,11.105660854112363
5421140413,7078d54a45b2d87d1adcf0099f53506a9c84f3dd,1,False,Standard,machine learning engineer,UK,Mid,Not specified,Missing,0,,False,True,False,False,False,False,False,78684.66666666667,11.273216291600797
5540936934,4dc305abccc1974eb2b94c44a7d36956f3e66869,4,False,Standard,machine learning engineer,UK,Mid,Not specified,Missing,0,,False,True,False,False,False,False,False,119064.58974358975,11.687429794568775
5011395406,4dc305abccc1974eb2b94c44a7d36956f3e66869,4,False,Standard,machine learning engineer,UK,Mid,Not specified,Missing,0,,False,True,False,False,False,False,False,76533.80769230769,11.245500918846197
5697413088,3e0d474c4819606dbbee54c0ddee94ac38f5e172,1,False,Standard,machine learning engineer,UK,Mid,Not specified,Missing,0,,False,True,False,False,False,False,False,73053.87179487178,11.198966106192206
5678131536,4dc305abccc1974eb2b94c44a7d36956f3e66869,4,False,Standard,machine learning engineer,UK,Mid,Not specified,Missing,0,,False,True,False,False,False,False,False,71428.23076923077,11.176462459075642
5678131514,4dc305abccc1974eb2b94c44a7d36956f3e66869,4,False,Standard,machine learning engineer,UK,Mid,Not specified,Missing,0,,False,True,False,False,False,False,False,112954.41025641025,11.634748420318813
5701541555,97ff8a6916df3074ca3abd7eed9399abe7af57c4,1,False,Standard,machine learning engineer,UK,Mid,Not specified,Missing,1,,False,True,True,False,False,False,False,83333.33333333333,11.330615908104274
5684829420,70ee42d696e3616b0f5d3f3a93c9fa7e1167c118,1,False,Standard,machine learning engineer,UK,Mid,Not specified,Missing,1,,False,True,True,False,False,False,False,51992.41025641026,10.858872263694902
5657129938,d722f0bd9c1fdd22d5a8348b4d1e6cffa036c229,1,False,Standard,machine learning engineer,UK,Mid,Not specified,Missing,1,,False,True,True,False,False,False,False,75568.7564102564,11.232811434643901
5671805506,4a5a9b30ecf06d18786903c35f557023079c521d,1,False,Standard,machine learning engineer,UK,Mid,Not specified,Missing,1,,False,True,True,False,False,False,False,80546.38461538461,11.29660091899524
5699374830,203efe6d9f153522fcd6e7e5d36976e17b5432be,1,False,Standard,machine learning engineer,UK,Mid,Not specified,Missing,1,,False,True,True,False,False,False,False,73267.5,11.201886054718438
5684551558,19f616c0c31a90b6aa1291c5c372de9aec7cb6e2,1,False,Standard,machine learning engineer,UK,Mid,Not specified,Missing,1,,False,True,True,False,False,False,False,102564.10256410256,11.538253022906988
5665226386,07983ef113f47b8c445ae54b012bdf8f546d7b6e,1,False,Standard,machine learning engineer,UK,Mid,Not specified,Missing,1,,False,True,True,False,False,False,False,81204.52564102564,11.304738573600815
5579237351,33b617a8d8580e214e133667b65a8a16297d8f19,1,False,Standard,machine learning engineer,UK,Mid,Not specified,Missing,0,,False,True,False,False,False,False,False,70652.43589743589,11.16554201959024
5703524502,0b304a0e920404678a37ce73018e62b3e858ba8a,1,False,Standard,machine learning engineer,UK,Mid,Not specified,Missing,0,,False,True,False,False,False,False,False,89895.66666666666,11.406416141537221
5688569998,86b0fac592f7503ae54272829753ea1f3d764680,1,False,Standard,machine learning engineer,UK,Mid,Not specified,Missing,1,,False,True,True,False,False,False,False,123639.67948717948,11.7251348919215
5694983615,33d429d5c5d014abb7675cec2dbeb69e3d3a7c6b,1,False,Standard,machine learning engineer,UK,Mid,Not specified,Missing,1,,False,True,True,False,False,False,False,183333.3333333333,12.119066723071123
5653652509,9b90051a004ce69487f85431d15d8f552df060bf,1,False,Standard,machine learning engineer,UK,Mid,Not specified,Missing,0,,False,True,False,False,False,False,False,198717.94871794872,12.199646787445285
5590334435,970bc1714b1595f86de5659f719360d90b28f2ed,1,False,Standard,machine learning engineer,UK,Mid,Not specified,Missing,1,,False,True,True,False,False,False,False,83333.33333333333,11.330615908104274
5692508287,145397009e1f6887b483fa56c6a9e042576ea7fa,1,False,Standard,machine learning engineer,UK,Mid,Not specified,Missing,1,,False,True,True,False,False,False,False,57692.30769230769,10.962896461234068
5555943155,6175fcbadfb08f38a19dcae8e856728f7d4e9650,1,False,Standard,machine learning engineer,UK,Mid,Not specified,Missing,1,,False,True,True,False,False,False,False,101552.03846153845,11.528336487403239
5681253959,f893e7de68431ceab95cc5383d25858196ce874e,1,False,Standard,machine learning engineer,UK,Mid,Not specified,Missing,0,,False,True,False,False,False,False,False,79157.55128205128,11.279208098412743
5674169124,46c28b480df4b2467032902705340ccdd4b1b32b,4,False,Standard,machine learning engineer,UK,Mid,Not specified,Missing,0,,False,True,False,False,False,False,False,72681.52564102564,11.193856272058037
5644865866,46c28b480df4b2467032902705340ccdd4b1b32b,4,False,Standard,machine learning engineer,UK,Mid,Not specified,Missing,0,,False,True,False,False,False,False,False,70290.93589743589,11.160412361367525
5644857591,46c28b480df4b2467032902705340ccdd4b1b32b,4,False,Standard,machine learning engineer,UK,Mid,Not specified,Missing,0,,False,True,False,False,False,False,False,66541.61538461538,11.105597854249613
5386747517,940c2703e4af6247fa09e7cc02236672b3949b48,1,False,Standard,machine learning engineer,UK,Mid,Not specified,Missing,0,,False,True,False,False,False,False,False,69076.16666666667,11.142979516171446
5367406525,46c28b480df4b2467032902705340ccdd4b1b32b,4,False,Standard,machine learning engineer,UK,Mid,Not specified,Missing,0,,False,True,False,False,False,False,False,71618.47435897436,11.179122304220469
5708449860,7eb5d368f106933eddb66093220ecb49c4fcc3e4,1,False,Standard,machine learning engineer,UK,Mid,Not specified,Missing,1,,False,True,True,False,False,False,False,66768.10256410256,11.108995716056219
5366508688,b9092af9f3aef74c2280b2d35e3fdb6027202c1a,1,False,Standard,machine learning engineer,UK,Mid,Not specified,Missing,1,,False,True,True,False,False,False,False,50379.93589743589,10.827368126499357
5367406639,a0c327c388da82eca79f12f66867a48e05bd4ad5,1,False,Standard,machine learning engineer,UK,Mid,Not specified,Missing,1,,False,True,True,False,False,False,False,48418.0,10.787647577655898
5671805244,3a3f0e0a66c5f177cfacef675a1b251725ec150f,1,False,Standard,machine learning engineer,UK,Mid,Not specified,Missing,0,,False,True,False,False,False,False,False,104450.70512820513,11.556480091678702
5707203671,df5e316763995ddef936f031e268a840b9cc7944,1,False,Standard,machine learning engineer,UK,Mid,Not specified,Missing,0,,False,True,False,False,False,False,False,103497.91025641025,11.547316362708559
5575617341,49324c34bcd97f24ca382f3401a4e54eca4fa0a4,1,False,Standard,machine learning engineer,UK,Mid,Not specified,Missing,0,,False,True,False,False,False,False,False,160256.41025641025,11.984536615563469
5694398762,961a87f8a0ad77be9e0f9ddc35cc3d2386c3bfa9,1,False,Standard,machine learning engineer,UK,Mid,Not specified,Missing,0,,False,True,False,False,False,False,False,55078.5641025641,10.916534038914474
5695777346,4b0f6807ec5008895c61aa0227436f49a9803336,1,True,Premium,machine learning engineer,UK,Senior,Not specified,Missing,1,,False,True,True,False,False,False,False,83333.33333333333,11.330615908104274
5569812900,f66b885fd607f08ff37bd9aaae794f46d7988aaa,1,True,Premium,machine learning engineer,UK,Senior,Not specified,Missing,1,,False,True,True,False,False,False,False,80227.39743589744,11.29263281392397
5567803037,ae144d226957704eef88fa0b7e59f983a3bd27a8,1,True,Premium,machine learning engineer,UK,Lead,Not specified,Missing,0,,False,True,False,False,False,False,False,86755.26923076923,11.370857962987762
5544610485,d3729fc1e8603fc7996ccdc842ce68bcdfd7789e,1,True,Premium,machine learning engineer,UK,Senior,Not specified,Missing,1,,False,True,True,False,False,False,False,86932.0,11.372892986003347
5702330594,169e55a80e015665d829aabece57b01e52fee648,1,False,Standard,machine learning engineer,UK,Mid,Not specified,Missing,0,,False,True,False,False,False,False,False,91014.34615384616,11.418783410334274
5702330596,00e642a5da9e5a365519cedc497c18dbf5820b2b,1,False,Standard,machine learning engineer,UK,Mid,Not specified,Missing,0,,False,True,False,False,False,False,False,89030.71794871795,11.396747966671763
5702330597,97014d9423f3fdcc6447d8435e6464cb7e46425d,1,False,Standard,machine learning engineer,UK,Mid,Not specified,Missing,0,,False,True,False,False,False,False,False,96313.64102564102,11.475375621802577
5702330593,1e10232042c941e6fafde3fd0c416bf7ebc26d7f,1,False,Standard,machine learning engineer,UK,Mid,Not specified,Missing,0,,False,True,False,False,False,False,False,93059.35897435897,11.441003582841866
5702330595,f4ed9422c52f51d7015f96509506bc33a48328a3,1,False,Standard,machine learning engineer,UK,Mid,Not specified,Missing,0,,False,True,False,False,False,False,False,90568.07692307692,11.413868119455259
5631019661,4dddca94c9234fbe8d34013453b9ceab257e216b,1,False,Standard,machine learning engineer,UK,Mid,Not specified,Missing,1,,False,True,True,False,False,False,False,128205.1282051282,11.761394624238308
5705215716,8653fdcf3bb96ef655692f3e2a0124a3f35b400c,1,False,Standard,machine learning engineer,UK,Mid,Not specified,Missing,1,,False,True,True,False,False,False,False,89743.58974358974,11.404723023125058
5698297175,864af3731520a36303c902d0fc8176a372b2935f,1,True,Premium,machine learning engineer,UK,Senior,Not specified,Missing,1,,False,True,True,False,False,False,False,128205.1282051282,11.761394624238308
5703482452,2775ae29123876d71546c3f85ea515337bedc36e,1,True,Premium,machine learning engineer,UK,Lead,Not specified,Missing,1,,False,True,True,False,False,False,False,128205.1282051282,11.761394624238308
5692510905,7a5376499840cc4866c5385e179c268368857e25,1,False,Standard,machine learning engineer,UK,Mid,Not specified,Missing,1,,False,True,True,False,False,False,False,118589.74358974358,11.683433715195896
5705259554,b08c5820174389b7a2385eb7948c57774427e5ab,1,False,Standard,machine learning engineer,UK,Mid,Not specified,Missing,1,,False,True,True,False,False,False,False,43746.10256410256,10.686180662486422
5708909184,be6bb704e354f64222d8e92357b9772d49c2e675,1,False,Standard,machine learning engineer,UK,Mid,Not specified,Missing,1,,False,True,True,False,False,False,False,52552.52564102564,10.869587465225386
5706636529,7d6eea108fe7256ed2c747d98d4f99b2eab90517,1,False,Standard,machine learning engineer,UK,Mid,Not specified,Missing,1,,False,True,True,False,False,False,False,61443.41025641026,11.025888146762478
5705260886,6faff3236e57affc9e28a0df89fdbfc24f5dba39,1,False,Standard,machine learning engineer,UK,Mid,Not specified,Missing,1,,False,True,True,False,False,False,False,83333.33333333333,11.330615908104274
5677803580,6414f8cd2849238f0665cbf4ea98425a77346e83,1,True,Premium,machine learning engineer,UK,Senior,Not specified,Missing,1,,False,True,True,False,False,False,False,61983.98717948718,11.03464749243972
5579237040,594fc033bcd7bb3a72264b19ad8d8c7c50ee960e,1,True,Premium,machine learning engineer,UK,Lead,Not specified,Missing,1,,False,True,True,False,False,False,False,78688.56410256411,11.273265822087636
5686847179,0f1c7070fcce7148da012e9296813e6f181c9846,1,False,Standard,machine learning engineer,UK,Mid,Not specified,Missing,1,,False,True,True,False,False,False,False,73993.78205128205,11.211749856879647
5503210986,29cb1cf9db37c2f5761fa08242e820405c8e82fc,1,True,Premium,machine learning engineer,UK,Senior,Not specified,Missing,1,,True,True,True,False,False,False,False,114284.12820512819,11.646451729376473
5647281832,1a99f3bafe91ad1f671781c8052e2305791d77c0,1,True,Premium,machine learning engineer,UK,Senior,Not specified,Missing,1,,False,True,True,False,False,False,False,82006.26923076923,11.314563171473008
5671801505,13915ed4fa0f434838a6ca94eea5c8c118050375,1,True,Premium,machine learning engineer,UK,Senior,Not specified,Missing,1,,False,True,True,False,False,False,False,88494.71794871795,11.390709445065191
5545126800,2d91f1ad98f77a95e29ce14c40a792464c673df2,1,False,Standard,machine learning engineer,UK,Mid,Not specified,Missing,0,,False,True,False,False,False,False,False,53200.46153846154,10.881841147479845
5696597747,97b4b43d05d2491177e759077e736d0f2f616c0d,1,True,Premium,machine learning engineer,UK,Lead,Not specified,Missing,1,,False,True,True,False,False,False,False,80748.43589743589,11.299106255270235
5629756326,c5c8ef9d8ddba373e0d3b362147c65d9618d7878,1,False,Standard,machine learning engineer,UK,Mid,Not specified,Missing,0,,False,True,False,False,False,False,False,65083.551282051274,11.08344249253941
5709488472,babb434ea0a9f9ae5172bee8c6d9f4c16b48ffd2,1,False,Standard,machine learning engineer,UK,Mid,Not specified,Missing,0,,False,True,False,False,False,False,False,104377.51282051283,11.555779117352206
5689747704,85f30c5220e561b1ebc2a3e93319a276f29ebc69,1,False,Standard,machine learning engineer,UK,Mid,Not specified,Missing,0,,False,True,False,False,False,False,False,45300.03846153846,10.721085235304145
5694401196,f8d6a23f1c2ccf720e6ead43050875feafc53b8f,1,False,Standard,machine learning engineer,UK,Junior,Not specified,Missing,1,,False,True,True,False,False,False,False,57232.89743589744,10.954901614358125
5696596558,8de038c83992c1f52ad994af23a2666b32575f70,2,True,Premium,machine learning engineer,UK,Senior,Not specified,Missing,1,,False,True,True,False,False,False,False,78616.78205128205,11.272353187579212
5696596827,8de038c83992c1f52ad994af23a2666b32575f70,2,True,Premium,machine learning engineer,UK,Senior,Not specified,Missing,1,,False,True,True,False,False,False,False,85266.28205128205,11.353546096609607
5575615374,858ae1d3d200578f0ccf0420796e419ae579b022,1,False,Standard,machine learning engineer,UK,Mid,Not specified,Missing,1,,False,True,True,False,False,False,False,85318.17948717947,11.35415455565179
5699761203,8ae29cb41f01e38e63580b21e31be9c0e4b76a91,1,False,Standard,machine learning engineer,UK,Mid,Not specified,Missing,0,,False,True,False,False,False,False,False,88715.76923076923,11.393204206018195
5689268527,d105f9c00ed1622dbfa32a247766667cd76cf455,1,False,Standard,machine learning engineer,UK,Mid,Not specified,Missing,0,,False,True,False,False,False,False,False,42831.46153846154,10.665051541254504
5221586499,7db1952cc7d5f0044182eabe75335d504c6a187f,1,True,Premium,machine learning engineer,UK,Senior,Not specified,Missing,1,,False,True,True,False,False,False,False,55839.743589743586,10.930259053782827
5223424710,5dc0a54ea408dc850f509c6fcf4b9f3ccc9f8318,1,True,Premium,machine learning engineer,UK,Senior,Not specified,Missing,1,,False,True,True,False,False,False,False,58102.42307692307,10.969979858091094
5687232735,7ce8dfb7df0683f24e06a6447bead6cb1d78653e,1,False,Standard,machine learning engineer,UK,Mid,Not specified,Missing,1,,False,True,True,False,False,False,False,86324.70512820513,11.365882690521445
5687232007,627435505f9efc19a3953082e434f2f940deaae5,1,False,Standard,machine learning engineer,UK,Mid,Not specified,Missing,1,,False,True,True,False,False,False,False,89822.57692307692,11.405602769085021
5706564053,41badc26f9eac036a366a622c60a677984b9d05d,1,True,Premium,machine learning engineer,UK,Senior,Not specified,Missing,1,,False,True,True,False,False,False,False,83912.41025641025,11.33754071587368
5573604867,c74bd73c7ae351ec53493d196fbfcf313fd6d8d3,1,True,Premium,machine learning engineer,UK,Senior,Not specified,Missing,1,,False,True,True,False,False,False,False,89430.15384615384,11.401224377483919
5704451941,a716afa5a7644f588ff08f75c495e30b35995c58,1,False,Standard,machine learning engineer,UK,Mid,Not specified,Missing,1,,False,True,True,False,False,False,False,60563.55128205128,11.011465038557796
5531014524,32f5dc8c4608743db8725510035a274df6bd534e,1,True,Premium,machine learning engineer,UK,Senior,Not specified,Missing,0,,False,True,False,False,False,False,False,54038.5,10.897470539625706
5555943152,64f86e6e9b184f05c723112d65a59d204b30d920,1,True,Premium,machine learning engineer,UK,Lead,Not specified,Missing,1,,False,True,True,False,False,False,False,116312.79487179486,11.664046946019424
5606176943,1d2c45322b07bf56945bfe9cbe935bc63680350a,1,True,Premium,machine learning engineer,UK,Senior,Not specified,Missing,0,,False,True,False,False,False,False,False,74573.69230769231,11.219556483429983
5487148079,2d3b279dfed1f17da93b0eb38e958c08a32b3dc4,4,True,Premium,machine learning engineer,UK,Senior,Not specified,Missing,0,,False,True,False,False,False,False,False,77441.5,11.257291004487223
5661494972,eb858b3cdce46ff44ed05bd6c79103a89de2df0a,1,False,Standard,machine learning engineer,UK,Mid,Not specified,Missing,0,,False,True,False,False,False,False,False,84995.67948717948,11.35036746985269
5355147506,2d3b279dfed1f17da93b0eb38e958c08a32b3dc4,4,True,Premium,machine learning engineer,UK,Senior,Not specified,Missing,0,,False,True,False,False,False,False,False,83069.52564102564,11.3274452325009
5386742194,de3001e8bbbbd3f4ce456a1d607183fcf7a9122c,1,True,Premium,machine learning engineer,UK,Senior,Not specified,Missing,0,,False,True,False,False,False,False,False,80262.7435897436,11.293073286014275
5517731977,2d3b279dfed1f17da93b0eb38e958c08a32b3dc4,4,True,Premium,machine learning engineer,UK,Senior,Not specified,Missing,0,,False,True,False,False,False,False,False,82926.2564102564,11.325719073698378
5665220931,2d3b279dfed1f17da93b0eb38e958c08a32b3dc4,4,True,Premium,machine learning engineer,UK,Senior,Not specified,Missing,0,,False,True,False,False,False,False,False,84636.38461538462,11.34613134651292
5688574721,e1e5da9470a9c8ceee969c4bcaa2d48f52affa5e,1,True,Premium,machine learning engineer,UK,Senior,Not specified,Missing,1,,False,True,True,False,False,False,False,130601.74358974358,11.779915503182247
5517731083,dd9660fcdb3fc33ec50efc94ac35db1d5933d63f,3,True,Premium,machine learning engineer,UK,Lead,Not specified,Missing,0,,False,True,False,False,False,False,False,81831.03846153845,11.312424114142823
5624429125,1685882f165c1067cadd57357a13eede5541bd3f,1,False,Standard,machine learning engineer,UK,Mid,Not specified,Missing,0,,False,True,False,False,False,False,False,85150.32051282052,11.352185194048337
5653675110,34466e79495b5fe75fc356b45be2adb1a3905bbc,1,True,Premium,machine learning engineer,UK,Lead,Not specified,Missing,0,,False,True,False,False,False,False,False,83441.91025641025,11.331917967498946
5664209117,d244ff713b2b3a641e1f06bcb718272da81434f2,1,True,Premium,machine learning engineer,UK,Senior,Not specified,Missing,1,,False,True,True,False,False,False,False,131165.17948717947,11.784220343962652
5704450124,bec255fdcc7d6a37191406b0427d60e32a2467cf,1,False,Standard,machine learning engineer,UK,Mid,Not specified,Missing,1,,False,True,True,False,False,False,False,84939.61538461538,11.349707648774093
5653644838,dd9660fcdb3fc33ec50efc94ac35db1d5933d63f,3,True,Premium,machine learning engineer,UK,Lead,Not specified,Missing,0,,False,True,False,False,False,False,False,86359.87179487178,11.366289979469775
5709484932,634b8a5811076901d9820b4f0c6ebfebed295f76,1,True,Premium,machine learning engineer,UK,Senior,Not specified,Missing,0,,False,True,False,False,False,False,False,137820.5128205128,11.833714741635985
5646177301,dd9660fcdb3fc33ec50efc94ac35db1d5933d63f,3,True,Premium,machine learning engineer,UK,Lead,Not specified,Missing,0,,False,True,False,False,False,False,False,85737.01282051281,11.35905156307574
5688572213,3f639191777b4c34bf697c4ffbd03878bc284df2,1,False,Standard,machine learning engineer,UK,Mid,Not specified,Missing,0,,False,True,False,False,False,False,False,82779.44871794872,11.323947185896255
5688571606,28b97364140d4cb2ba8a2d5d0115e82612b86cbd,1,False,Standard,machine learning engineer,UK,Mid,Not specified,Missing,0,,False,True,False,False,False,False,False,61937.96153846154,11.033904687782218
5633288875,2d056cc1c70f3e068d9fd7dc34a716d3b6ada0f9,1,False,Standard,machine learning engineer,UK,Mid,Not specified,Missing,1,,False,True,True,False,False,False,False,117049.88461538461,11.670364030476014
5688571559,5cb9979caa091e647f258bc93edfdb0045b6abe5,1,True,Premium,machine learning engineer,UK,Senior,Not specified,Missing,0,,False,True,False,False,False,False,False,79744.23076923077,11.286592216592165
5681252674,efeec7a1558d745c601051a8e7c8cb7796a68d5d,1,True,Premium,machine learning engineer,UK,Senior,Not specified,Missing,0,,False,True,False,False,False,False,False,95419.51282051281,11.466048853406031
5575622762,5f8b9659ad3b0b70e693a4c538b1a55fdf9e3742,1,False,Standard,machine learning engineer,UK,Mid,Not specified,Missing,0,,False,True,False,False,False,False,False,72934.55128205128,11.197331471030875
5697410291,a0858095851adac2f653164490645e8d98cce312,1,True,Premium,machine learning engineer,UK,Senior,Not specified,Missing,1,,False,True,True,False,False,False,False,131410.2564102564,11.786087046586243
5562396964,ab4de0b12916a33245b9e21d894eaee73edeeff7,1,False,Standard,machine learning engineer,UK,Mid,Not specified,Missing,0,,False,True,False,False,False,False,False,200000.0,12.206077645517674
5666303399,e4211a94ce5ade2b262ceca65cf61f468be5534b,1,False,Standard,machine learning engineer,UK,Mid,Not specified,Missing,0,,False,True,False,False,False,False,False,130901.7564102564,11.782210009050287
5709490418,40cbad9167924e89189e0c3c3ce786bee3d04da1,1,False,Standard,machine learning engineer,UK,Mid,Not specified,Missing,0,,False,True,False,False,False,False,False,160256.41025641025,11.984536615563469
5710796554,daf7a9de5d493b99f13129b82c155a590377099d,1,True,Premium,machine learning engineer,UK,Senior,Not specified,3-5 years,3,4.0,False,False,True,True,False,False,True,128205.1282051282,11.761394624238308
5708919722,66b7a197a05dd2e41e2e13685501ca7003505731,1,False,Standard,machine learning engineer,UK,Mid,Not specified,Missing,1,,False,True,True,False,False,False,False,75646.6282051282,11.233841366512562
5686060748,d6ed8ddf0e5e7316dcc95066f04f35501a914969,1,True,Premium,machine learning engineer,UK,Senior,Not specified,Missing,1,,False,True,True,False,False,False,False,88565.46153846153,11.391508526988986
5709404459,93e55c3793f00ccfbde06f6f09d7954154104151,1,True,Premium,machine learning engineer,UK,Senior,Not specified,Missing,1,,False,True,True,False,False,False,False,78169.2564102564,11.266644501370905
5406917722,db88b3320308073e7a900389087013f816bfd6fa,1,False,Standard,machine learning engineer,UK,Mid,Not specified,Missing,0,,False,True,False,False,False,False,False,128205.1282051282,11.761394624238308
5587829333,07f38ffbd04746bbdcfc83c3c33e0d32b5b68b03,1,True,Premium,machine learning engineer,UK,Lead,Not specified,Missing,1,,False,True,True,False,False,False,False,96153.84615384616,11.473715151762867
5494034971,5dbfbbdf3e99c2c76fa40f09ec72fe98544ece96,1,False,Standard,machine learning engineer,UK,Mid,Not specified,Missing,0,,False,True,False,False,False,False,False,82742.19230769231,11.323497021670109
5692820451,f2d6d9c84b55b40c3b94e89fb3dda7278495d386,1,False,Standard,machine learning engineer,UK,Mid,Not specified,Missing,1,,False,True,True,False,False,False,False,111538.46153846153,11.622133722412272
5674336302,eee11a6463ee832c1a2b04804ed51405ed0a85cf,1,False,Standard,machine learning engineer,UK,Mid,Not specified,Missing,3,,True,True,True,True,False,False,False,233333.3333333333,12.360227611062534
5704451460,3efdb8d61f526b2abfe5deeb9265a3762c909888,1,False,Standard,machine learning engineer,UK,Mid,Not specified,Missing,2,,False,True,True,True,False,False,False,99676.30769230769,11.50969332414917
5695750543,cd63e343acb205a60144f1be752c9f42eb3958ae,1,True,Premium,machine learning engineer,UK,Senior,Not specified,Missing,1,,False,True,True,False,False,False,False,83333.33333333333,11.330615908104274
5681252583,6400486f9ef6684f5971eb4a8a265676a1241c88,1,True,Premium,machine learning engineer,UK,Lead,Not specified,Missing,0,,False,True,False,False,False,False,False,137820.5128205128,11.833714741635985
5681249759,ec7410507659c76e46253bc6849a54308f0e717a,1,False,Standard,machine learning engineer,UK,Mid,Not specified,Missing,0,,False,True,False,False,False,False,False,86538.46153846153,11.368355791647911
5410248968,d74ec5051040d4255b735614d004423b325d11d1,1,True,Premium,machine learning engineer,UK,Senior,Not specified,Missing,0,,False,True,False,False,False,False,False,86929.19230769231,11.37286068828385
5695505698,428ddf35546a195fe913595859e8597db89b02f0,1,False,Standard,machine learning engineer,UK,Mid,Not specified,Missing,1,,False,True,True,False,False,False,False,53691.96153846154,10.891037201859255
5696596215,31aa26bdb6f8164b4169e3a1b43a12991d48499e,1,True,Premium,machine learning engineer,UK,Senior,Not specified,Missing,1,,False,True,True,False,False,False,False,96837.06410256411,11.480795420172337
5657688039,5321d0f4bb3af3235e7acccb99a0a4fb10299d07,1,False,Standard,machine learning engineer,UK,Mid,Not specified,Missing,0,,False,True,False,False,False,False,False,86538.46153846153,11.368355791647911
5485159231,44cf06daae5a7d604d3caabe8d7ec40209dd888c,1,False,Standard,machine learning engineer,UK,Mid,Not specified,Missing,1,,False,True,True,False,False,False,False,74193.17948717948,11.214440982509604
5702506879,42513ab9fe1ae157c9b223de28b810e3625eb981,1,False,Standard,machine learning engineer,UK,Mid,Not specified,Missing,2,,True,True,True,True,False,False,False,43589.743589743586,10.682600103810124
5708448553,05f9a0e859064fced40e88e0f797c73686007199,1,True,Premium,machine learning engineer,UK,Senior,Not specified,Missing,1,,False,True,True,False,False,False,False,82442.2564102564,11.319865534591287
5674162783,1f6440c945d6a2e212575f46750414bed00901ef,1,True,Premium,machine learning engineer,UK,Senior,Not specified,Missing,0,,False,True,False,False,False,False,False,102028.08974358975,11.533013245171059
5658607765,b88dbe3b76c1449d6b464049b2b33e879e4d4397,1,True,Premium,machine learning engineer,UK,Senior,Not specified,Missing,0,,False,True,False,False,False,False,False,83579.84615384616,11.33356965983013
5658607178,1950f684286e4936bd3c6aa4a105f6c0bd04e782,1,True,Premium,machine learning engineer,UK,Senior,Not specified,Missing,0,,False,True,False,False,False,False,False,81850.55128205128,11.31266253536313
5665201776,90c363dbab6cf2ad4e912464218d39e8948db4bc,1,False,Standard,machine learning engineer,UK,Mid,Not specified,Missing,1,,False,True,True,False,False,False,False,56324.57692307692,10.938904008001241
5634704748,d5c8c51e3eccbeb998376b88c9ca46044393e76b,1,True,Premium,machine learning engineer,UK,Senior,Not specified,Missing,1,,False,True,True,False,False,False,False,78305.8717948718,11.268390640514614
5304057953,1cda8dac0f1cbc065c3989b0e5e562ccfe85111a,1,True,Premium,machine learning engineer,UK,Senior,Not specified,Missing,0,,True,True,False,False,False,False,False,63307.4358974359,11.0557738677747
5013052834,7f8300a103f50db82e85182b1f479ff6f8de6594,2,False,Standard,machine learning engineer,UK,Mid,Not specified,Missing,0,,False,True,False,False,False,False,False,200000.0,12.206077645517674
5520157748,7f8300a103f50db82e85182b1f479ff6f8de6594,2,False,Standard,machine learning engineer,UK,Mid,Not specified,Missing,0,,False,True,False,False,False,False,False,200000.0,12.206077645517674
5505168448,5bc2a5c189ed08a3a8ff2d4be73032aecee514e1,1,True,Premium,machine learning engineer,UK,Senior,Not specified,Missing,0,,False,True,False,False,False,False,False,160256.41025641025,11.984536615563469
5696350094,2bf76ee0a5a3c8ca11eeb40047f630c799f76c71,1,True,Premium,machine learning engineer,UK,Senior,Not specified,Missing,1,,False,True,True,False,False,False,False,59339.71794871795,10.991050992671486
5696353442,0ddd089a0b722e2fa526e951d29a3c17fc363b19,1,True,Premium,machine learning engineer,UK,Senior,Not specified,Missing,0,,False,True,False,False,False,False,False,70957.51282051281,11.169850658766556
5672732703,3a27facfc0d833060f7ee03e6a7dc936f8e0ef0d,1,True,Premium,machine learning engineer,UK,Senior,Not specified,Missing,0,,False,True,False,False,False,False,False,78452.15384615384,11.27025695934359
5710025250,043bde5adf9d3200c8c5d2ab6148723586bf92de,1,True,Premium,machine learning engineer,UK,Lead,Not specified,Missing,0,,False,True,False,False,False,False,False,84908.42307692308,11.349340356445808
5701325624,842055223f92571673f5e50c47d238000780a486,1,False,Standard,machine learning engineer,UK,Mid,Not specified,Missing,1,,False,True,True,False,False,False,False,62996.37179487179,11.05084828696175
5689747534,085b1e390ee5b8e391faa3be9aa6e72a7557e12d,1,False,Standard,machine learning engineer,UK,Mid,Not specified,Missing,1,,False,True,True,False,False,False,False,61622.85897435898,11.028804395544512
5709489535,9983ede680e8c0922a1ba800778dc7ef4d12725f,1,False,Standard,machine learning engineer,UK,Mid,Not specified,Missing,1,,False,True,True,False,False,False,False,71909.33333333333,11.183175251509706
5585927800,9444b7aa34ce22cb6d6f16f6a08ae5cde09bfa9e,1,True,Premium,machine learning engineer,UK,Senior,Not specified,Missing,0,,True,True,False,False,False,False,False,121794.8717948718,11.710101740373787
5604771436,446e7f556f6e8e4e163d391f8962a24191bcb3f7,1,False,Standard,machine learning engineer,UK,Mid,Not specified,Missing,0,,False,True,False,False,False,False,False,80637.84615384614,11.297735774594768
5626234856,9a851c32ec76178e72509be130c0604d4f539ce1,1,True,Premium,machine learning engineer,UK,Senior,Not specified,Missing,0,,False,True,False,False,False,False,False,85334.28205128206,11.354343271071302
5604759908,cf15d13ac8c4b4bf6de239c066b41058e0d25c27,1,True,Premium,machine learning engineer,UK,Senior,Not specified,Missing,0,,False,True,False,False,False,False,False,89076.07692307692,11.397257306767766
5603322466,c864814c01a50f61e28a781913b9328649594c0b,1,True,Premium,machine learning engineer,UK,Senior,Not specified,Missing,1,,False,True,True,False,False,False,False,65958.01282051281,11.096788810226075
5597285165,427676d3ae58e669acc8a0ca9d2ecb830ea000ad,1,True,Premium,machine learning engineer,UK,Senior,Not specified,Missing,0,,False,True,False,False,False,False,False,50737.179487179485,10.834433953265993
5688573698,aab1b1b7638e95d8736e1f4dcb35b903b3950f27,1,True,Premium,machine learning engineer,UK,Senior,Not specified,Missing,0,,False,True,False,False,False,False,False,90526.28205128205,11.413406543388533
5670334309,7a47534a09aa1c49e497dbb642348780bb25bb79,1,True,Premium,machine learning engineer,UK,Lead,Not specified,Missing,0,,False,True,False,False,False,False,False,85847.96153846155,11.360344770020214
5702202732,f317e0146216318f873d72b5643dd552a781b645,1,False,Standard,machine learning engineer,UK,Mid,Not specified,Missing,0,,False,True,False,False,False,False,False,91330.83333333333,11.422254673209569
5452091793,0079b93011345cdce92741dc9bf8a77ec916b79d,1,False,Standard,machine learning engineer,UK,Mid,Not specified,Missing,0,,False,True,False,False,False,False,False,65100.98717948717,11.083710352761306
5698861868,572c92c3c72eb725da7704adf139498e0476bfa8,1,True,Premium,machine learning engineer,UK,Senior,Not specified,Missing,1,,False,True,True,False,False,False,False,128205.1282051282,11.761394624238308
5697217031,5ec61d990f07427ef499c68d77f124d9c93a9662,1,False,Standard,machine learning engineer,UK,Mid,Not specified,Missing,1,,False,True,True,False,False,False,False,73449.05128205128,11.204360879791722
5687660308,3aa9fa24fdb92d745f5698f4f757c880fc9b5043,1,False,Standard,machine learning engineer,UK,Mid,Not specified,Missing,0,,False,True,False,False,False,False,False,61715.25641025641,11.030302650234699
5679957135,2609e229db1674687200ca6e1ce0141ef814ff0f,1,False,Standard,machine learning engineer,UK,Mid,Not specified,Missing,1,,False,True,True,False,False,False,False,76923.07692307692,11.250574200418239
5704471626,016e62c54935490efa489ee75dcb3a6500260b81,2,False,Standard,machine learning engineer,UK,Mid,Not specified,Missing,1,,False,True,True,False,False,False,False,138185.73076923075,11.836361171011578
5705620567,8ec5cbeb787e14a8b1e977c91b6969fb1b02dea0,1,False,Standard,machine learning engineer,UK,Mid,Not specified,Missing,3,,False,True,True,True,False,False,True,115384.61538461538,11.656034975240013
5689750510,99cc41d26a5c7012303abfee1f4e58e23ee78fed,1,True,Premium,machine learning engineer,UK,Senior,Not specified,Missing,1,,False,True,True,False,False,False,False,66905.52564102564,11.111051784573425
5701319396,f4b7d65c201b29c8ce7d9f900b9f6c9e258f4316,1,True,Premium,machine learning engineer,UK,Senior,Not specified,Missing,1,,False,True,True,False,False,False,False,67987.39743589744,11.127092343657297
5696595574,016e62c54935490efa489ee75dcb3a6500260b81,2,False,Standard,machine learning engineer,UK,Mid,Not specified,Missing,1,,False,True,True,False,False,False,False,121805.15384615384,11.710186157170085
5699757574,06565a5554565f04b61bd00aeccdfe7d5eafdf27,1,True,Premium,machine learning engineer,UK,Senior,Not specified,Missing,1,,False,True,True,False,False,False,False,77625.16666666666,11.259659848645114
5692511417,f1f0c6404e8c5f27b8ae4548d7c9ca1a2d56ebdd,1,True,Premium,machine learning engineer,UK,Senior,Not specified,Missing,1,,False,True,True,False,False,False,False,92136.28205128205,11.431034940022295
5689751113,def31d9cd63f7e4d3f556fd456b41c49512fe1f7,1,True,Premium,machine learning engineer,UK,Senior,Not specified,Missing,1,,False,True,True,False,False,False,False,108799.29487179486,11.59726932361901
5643440486,90d6d66d747760a2ebc370e859c3826d269256d0,1,False,Standard,business analyst,UK,Mid,Not specified,Missing,0,,False,True,False,False,False,False,False,81532.06410256411,11.308763911467176
5707331894,1f8943edd1edc2a1ae8104b522e989c74e15c15c,1,False,Standard,business analyst,UK,Mid,Not specified,Missing,0,,False,True,False,False,False,False,False,46589.78205128205,10.749157990488422
5707331834,a1511fef457d047414471d2c09ad3f3d4cfe16b0,1,False,Standard,business analyst,UK,Mid,Not specified,Missing,0,,False,True,False,False,False,False,False,41634.41025641026,10.636706292263987
5695823484,4e870a5e1355e06ab46036eff568184a17904e26,1,False,Standard,business analyst,UK,Mid,Not specified,Missing,0,,False,True,False,False,False,False,False,44871.79487179487,10.711586985236012
5706191218,aee6d6048bbf0c2824e9b5518b48146519a6d1c9,1,False,Standard,business analyst,UK,Mid,Not specified,Missing,0,,False,True,False,False,False,False,False,44871.79487179487,10.711586985236012
5708340274,6998468ea9b730067ffcb4609ba77d83de3580cb,1,False,Standard,business analyst,UK,Mid,Not specified,Missing,1,,False,True,True,False,False,False,False,44871.79487179487,10.711586985236012
5710252603,e46df896b05229b518c3e4b7d7b50a6ff950f57d,1,True,Premium,business analyst,UK,Senior,Not specified,Missing,0,,False,True,False,False,False,False,False,81856.94871794872,11.31274069131499
5695401352,ff32295af1bd02cadb18ea3b612a51efc2c6724f,1,False,Standard,business analyst,UK,Mid,Not specified,Missing,0,,False,True,False,False,False,False,False,47497.269230769234,10.768448552111916
5687533474,3d7ac5069b09e058a293fa104bd1647fe9bc909c,2,True,Premium,business analyst,UK,Senior,Not specified,Missing,0,,True,True,False,False,False,False,False,57692.30769230769,10.962896461234068
5694573820,3d7ac5069b09e058a293fa104bd1647fe9bc909c,2,True,Premium,business analyst,UK,Senior,Not specified,Missing,0,,True,True,False,False,False,False,False,57692.30769230769,10.962896461234068
5685677544,f47f00032755bb1c45596e8ffcce7a4511815bb8,1,False,Standard,business analyst,UK,Mid,Not specified,Missing,0,,False,True,False,False,False,False,False,64102.5641025641,11.068255243587103
5707359030,9ca760ed883573900e237aada712796088380b2d,1,False,Standard,business analyst,UK,Mid,Not specified,Missing,0,,False,True,False,False,False,False,False,64102.5641025641,11.068255243587103
5687533486,be674be9928e287179e4d000124a64ee33b5a573,1,False,Standard,business analyst,UK,Mid,Not specified,Missing,0,,False,True,False,False,False,False,False,64102.5641025641,11.068255243587103
5688747411,e172a30bac628adf93aea8de925b396a65f5b6e9,1,True,Premium,business analyst,UK,Senior,Not specified,Missing,0,,False,True,False,False,False,False,False,57692.30769230769,10.962896461234068
5683433299,b650cbd6f700ab3a53b7608185142189f6aa98e8,1,False,Standard,business analyst,UK,Mid,Not specified,Missing,0,,False,True,False,False,False,False,False,59209.52564102564,10.988854603058206
5706925581,5f0ae345158b36efffa5618e6a85688cc12b4c23,1,False,Standard,business analyst,UK,Mid,Not specified,Missing,0,,False,True,False,False,False,False,False,45240.33333333333,10.719766402239019
5688375158,c8249ba20ea6600ac09713eaca03b4c4105186f2,1,False,Standard,business analyst,UK,Mid,Not specified,Missing,0,,False,True,False,False,False,False,False,58602.769230769234,10.97855429484076
5706301243,1be15a73e4ce4575e494abbcd913762caaad5232,1,False,Standard,business analyst,UK,Mid,Not specified,Missing,0,,False,True,False,False,False,False,False,63197.94871794872,11.054042945786927
5706300918,6e9580933d2bff851d6fa390b95c2a2b9fe0fad9,1,False,Standard,business analyst,UK,Mid,Not specified,Missing,0,,False,True,False,False,False,False,False,77608.3717948718,11.259443469431606
5707074693,469388dc6c127e9fdb4f0512bea88986fb42808b,1,False,Standard,business analyst,UK,Mid,Not specified,Missing,0,,False,True,False,False,False,False,False,98427.42307692308,11.497084893738275
5697324204,88e72358c354bfedca2df17756a946bbd43feeee,1,False,Standard,business analyst,UK,Mid,Not specified,Missing,0,,False,True,False,False,False,False,False,80170.02564102564,11.291917452282163
5661637860,28689754c52b9b924f0710b86d7bc99d3341651e,1,True,Premium,business analyst,UK,Senior,Not specified,Missing,2,,False,True,True,False,False,False,False,61318.833333333336,11.023858614999886
5690395711,1ed69cbc075f71b939f42a2cb8faeb065a1850ea,1,False,Standard,business analyst,UK,Mid,Not specified,Missing,0,,True,True,False,False,False,False,False,106268.61538461539,11.573734685131956
5704595996,07b020e7032278f691742f0f11315a57cc6ec1bb,1,False,Standard,business analyst,UK,Mid,Not specified,Missing,0,,False,True,False,False,False,False,False,63848.153846153844,11.064278609159151
5704596260,e76f3f8c3b6935072e1a9b77075fece82b424cc2,1,False,Standard,business analyst,UK,Mid,Not specified,Missing,0,,False,True,False,False,False,False,False,64477.85897435898,11.07409268121685
5702445016,cf85ac419acc8af79141a5afdf6bb6026fcbf192,1,False,Standard,business analyst,UK,Mid,Not specified,Missing,0,,False,True,False,False,False,False,False,60897.4358974359,11.01696277023904
5683557270,dcbeaf677f7fb1494c171b08c0ca53e6c7e779e7,1,False,Standard,business analyst,UK,Mid,Not specified,Missing,0,,False,True,False,False,False,False,False,52564.10256410256,10.869807729194227
5687539301,98a90b45431ff9971b86d5a89922bce70d426c21,1,False,Standard,business analyst,UK,Mid,Not specified,Missing,1,,False,True,True,False,True,False,False,88375.11538461538,11.389357024161553
5687539064,d8d6b9052ab1f1a2b92dd05bfc95c6522d069e97,1,False,Standard,business analyst,UK,Mid,Not specified,Missing,1,,False,True,True,False,True,False,False,89246.82051282052,11.399172279319291
5698197837,396f574a14045bb5daecd7712451e97d7fa5d91c,1,False,Standard,business analyst,UK,Mid,Not specified,Missing,0,,False,True,False,False,False,False,False,145833.3333333333,11.890226553231043
5697216253,ad8685b0c538d6823d33b41ed4d34389215ab730,1,False,Standard,business analyst,UK,Mid,Not specified,Missing,0,,False,True,False,False,False,False,False,61561.717948717946,11.027811738191922
5700242828,003b6bc1d31127e5a67523bc0bf3a97708120996,1,False,Standard,business analyst,UK,Mid,Not specified,Missing,0,,False,True,False,False,False,False,False,74875.06410256411,11.223589547037154
5710394861,1b0418afac6940cc5ec0814c4b977f1cde02a141,1,False,Standard,business analyst,UK,Mid,Not specified,6-10 years,0,8.0,False,False,False,False,False,False,False,84277.6282051282,11.34188359114978
5699816395,302da48550162d35d283f058ab43c8a9a54058a8,1,False,Standard,business analyst,UK,Mid,Not specified,Missing,0,,False,True,False,False,False,False,False,65934.5,11.096432270438951
5699816091,0fa76d2b56a40bce3c2c78b70eecb9ba758ecb8a,1,False,Standard,business analyst,UK,Mid,Not specified,Missing,0,,False,True,False,False,False,False,False,66584.78205128205,11.10624635102432
5689922500,24d3a5efbb76b956d35c239d92f3e1b2af3faf33,1,False,Standard,business analyst,UK,Mid,Not specified,Missing,0,,False,True,False,False,False,False,False,100514.3205128205,11.518065437776665
5708449883,b277bf1439821f81a15ec7c558a16b901d95db39,1,False,Standard,business analyst,UK,Mid,Not specified,Missing,0,,False,True,False,False,False,False,False,150000.0,11.918397239722838
5707344749,56c63836a2139d45b946160466c8d41dcf4d21e5,1,False,Standard,business analyst,UK,Mid,Not specified,Missing,1,,False,True,True,False,False,False,False,133333.33333333334,11.800615037393884
5709768653,26fa4bbd291ba31ffdb86aab4fdc5e3eda85f7b2,1,False,Standard,business analyst,UK,Mid,Not specified,Missing,0,,False,True,False,False,False,False,False,104166.66666666666,11.553757059444404
5709768290,893751168355f49d9fb750734789bf039c4f7464,1,False,Standard,business analyst,UK,Mid,Not specified,Missing,0,,False,True,False,False,False,False,False,104166.66666666666,11.553757059444404
5709768224,66b6ff2e8986376ad10d23ea21ada8a383a2abe8,1,False,Standard,business analyst,UK,Mid,Not specified,Missing,0,,False,True,False,False,False,False,False,104166.66666666666,11.553757059444404
5694467257,74289ff969d8a29e895485aa60145cedc599e32d,1,False,Standard,business analyst,UK,Mid,Not specified,Missing,0,,False,True,False,False,False,False,False,48285.89743589744,10.784915528219948
5687533461,406685164a87b6e281f90c5eac17cc9978ae8483,1,False,Standard,business analyst,UK,Mid,Not specified,Missing,0,,False,True,False,False,False,False,False,57692.30769230769,10.962896461234068
5695482415,7ac7e3edd72c43168b70799f0dd8ff9344c1be80,1,False,Standard,business analyst,UK,Mid,Not specified,Missing,0,,False,True,False,False,False,False,False,44871.79487179487,10.711586985236012
5698576278,b4fdc68e10c4c9b6333ce81661008d6016dde6ba,1,False,Standard,business analyst,UK,Mid,Not specified,Missing,0,,False,True,False,False,False,False,False,76923.07692307692,11.250574200418239
5702987094,c1f8bdbc854733e897b6d056b42abe3875a5a284,1,False,Standard,business analyst,UK,Mid,Not specified,Missing,0,,False,True,False,False,False,False,False,76923.07692307692,11.250574200418239
5703158496,a24b4ef926f4c62ca31c507ad78cafd464979363,1,False,Standard,business analyst,UK,Mid,Not specified,Missing,0,,False,True,False,False,False,False,False,76923.07692307692,11.250574200418239
5670690099,4cad1125f2f5733662321760ba82e80eb3e7052e,1,False,Standard,business analyst,UK,Junior,Not specified,Missing,0,,False,True,False,False,False,False,False,48244.92307692308,10.784066607382094
5708196616,6817b78fde6ea6c055b2fa40aec2a534077c9224,1,False,Standard,business analyst,UK,Mid,Not specified,Missing,0,,False,True,False,False,False,False,False,100050.11538461538,11.513436488221755
5701582353,94cc0f88c591f6b860502a48ee1b7b4eb7f9fea5,1,False,Standard,business analyst,UK,Mid,Not specified,Missing,0,,False,True,False,False,False,False,False,64102.5641025641,11.068255243587103
5707377947,1d3966a51f8f69165a98232c7125029def3c2350,1,False,Standard,business analyst,UK,Mid,Not specified,Missing,0,,False,True,False,False,False,False,False,64211.97435897435,11.069960562078965
5626336411,39ab2d6c46f4fdccfd39fb0b832df4604af29671,1,True,Premium,business analyst,UK,Senior,Not specified,Missing,0,,False,True,False,False,False,False,False,63407.256410256414,11.057349359237591
5707217071,d25c92827d7e1b2ce5fc60d6e78b4e9548503536,1,False,Standard,business analyst,UK,Mid,Not specified,Missing,0,,False,True,False,False,False,False,False,125047.01282051281,11.736453045100035
5687570892,0c2c40e5ce6ef192ee9a8b5af11ac6cde521efcb,1,True,Premium,business analyst,UK,Senior,Not specified,Missing,0,,False,True,False,False,False,False,False,40166.192307692305,10.600805829657673
5702476600,756470bc043e5baa56c5f99c767ac73357e43690,1,False,Standard,business analyst,UK,Mid,Not specified,Missing,0,,False,True,False,False,False,False,False,42292.94871794872,10.65239929848757
5702476543,c55b6be6bc1db8e94b003ac31208d8e797254015,1,False,Standard,business analyst,UK,Junior,Not specified,Missing,0,,False,True,False,False,False,False,False,45016.11538461538,10.714798038321161
5702476567,30c0c6dcd158fb3417b7f8d07d55ec7512d95a61,1,False,Standard,business analyst,UK,Mid,Not specified,Missing,0,,False,True,False,False,False,False,False,44857.55128205128,10.711269513349682
5702476606,b3e546a4a6529168e0640a999b077bc7c395aee0,1,False,Standard,business analyst,UK,Mid,Not specified,Missing,0,,False,True,False,False,False,False,False,42106.42307692308,10.647979324244846
5702476517,c821e6f3985ffa2296aa192d6d2be7edb314fb5f,1,False,Standard,business analyst,UK,Mid,Not specified,Missing,0,,False,True,False,False,False,False,False,39967.88461538462,10.59585654577146
5702476531,7695a44aad7d0d87b4ea658ed9daa102c0b24ad7,1,False,Standard,business analyst,UK,Mid,Not specified,Missing,0,,False,True,False,False,False,False,False,52490.32051282051,10.868403111346945
5702476607,aceea771cd9b5e3097b0235e4bdd5f46eee36702,1,False,Standard,business analyst,UK,Mid,Not specified,Missing,0,,False,True,False,False,False,False,False,40080.79487179487,10.598677516986463
5702476519,9867fa76952ffbbd51795eb590e4878a4049c239,1,False,Standard,business analyst,UK,Mid,Not specified,Missing,0,,False,True,False,False,False,False,False,40207.93589743589,10.601844535911107
5702474877,2efd8f649ea4ed533286bf18bfb1c5259bad0a30,1,False,Standard,business analyst,UK,Junior,Not specified,Missing,0,,False,True,False,False,False,False,False,47033.307692307695,10.758632565307776
5702474943,2894554e99eb51979d31579081a142821d2c7e8a,1,False,Standard,business analyst,UK,Mid,Not specified,Missing,0,,False,True,False,False,False,False,False,42191.8717948718,10.650006570942924
5702475025,11a1f54c12a5c707ae07708c3b533832a65bafaf,1,False,Standard,business analyst,UK,Mid,Not specified,Missing,0,,False,True,False,False,False,False,False,42069.653846153844,10.647105718326257
5702474902,42a02d86796e4b7f342e5d9757a7373ad8d8eb97,1,False,Standard,business analyst,UK,Mid,Not specified,Missing,0,,False,True,False,False,False,False,False,46522.11538461538,10.747704573105159
5702474950,4ec106c9255a79b376e00ac77c1257a5c406dab4,1,False,Standard,business analyst,UK,Mid,Not specified,Missing,0,,False,True,False,False,False,False,False,46803.35897435898,10.753731618046189
5702474837,d836a6822af39f64ea8059965d9919899ab2a3b8,1,False,Standard,business analyst,UK,Mid,Not specified,Missing,0,,False,True,False,False,False,False,False,45405.44871794872,10.72340941618796
5702474933,adbd4a6900ea3c4f11ec874f4938cd0e4e1668b5,1,False,Standard,business analyst,UK,Mid,Not specified,Missing,0,,False,True,False,False,False,False,False,43912.46153846154,10.689976193025764
5702474904,4c3b84d9bc94e2383ecdf30bf2dcf93cf84d7ae3,1,False,Standard,business analyst,UK,Mid,Not specified,Missing,0,,False,True,False,False,False,False,False,49499.64102564102,10.809740898485881
5702474973,5424ef7a139a75970b3330605bc9f98a364d05c4,1,False,Standard,business analyst,UK,Mid,Not specified,Missing,0,,False,True,False,False,False,False,False,45389.85897435897,10.723066019579864
5702474820,73fc68d82b449297e8ca88aa5d31326132a0dbf4,1,False,Standard,business analyst,UK,Mid,Not specified,Missing,0,,False,True,False,False,False,False,False,42618.76923076923,10.66007349106191
5702474856,5fc8b2d746d4e4d80c1760dd4920d6f559b6f201,1,False,Standard,business analyst,UK,Junior,Not specified,Missing,0,,False,True,False,False,False,False,False,43686.85897435898,10.684825515808994
5702474996,f60608c46eed230fd06d709178cee1e6aebce578,1,False,Standard,business analyst,UK,Mid,Not specified,Missing,0,,False,True,False,False,False,False,False,38428.01282051282,10.556567995498348
5702474917,00e206460bfffb01b8c32093395b48847d6b567a,1,False,Standard,business analyst,UK,Mid,Not specified,Missing,0,,False,True,False,False,False,False,False,46411.91025641026,10.745332937797958
5702475015,d0036fb5b96034645caf79399026b9559f37a38b,1,False,Standard,business analyst,UK,Mid,Not specified,Missing,0,,False,True,False,False,False,False,False,40519.92307692308,10.60957373887617
5702474938,0962a0a44620cdd165f3cf5663f4c0b43dd08f7e,1,False,Standard,business analyst,UK,Junior,Not specified,Missing,0,,False,True,False,False,False,False,False,48241.97435897435,10.784005487024665
5702474982,26207bfe2e515093d4073c565c205225ba1e3c5c,1,False,Standard,business analyst,UK,Mid,Not specified,Missing,0,,False,True,False,False,False,False,False,43484.9358974359,10.680192852097333
5702474876,cee45100a6b5a74200798e0f5a3b83ef8b2cea77,1,False,Standard,business analyst,UK,Mid,Not specified,Missing,0,,False,True,False,False,False,False,False,46269.82051282051,10.742266814893167
5702475012,7b1d5c5fa38add0dc83d7720d57fe1be9434da65,1,False,Standard,business analyst,UK,Junior,Not specified,Missing,0,,False,True,False,False,False,False,False,36972.64102564102,10.517960533033134
5702474936,e480e24b44f102a6e9515f9cd6aa1cdf9c9c386c,1,False,Standard,business analyst,UK,Mid,Not specified,Missing,0,,False,True,False,False,False,False,False,47180.84615384615,10.761764482205564
5702474969,f7f71d9598cd0449ffb1d587d3ed68fcf3698267,1,False,Standard,business analyst,UK,Mid,Not specified,Missing,0,,False,True,False,False,False,False,False,46506.730769230766,10.747373830858669
5702474911,773faa2103e70da07334e93fc1e1a77eacf8f26b,1,False,Standard,business analyst,UK,Mid,Not specified,Missing,0,,False,True,False,False,False,False,False,48407.10256410256,10.787422487042736
5702474997,4d9a48c21506387064f38aead855f5305e77bdfb,1,False,Standard,business analyst,UK,Mid,Not specified,Missing,0,,False,True,False,False,False,False,False,47092.820512820515,10.759897072093954
5702474862,e6dc47f8909d0ecc01a997abbbb2459c6585b5d4,1,False,Standard,business analyst,UK,Mid,Not specified,Missing,0,,False,True,False,False,False,False,False,43358.666666666664,10.677284948507102
5702474947,8f23fee4cd4e4ea86bb4a1a83f6d36df3b6ae81d,1,False,Standard,business analyst,UK,Mid,Not specified,Missing,0,,False,True,False,False,False,False,False,42380.76923076923,10.654473577783602
5702474931,60c628ed44ea944a803db79c49cb6bcef26596ca,1,False,Standard,business analyst,UK,Mid,Not specified,Missing,0,,False,True,False,False,False,False,False,57060.14102564103,10.951878621511842
5702474965,b968b8dee5b66df8cfd26a69917af1bcc720a738,1,False,Standard,business analyst,UK,Mid,Not specified,Missing,0,,False,True,False,False,False,False,False,41448.96153846153,10.632242232660996
5702474995,f5b0bf9e9958263101010cd0a444c0ac7736b854,1,False,Standard,business analyst,UK,Mid,Not specified,Missing,0,,False,True,False,False,False,False,False,34994.78205128205,10.462982820388785
5702474859,6759c635b686c3b79032fb7c5d28091e1e2d0a65,1,False,Standard,business analyst,UK,Junior,Not specified,Missing,0,,False,True,False,False,False,False,False,56502.166666666664,10.942051962761587
5702474834,ba1ee509bc7c44ff3e3f8f9c70ba3dcc985dcb2b,1,False,Standard,business analyst,UK,Mid,Not specified,Missing,0,,False,True,False,False,False,False,False,44386.25641025641,10.70070768943581
5702475485,ad111e37af7c156a41be51e2fcb3d653c2d216b1,1,False,Standard,business analyst,UK,Mid,Not specified,Missing,0,,False,True,False,False,False,False,False,52862.82051282051,10.875474461611956
5702474832,0b1e195631b6273258e85a672e235dc4175405af,1,False,Standard,business analyst,UK,Mid,Not specified,Missing,0,,False,True,False,False,False,False,False,46730.1282051282,10.75216577846163
5702475518,600df9678f81bdda86a9812982fe6318de331e9e,1,False,Standard,business analyst,UK,Mid,Not specified,Missing,0,,False,True,False,False,False,False,False,50800.20512820513,10.835675356281351
5702475561,2fe8f437c3c45b5192fec214698ecd9afe685aec,1,False,Standard,business analyst,UK,Mid,Not specified,Missing,0,,False,True,False,False,False,False,False,41640.79487179487,10.636859626309896
5702475596,f47516583b711e840db8a6679872914b6f3b8575,1,False,Standard,business analyst,UK,Mid,Not specified,Missing,0,,False,True,False,False,False,False,False,42599.94871794872,10.659631802383863
5702475469,548d2e964a9ef69e2b8581d9d30729dd331a559d,1,False,Standard,business analyst,UK,Mid,Not specified,Missing,0,,False,True,False,False,False,False,False,47766.269230769234,10.774095939809047
5702475029,e668d7de657e6cfc07c7071cb57903fc65bf557c,1,False,Standard,business analyst,UK,Mid,Not specified,Missing,0,,False,True,False,False,False,False,False,43987.19230769231,10.691676520242954
5702474993,43280cff03dec2cde9805a686603ac8deff4927c,1,False,Standard,business analyst,UK,Mid,Not specified,Missing,0,,False,True,False,False,False,False,False,38803.166666666664,10.566282908161803
5702475477,b4893393c0bdc2d6c1ae46b4847f87b46c35b64e,1,False,Standard,business analyst,UK,Mid,Not specified,Missing,0,,False,True,False,False,False,False,False,44974.30769230769,10.713868900202952
5702475493,56c34821fff18b801aa9b0a6eb9d5461ac41bd6b,1,False,Standard,business analyst,UK,Mid,Not specified,Missing,0,,False,True,False,False,False,False,False,43886.679487179485,10.689388910179051
5702475512,6404fb0e460f73165b9437424a857d99564c57fc,1,False,Standard,business analyst,UK,Mid,Not specified,Missing,0,,False,True,False,False,False,False,False,41771.692307692305,10.639998110948941
5702474908,57059967b12f7acff5efd1234589058d0ecc8e90,1,False,Standard,business analyst,UK,Mid,Not specified,Missing,0,,False,True,False,False,False,False,False,46122.84615384615,10.73908536539516
5702474946,3ed04419d67190a423ca4f6d0efaae03ce4f28ea,1,False,Standard,business analyst,UK,Mid,Not specified,Missing,0,,False,True,False,False,False,False,False,40242.192307692305,10.602696133329124
5702474990,030ca2d42e9ee50f917d8678978f4e219cf5ec95,1,False,Standard,business analyst,UK,Mid,Not specified,Missing,0,,False,True,False,False,False,False,False,41378.02564102564,10.630529404406206
5702475593,946804a9acc62e9d12f75b4c9e8219089ef3612b,1,False,Standard,business analyst,UK,Mid,Not specified,Missing,0,,False,True,False,False,False,False,False,40987.01282051282,10.621034932706541
5702475534,1af4b5d080cfc6b74949353155c381e88012808b,1,False,Standard,business analyst,UK,Mid,Not specified,Missing,0,,False,True,False,False,False,False,False,43827.44871794872,10.68803839962996
5702475555,c9abe6edc3de89ad3f45742c517589dc886832b0,1,False,Standard,business analyst,UK,Mid,Not specified,Missing,0,,False,True,False,False,False,False,False,41714.294871794875,10.638623124034549
5702474881,e9869fe30129b593b483ed5c3a30baa19d53be3c,1,False,Standard,business analyst,UK,Mid,Not specified,Missing,0,,False,True,False,False,False,False,False,47776.4358974359,10.77430875467286
5702475051,f30c1527c9938e1df445c8a84d7f46bb4909ba37,1,False,Standard,business analyst,UK,Mid,Not specified,Missing,0,,False,True,False,False,False,False,False,51505.65384615385,10.849466279202302
5702475488,153ea7eea37a7e9889c6e93c6312706ee87f0cb6,1,False,Standard,business analyst,UK,Mid,Not specified,Missing,0,,False,True,False,False,False,False,False,59772.28205128205,10.998314051658928
5702475473,de5c9edfda0a55334c84ffb1cdf9cdd1193a73a7,1,False,Standard,business analyst,UK,Mid,Not specified,Missing,0,,False,True,False,False,False,False,False,42762.89743589743,10.663449507755653
5702475650,f998ec8453d515c5837d4a62737693c12e595d45,1,False,Standard,business analyst,UK,Mid,Not specified,Missing,0,,False,True,False,False,False,False,False,42594.55128205128,10.659505096805473
5702475557,c19edccb805d0cef684eb9e1cbd0c1501b672fbf,1,False,Standard,business analyst,UK,Mid,Not specified,Missing,0,,False,True,False,False,False,False,False,44102.743589743586,10.694299946488416
5702475519,ea2e469ca47df9ed8184f66f1e29568a72a62c5a,1,False,Standard,business analyst,UK,Mid,Not specified,Missing,0,,False,True,False,False,False,False,False,42079.69230769231,10.647344299455256
5702475601,81f3eddcc6f6618c899b5b3fc30d03e0e858a157,1,False,Standard,business analyst,UK,Mid,Not specified,Missing,0,,False,True,False,False,False,False,False,44178.692307692305,10.696020512434064
5702475567,d813cac8ea6463531d96e3a6e244b6f041af5f0f,1,False,Standard,business analyst,UK,Mid,Not specified,Missing,0,,False,True,False,False,False,False,False,47839.807692307695,10.775634271682405
5702476060,8e13a50a2cc65239697503749126bf76eaa2c5a7,1,False,Standard,business analyst,UK,Mid,Not specified,Missing,0,,False,True,False,False,False,False,False,42897.230769230766,10.66658586325521
5702476192,183b915a5457ec216ebda18c18cf0f3e11191e44,1,False,Standard,business analyst,UK,Mid,Not specified,Missing,0,,False,True,False,False,False,False,False,44980.26923076923,10.714001442784587
5702476111,fea8e85a4099f9abe44e08a1aa312453164b5444,1,False,Standard,business analyst,UK,Mid,Not specified,Missing,0,,False,True,False,False,False,False,False,41225.6282051282,10.626839642224054
5702476065,97230133ed85b7b28789e6c6df0abc90e82f9a29,1,False,Standard,business analyst,UK,Mid,Not specified,Missing,0,,False,True,False,False,False,False,False,43334.32051282051,10.67672329770633
5702475617,b3b085fc3ca0cf8f90e438e2c51e49d9c36eec22,1,False,Standard,business analyst,UK,Mid,Not specified,Missing,0,,False,True,False,False,False,False,False,41823.91025641026,10.6412473801602
5702475578,19267ead57c72b408289b98b30d7cbeaf5cffe95,1,False,Standard,business analyst,UK,Junior,Not specified,Missing,0,,False,True,False,False,False,False,False,42450.666666666664,10.656121452845484
5702475523,03fc50dee56a719573bfdbd6cf57166221cca813,1,False,Standard,business analyst,UK,Mid,Not specified,Missing,0,,False,True,False,False,False,False,False,46518.166666666664,10.747619693029906
5702476067,ba278c7e0ffac7a9d9c5482939ed004872523420,1,False,Standard,business analyst,UK,Mid,Not specified,Missing,0,,False,True,False,False,False,False,False,45584.67948717949,10.727348899845818
5702476174,f3c7acf2b28add1ba2557624d0aee8965a7bee66,1,False,Standard,business analyst,UK,Mid,Not specified,Missing,0,,False,True,False,False,False,False,False,41761.85897435898,10.639762682242772
5702476511,9166f15de90c3c20bb206084a565a82929ffb8d5,1,False,Standard,business analyst,UK,Mid,Not specified,Missing,0,,False,True,False,False,False,False,False,42184.88461538461,10.64984095628349
5702476186,24a6527d5ddc3d51cf47062a8820bfe42be9cb9d,1,False,Standard,business analyst,UK,Mid,Not specified,Missing,0,,False,True,False,False,False,False,False,50282.64102564102,10.825435075071228
5702476590,d01cf0046ca145eeaa0b2cc9f6012d72508f3548,1,False,Standard,business analyst,UK,Mid,Not specified,Missing,0,,False,True,False,False,False,False,False,44109.0641025641,10.694443246341278
5702476544,41912ba1bffe4567a74dd0d762909c651c8e2b35,1,False,Standard,business analyst,UK,Mid,Not specified,Missing,0,,False,True,False,False,False,False,False,49926.51282051282,10.818327488925526
5702476203,be868f847e7e9e170455d1749557fa5da08d01c3,1,False,Standard,business analyst,UK,Mid,Not specified,Missing,0,,False,True,False,False,False,False,False,44217.76923076923,10.696904621160442
5702476173,2c38b12bb6796c175e156942ab18f7e8f9b487e7,1,False,Standard,business analyst,UK,Mid,Not specified,Missing,0,,False,True,False,False,False,False,False,44240.07692307692,10.697408978645798
5702476069,9b190d334f51f67b78bd79ec258aba1f1278d1b7,1,False,Standard,business analyst,UK,Mid,Not specified,Missing,0,,False,True,False,False,False,False,False,42329.07692307692,10.653253150736964
5702476112,516d16afe67c4308fc383046b81ee64e3803f250,1,False,Standard,business analyst,UK,Mid,Not specified,Missing,0,,False,True,False,False,False,False,False,43927.96153846153,10.690329097684309
5702476157,d71ace8aefd4df1d095269d1bfd045b4115416c7,1,False,Standard,business analyst,UK,Mid,Not specified,Missing,0,,False,True,False,False,False,False,False,53062.93589743589,10.879252803181066
5702476129,6ea8225f64f298e177430c93b9373bdb87d10613,1,False,Standard,business analyst,UK,Mid,Not specified,Missing,0,,False,True,False,False,False,False,False,48460.820512820515,10.788531560995063
5702476540,c2eea0cd4a6cf3192c08f592e8c3b7ed37d2b4ea,1,False,Standard,business analyst,UK,Mid,Not specified,Missing,0,,False,True,False,False,False,False,False,44623.47435897435,10.706037739941964
5702476195,9699164c073e55ae6aa09cfe9a5cc306075e5d9e,1,False,Standard,business analyst,UK,Mid,Not specified,Missing,0,,False,True,False,False,False,False,False,41968.91025641026,10.64470821804587
5702476557,80c96169fb0dec55112d73b27329edd21859cb9f,1,False,Standard,business analyst,UK,Mid,Not specified,Missing,0,,False,True,False,False,False,False,False,41528.166666666664,10.634151270607601
5702475481,554ac086b8c0475e435bc19313bc18ac1c29371c,1,False,Standard,business analyst,UK,Mid,Not specified,Missing,0,,False,True,False,False,False,False,False,43901.833333333336,10.689734137603233
5702475542,013373d7a53d927c70808644921db9a22121a250,1,False,Standard,business analyst,UK,Mid,Not specified,Missing,0,,False,True,False,False,False,False,False,51177.35897435897,10.843072045392748
5702475509,26230deb22cba8512fec8d6159a6290f01ee75ae,1,False,Standard,business analyst,UK,Mid,Not specified,Missing,0,,False,True,False,False,False,False,False,41825.705128205125,10.64129029318195
5702475465,e550125a6d4be7d0c3333e785cf19acc153bae10,1,False,Standard,business analyst,UK,Mid,Not specified,Missing,0,,False,True,False,False,False,False,False,42124.89743589743,10.648417971543992
5702475624,86cd3b82e439b493aeb8d05b1413f18bbabea728,1,False,Standard,business analyst,UK,Mid,Not specified,Missing,0,,False,True,False,False,False,False,False,43445.83333333333,10.679293247331819
5702475470,e766908a55ae81b474e15efe787d971444fbc6ca,1,False,Standard,business analyst,UK,Mid,Not specified,Missing,0,,False,True,False,False,False,False,False,54038.60256410256,10.897472437570825
5702475495,22dfa940e5794d5e52ec5415fcb3f4f48a621a13,1,False,Standard,business analyst,UK,Mid,Not specified,Missing,0,,False,True,False,False,False,False,False,46088.99999999999,10.738351285714554
5702475541,cf728cb41f22cbea7ba1fc83353fceb7e3527b48,1,False,Standard,business analyst,UK,Mid,Not specified,Missing,0,,False,True,False,False,False,False,False,46544.34615384615,10.748182302494602
5702475573,d57358bafd0eac84e6ff1caf73e5455de221e644,1,False,Standard,business analyst,UK,Mid,Not specified,Missing,0,,False,True,False,False,False,False,False,46250.41025641026,10.74184723450619
5702476054,c3ed5d3a61fa5aa9e42353eb914ffb2981e53b35,1,False,Standard,business analyst,UK,Mid,Not specified,Missing,0,,False,True,False,False,False,False,False,42111.92307692308,10.64810993401455
5702476201,99a2a1ee8587bba5c6a07a13344c27078f667684,1,False,Standard,business analyst,UK,Mid,Not specified,Missing,0,,False,True,False,False,False,False,False,41930.820512820515,10.6438002571288
5702474854,ba9942840c002bee9b7d712c76cef1073aa64583,1,False,Standard,business analyst,UK,Mid,Not specified,Missing,0,,False,True,False,False,False,False,False,41863.217948717946,10.642186754151572
5702474846,33538f783b2c723b2c5a35e8af1e4c0e8455466b,1,False,Standard,business analyst,UK,Mid,Not specified,Missing,0,,False,True,False,False,False,False,False,42431.32051282051,10.655665627080838
5702474909,7b4ba6962cf90d29e40ecc5caee8a26bb2a65119,1,False,Standard,business analyst,UK,Mid,Not specified,Missing,0,,False,True,False,False,False,False,False,45100.97435897436,10.71668130189342
5702475007,9c9e1c11d980636d77a8ca86ab13aecea036f844,1,False,Standard,business analyst,UK,Mid,Not specified,Missing,0,,False,True,False,False,False,False,False,46269.692307692305,10.742264044133876
5702475061,8a4acdf974c6d9e233aadd332d16606995c51391,1,False,Standard,business analyst,UK,Mid,Not specified,Missing,0,,False,True,False,False,False,False,False,47124.14102564102,10.760561917332382
5702475563,87c321fff6952cee46710bcdcaeda52afe1cf3ab,1,False,Standard,business analyst,UK,Mid,Not specified,Missing,0,,False,True,False,False,False,False,False,57140.17948717948,10.953280317629464
5702474932,661d6e46f54161657ba5fffe26eaa8f34ae9d8d7,1,False,Standard,business analyst,UK,Mid,Not specified,Missing,0,,False,True,False,False,False,False,False,46055.1282051282,10.737616110030949
5702476117,244d0920eb6786faa3ee7a1827850ed5031c6d61,1,False,Standard,business analyst,UK,Mid,Not specified,Missing,0,,False,True,False,False,False,False,False,45633.4358974359,10.728417883692062
5702476183,4fce1a1708c6df2200cf20cb649db2fbc3d768f3,1,False,Standard,business analyst,UK,Mid,Not specified,Missing,0,,False,True,False,False,False,False,False,45636.39743589743,10.728482778596753
5702476177,f24a27455f84d09741fc7d8b384e68aa986dbab0,1,False,Standard,business analyst,UK,Mid,Not specified,Missing,0,,False,True,False,False,False,False,False,43393.333333333336,10.678084143207332
5702475504,be500c16bf378775f108c934d4c39bf0d4bedd7b,1,False,Standard,business analyst,UK,Mid,Not specified,Missing,0,,False,True,False,False,False,False,False,50562.60256410256,10.830987279528047
5702475558,a30747b878826762a54fe1839effc8804cd6db4b,1,False,Standard,business analyst,UK,Mid,Not specified,Missing,0,,False,True,False,False,False,False,False,46490.89743589744,10.747033327702002
5702475582,fe1f4c7b74d60ce1b32914425ddd0404b3fa53d6,1,False,Standard,business analyst,UK,Mid,Not specified,Missing,0,,False,True,False,False,False,False,False,42666.67948717949,10.661196991932673
5702476114,4b116d7220411c892472093186cb1d4f183f9f7a,1,False,Standard,business analyst,UK,Junior,Not specified,Missing,0,,False,True,False,False,False,False,False,41019.97435897436,10.621838784610341
5702475490,969c257fb08fe740fa69aaf7adfbdf3b181df56b,1,False,Standard,business analyst,UK,Mid,Not specified,Missing,0,,False,True,False,False,False,False,False,72932.80769230769,11.197307564848577
5702475603,7e6d6f2bda44c167fd3c94f718aee02bad600f0b,1,False,Standard,business analyst,UK,Mid,Not specified,Missing,0,,False,True,False,False,False,False,False,45347.205128205125,10.722125876550676
5702475627,116b559b2a5f09343741e9bfe9dc80341530e3b3,1,False,Standard,business analyst,UK,Mid,Not specified,Missing,0,,False,True,False,False,False,False,False,51257.32051282051,10.844633235292749
5702476580,41eea74c9256259a8ea522df414ff18226a00854,1,False,Standard,business analyst,UK,Mid,Not specified,Missing,0,,False,True,False,False,False,False,False,46292.782051282054,10.74276293410713
5702475570,83debff009bd5f5b457b5d735def0032c72f095f,1,False,Standard,business analyst,UK,Mid,Not specified,Missing,0,,False,True,False,False,False,False,False,43435.80769230769,10.679062464161321
5702476541,e1e8ff87c143f76ccc1c5ac6889831033abb0639,1,False,Standard,business analyst,UK,Mid,Not specified,Missing,0,,False,True,False,False,False,False,False,43496.166666666664,10.68045108085584
5702476099,739fc404b145a8042a88999e767c4cc494627e63,1,False,Standard,business analyst,UK,Mid,Not specified,Missing,0,,False,True,False,False,False,False,False,50538.166666666664,10.83050389221635
5702476528,822a32dfef2337f266a68716ffa7836619537622,1,False,Standard,business analyst,UK,Mid,Not specified,Missing,0,,False,True,False,False,False,False,False,48999.15384615384,10.79957871680526
5702476512,44cac6c8448eba4d8d3e22cc4921282da27b6a22,1,False,Standard,business analyst,UK,Mid,Not specified,Missing,0,,False,True,False,False,False,False,False,41761.14102564102,10.639745491013368
5702476595,25e03f26b0b5965c25c888ee6ec081c970506075,1,False,Standard,business analyst,UK,Mid,Not specified,Missing,0,,False,True,False,False,False,False,False,47578.96153846153,10.770166975501462
5702476579,98897063efcae578aac2b430ab6bdfe744c86884,1,False,Standard,business analyst,UK,Mid,Not specified,Missing,0,,False,True,False,False,False,False,False,43791.602564102555,10.687220190870272
5702476611,04f741ca125828cdf5aea1d033b285b94bd112fc,1,False,Standard,business analyst,UK,Mid,Not specified,Missing,0,,False,True,False,False,False,False,False,40207.55128205128,10.601834970444736
5702476194,852b3b213e942e906f78ec9e1e74b60cca356857,1,False,Standard,business analyst,UK,Mid,Not specified,Missing,0,,False,True,False,False,False,False,False,42382.02564102564,10.65450322240808
5702476585,dbcbd05fc2b87f1b77e58317f3f1248c89abddb0,1,False,Standard,business analyst,UK,Mid,Not specified,Missing,0,,False,True,False,False,False,False,False,52338.166666666664,10.86550025441873
5702476523,43bd7633dd752ac821e206346112f0344f217644,1,False,Standard,business analyst,UK,Mid,Not specified,Missing,0,,False,True,False,False,False,False,False,44389.01282051282,10.700769786643377
5702476536,4906647535e0857c93c38bc55a371fe9b2b1cdee,1,False,Standard,business analyst,UK,Mid,Not specified,Missing,0,,False,True,False,False,False,False,False,52541.80769230769,10.869383500949658
5702476584,1a7002789c4a72e8e46ed9da9b6ac4eeeed23eca,1,False,Standard,business analyst,UK,Mid,Not specified,Missing,0,,False,True,False,False,False,False,False,48737.615384615376,10.79422691858149
5702476547,0351adb1cb77863dac12b84b9c51936e98c8d6d8,1,False,Standard,business analyst,UK,Mid,Not specified,Missing,0,,False,True,False,False,False,False,False,55136.166666666664,10.917579298902591
5702476533,18a9ec9a125a863fd67c84224a48d326a9ba010f,1,False,Standard,business analyst,UK,Mid,Not specified,Missing,0,,False,True,False,False,False,False,False,41872.166666666664,10.64240048707442
5702476610,eb61d2ef3cd66078ac12a6909d87d23703c84fb7,1,False,Standard,business analyst,UK,Mid,Not specified,Missing,0,,False,True,False,False,False,False,False,43583.94871794872,10.682467156846354
5710393385,79cabe91ebe9f766bb7ca18c44d54080510dd782,1,False,Standard,business analyst,UK,Mid,Not specified,Missing,0,,False,True,False,False,False,False,False,97966.57692307691,11.49239185518682
5697215395,cae8c7b1e1283cd9b20cd75864e7d54dbe001ff8,1,True,Premium,business analyst,UK,Lead,Not specified,Missing,0,,False,True,False,False,False,False,False,86224.15384615384,11.364717222044144
5699815074,0e34d392792e690393d9dac712d416ca1afd2d7c,1,False,Standard,business analyst,UK,Mid,Not specified,Missing,0,,False,True,False,False,False,False,False,71471.02564102564,11.177061402348071
5683187402,a9539f67c2d0ca302a32db8464f556955245fa12,1,False,Standard,business analyst,UK,Mid,Not specified,Missing,0,,False,True,False,False,False,False,False,44230.76923076923,10.69719857075803
5707034373,3b072a575ea648ae20e8b361b5c1a47ae104066a,1,False,Standard,business analyst,UK,Mid,Not specified,Missing,0,,False,True,False,False,False,False,False,44230.76923076923,10.69719857075803
5708486581,e3491d55f8d147c2052a7053d2a15025eaeb7133,1,False,Standard,business analyst,UK,Mid,Not specified,Missing,0,,False,True,False,False,False,False,False,57692.30769230769,10.962896461234068
5706259054,0b7bbe127e26122682dfb76818711ee710e25fed,1,False,Standard,data scientist,Canada,Mid,Not specified,Missing,2,,False,True,True,True,False,False,False,98686.1313868613,11.499709835835722
5656964330,8d6072dca624f042de4911544fcb213733c1d108,1,False,Standard,data scientist,Canada,Mid,Not specified,Missing,0,,True,True,False,False,False,False,False,131386.8613138686,11.78590900111446
5702433982,9f09ed534fc7e968ea4b3ef789702bd467f399ad,1,False,Standard,data scientist,Canada,Mid,Not specified,Missing,0,,True,True,False,False,False,False,False,65693.4306569343,11.092769431578734
5702439544,a6cb314b83068f7f7987a44c8af07c556a9e30cf,1,False,Standard,data scientist,Canada,Mid,Not specified,Missing,0,,True,True,False,False,False,False,False,65693.4306569343,11.092769431578734
5702439533,3bb3196d206f9c61f0243c7947eed77db5750f78,1,False,Standard,data scientist,Canada,Mid,Not specified,Missing,0,,True,True,False,False,False,False,False,65693.4306569343,11.092769431578734
5702436691,1c3018488c94f5186496ac21d361572bd968d4eb,1,False,Standard,data scientist,Canada,Mid,Not specified,Missing,0,,True,True,False,False,False,False,False,65693.4306569343,11.092769431578734
5702433496,3e02af7ca5bc6356d0a1df6084ea2d9174e74af3,1,False,Standard,data scientist,Canada,Mid,Not specified,Missing,0,,True,True,False,False,False,False,False,65693.4306569343,11.092769431578734
5702433095,c5b9af75d37221574b4a38b1bf73b0d0c4c76b48,1,False,Standard,data scientist,Canada,Mid,Not specified,Missing,0,,True,True,False,False,False,False,False,65693.4306569343,11.092769431578734
5702415612,a643330352ee0568490b4877af14b76903c46df1,1,False,Standard,data scientist,Canada,Mid,Not specified,Missing,0,,True,True,False,False,False,False,False,65693.4306569343,11.092769431578734
5702438444,19ca7eacbd40016ebf7e64fc3d33c03bacb2e00f,1,False,Standard,data scientist,Canada,Mid,Not specified,Missing,0,,True,True,False,False,False,False,False,65693.4306569343,11.092769431578734
5702438295,2b689ed34c3a80c1b8f04903b6efbcdac88e1d9d,1,False,Standard,data scientist,Canada,Mid,Not specified,Missing,0,,True,True,False,False,False,False,False,65693.4306569343,11.092769431578734
5702424910,ae677c4d8552219112319efc04d618b76225187f,1,False,Standard,data scientist,Canada,Mid,Not specified,Missing,0,,True,True,False,False,False,False,False,65693.4306569343,11.092769431578734
5702438399,7cd048118e2b9ede204ffbb7736c5243ab3aa761,1,False,Standard,data scientist,Canada,Mid,Not specified,Missing,0,,True,True,False,False,False,False,False,65693.4306569343,11.092769431578734
5703960066,2f36d5165735a9fa0d44961733797b22c8b829c6,1,False,Standard,data scientist,Canada,Mid,Not specified,Missing,0,,False,True,False,False,False,False,False,76642.33576642335,11.246917936833555
5696875522,d3fb3ba37eefde3bd93a14708b5d95ea8be938b8,1,False,Standard,data scientist,Canada,Mid,Not specified,Missing,0,,False,True,False,False,False,False,False,72810.21897810219,11.1956253291536
5645357192,7e9c59ce6254334990d60294f70cbcf5c408e1a3,1,False,Standard,data scientist,Canada,Mid,Not specified,Missing,1,,False,True,True,False,False,False,False,94160.58394160583,11.452767563602421
5687812529,af1d33efb30a7ba05da82a4bdb95582a18a623bc,1,False,Standard,data scientist,Canada,Mid,Not specified,Missing,0,,False,True,False,False,False,False,False,113868.61313868612,11.642809328404361
5563115731,f97699f97b19ee5b8cb962d47a00fededb7ff327,1,False,Standard,data scientist,Canada,Mid,Not specified,Missing,1,,False,True,True,False,False,False,True,76870.43795620438,11.249889668506247
5590641591,26da6df3b2122a1cb1539be9e547dd69edc1783a,1,False,Standard,data scientist,Canada,Mid,Not specified,Missing,1,,False,True,True,False,False,False,False,52919.70802919708,10.87654999737592
5697632957,ae0979445edf2a2c70009e7ce435d59aaa9ac9d5,1,False,Standard,data scientist,Canada,Mid,Not specified,Missing,0,,False,True,False,False,False,False,False,82700.7299270073,11.322995798894663
5708521404,0593ac6abf49797d3f2e804594c2855510f84229,1,False,Standard,data scientist,Canada,Mid,Not specified,Missing,0,,False,True,False,False,False,False,False,67883.21167883211,11.125558763369652
5700501710,67a7a194ab91a8da6cb1be090a5f4816c0a15ec3,1,False,Standard,data scientist,Canada,Mid,Not specified,Missing,0,,False,True,False,False,False,False,False,78467.15328467153,11.27044813081466
5682365948,d984d52d403fcee8f9748f36250633c8beaa6e1b,1,False,Standard,data scientist,Canada,Mid,Bachelor,Missing,0,,False,True,False,False,False,False,False,51094.8905109489,10.841459352428515
5590711576,4eefd6a9a72f8bb54f6fb8cbc4061fd0ad8806e2,1,False,Standard,data scientist,Canada,Mid,Not specified,Missing,0,,False,True,False,False,False,False,False,76642.33576642335,11.246917936833555
5710599605,c75074fa55414fa85b2ee0d99ec18aa86716cefa,1,False,Standard,data scientist,Canada,Mid,Not specified,Missing,1,,False,True,True,False,False,False,False,69854.01459854015,11.154177153068034
5699992512,ec1003b31f0f1da9f442ef8dadffc4b2ea70a84d,1,True,Premium,data scientist,Canada,Lead,Not specified,Missing,0,,False,True,False,False,False,False,False,91240.87591240875,11.421269236384344
5702864961,0e30db5bc9b8693c97e6e3b07f25a7df49b5c5b7,1,True,Premium,data scientist,Canada,Senior,Not specified,Missing,0,,False,True,False,False,False,False,False,117680.29197080291,11.675735333892849
5210865538,7c9d69deea973f0deb4aaaa2cea53e77342b4bae,1,True,Premium,data scientist,Canada,Senior,Not specified,11+ years,0,25.0,False,False,False,False,False,False,False,91240.87591240875,11.421269236384344
5548775843,bb9d31548ee38c6c403cfbdd5ae4d0e07032d2b3,1,True,Premium,data scientist,Canada,Senior,Not specified,Missing,0,,False,True,False,False,False,False,False,91240.87591240875,11.421269236384344
5679434327,317e89f950316a9dad937e580dd1108f6bc2bfa8,1,True,Premium,data scientist,Canada,Senior,Not specified,Missing,0,,False,True,False,False,False,False,False,96058.39416058394,11.47272196831348
5696963071,7663b177ae1a609e96457d8710ab56908a9d6d3a,1,True,Premium,data scientist,Canada,Senior,Not specified,Missing,0,,False,True,False,False,False,False,False,127737.22627737225,11.757738341606403
5708609118,162c52c47c1552a11b3f0eb3ac74f1545e0949a5,1,False,Standard,data scientist,Canada,Mid,Not specified,Missing,0,,False,True,False,False,False,False,False,88686.1313868613,11.392870077579301
5679461725,ba2f41decbc6ae7164c55612be13236a175b97a0,1,True,Premium,data scientist,Canada,Senior,Not specified,Missing,0,,False,True,False,False,False,False,False,72189.7810218978,11.187067630050963
5680628707,8d47729845de2cd14e1e6a84f655a487deb430bb,1,True,Premium,data scientist,Canada,Senior,Not specified,Missing,0,,False,True,False,False,False,False,False,95985.40145985401,11.471961808956603
5636482160,6a8c624ea40af13111ca14da57a9336ee86771a6,1,False,Standard,data scientist,Canada,Mid,Not specified,Missing,0,,False,True,False,False,False,False,False,87299.27007299269,11.377108835442527
5166750812,b91e3fc85718f27b7d9942740f59bd2917694498,1,False,Standard,data scientist,Canada,Mid,Not specified,Missing,0,,False,True,False,False,False,False,False,93613.13868613138,11.446936705397135
5488134544,3a82d4c5ee3f272815cb5d1a2c5ef315f76dec5b,1,False,Standard,data scientist,Canada,Mid,Not specified,Missing,0,,False,True,False,False,False,False,False,99270.07299270072,11.50560949835683
5640347438,c79916524500211b6da02188ed70a05912db3fa2,1,False,Standard,data scientist,Canada,Mid,Not specified,Missing,1,,False,True,True,False,False,False,True,111313.86861313868,11.620118118755775
5653949756,7a3997a73eccbd76b7afb3f2ef8080b6bf341683,1,True,Premium,data scientist,Canada,Senior,Not specified,Missing,0,,False,True,False,False,False,False,False,87299.27007299269,11.377108835442527
5667909603,132aa43d29a222c8d79cb1af122de60f87c777ff,1,True,Premium,data scientist,Canada,Senior,Not specified,Missing,0,,False,True,False,False,False,False,False,116788.3211678832,11.668126916839272
5696977319,1490389b999c957aada53ccb81a91d3a8af1f023,1,True,Premium,data scientist,Canada,Senior,Not specified,Missing,0,,False,True,False,False,False,False,False,76277.37226277372,11.24214472050888
5694720329,6f2a7aee21295c8b7db6c22a8c02ca4d7cf9d5e2,1,False,Standard,data scientist,Canada,Mid,Not specified,Missing,0,,False,True,False,False,False,False,False,61350.36496350364,11.024372698685422
5635037968,9c7f0ba5584e7aff865bf1e986f8df1e48c23c53,1,False,Standard,data scientist,Canada,Mid,Not specified,Missing,0,,False,True,False,False,False,False,False,168978.102189781,12.037530330577447
5703928649,4a74715944ab13953d9c3051ab684437e6c2e71d,1,False,Standard,data scientist,Canada,Mid,Not specified,Missing,0,,False,True,False,False,False,False,False,125985.40145985401,11.743929255187508
5710590733,c5c531fe888aa837f65e26d5f4f3f9e854ff1b5b,1,True,Premium,data scientist,Canada,Lead,Not specified,Missing,0,,False,True,False,False,False,False,False,62043.79562043795,11.035611913149591
5408403419,89f3a876f6a021ef25bf375827da39dbe99946ea,1,True,Premium,data scientist,Canada,Senior,Not specified,Missing,1,,False,True,True,False,False,False,False,69343.06569343065,11.146835851691293
5697634300,82f205b68873f07180ba39ec7458e7471796e323,1,False,Standard,data scientist,Canada,Mid,Not specified,Missing,0,,False,True,False,False,False,False,False,63302.91970802919,11.055702528932816
5413691760,1fadcd52321bc7e0dc0a3179a91d617c72c98f95,1,True,Premium,data scientist,Canada,Senior,Not specified,Missing,1,,False,True,True,False,False,False,False,156021.89781021897,11.957758056295159
5696030224,da78796f85dd3c45f55773a2e25fecf7ae2579db,1,True,Premium,data scientist,Canada,Senior,Not specified,Missing,0,,False,True,False,False,False,False,False,93430.65693430656,11.444985506129443
5665737199,1daa5b214020dde977394273f09df6b876ceeb3c,1,False,Standard,data scientist,Canada,Mid,Not specified,Missing,0,,False,True,False,False,False,False,False,85132.11678832116,11.351971390310812
5697622051,ec615450e44ce46c63183fd29caf121bbf6476e6,1,True,Premium,data scientist,Canada,Senior,Not specified,Missing,0,,False,True,False,False,False,False,False,108029.19708029197,11.590166069620132
5674469141,da3f07935b0bba922b4d05330bc1bc5dd8db15d0,1,True,Premium,data scientist,Canada,Senior,Not specified,Missing,0,,False,True,False,False,False,False,False,120437.95620437956,11.698898316038518
5682425764,b68b758af6735870270fdeccc131f2ec7b30fda6,1,True,Premium,data scientist,Canada,Senior,Not specified,Missing,0,,False,True,False,False,False,False,False,113138.68613138686,11.636378494731966
5704714320,30d3b6ced4f8bbc3874358a83d215443ca94487a,1,True,Premium,data scientist,Canada,Senior,Not specified,Missing,0,,False,True,False,False,False,False,False,132664.23357664232,11.795584193354008
5710417253,ae3d99cf0e59dfecf9f9a00c443473587dcc826e,1,False,Standard,data analyst,Canada,Mid,Not specified,Missing,0,,True,True,False,False,False,False,False,64840.87591240875,11.079706906837782
5710417259,783efa6cf18e2d7922f561995f97adf63607dc1a,1,False,Standard,data analyst,Canada,Mid,Not specified,Missing,0,,True,True,False,False,False,False,False,64840.87591240875,11.079706906837782
5710417254,0a9044bb1dd676175cea8c278037eac3f7b69ff1,1,False,Standard,data analyst,Canada,Mid,Not specified,Missing,0,,True,True,False,False,False,False,False,64840.87591240875,11.079706906837782
5710417256,63a3a760ee10179443d697710a1b400599ddf032,1,False,Standard,data analyst,Canada,Mid,Not specified,Missing,0,,True,True,False,False,False,False,False,64840.87591240875,11.079706906837782
5710417257,b34e00fc758c51e44ee9d2174c014a5d58e30244,1,False,Standard,data analyst,Canada,Mid,Not specified,Missing,0,,True,True,False,False,False,False,False,64840.87591240875,11.079706906837782
5691595044,afb9c424e12e47020d35fc1efb20858022dc6c0d,1,False,Standard,data analyst,Canada,Mid,Not specified,Missing,0,,False,True,False,False,False,False,False,91240.87591240875,11.421269236384344
5704756224,8b84d3e80a2dcbe51515a2db554ae36294efc09c,1,False,Standard,data analyst,Canada,Mid,Not specified,Missing,0,,True,True,False,False,False,False,False,50086.86131386861,10.82153396857186
5708606372,348473aa7991a0510090d93480f3dc03a057e13f,1,False,Standard,data analyst,Canada,Mid,Not specified,Missing,0,,False,True,False,False,False,False,False,58394.1605839416,10.974988298669354
5704764746,fb6b5324922f1c658679024d5ceabae1e5d9bb07,1,False,Standard,data analyst,Canada,Mid,Not specified,Missing,1,,False,True,True,False,False,False,False,47445.25547445255,10.767352885738703
5709638439,c3ebfc4533f01049fb07458f6ec0766fcfd2b166,1,False,Standard,data analyst,Canada,Mid,Not specified,Missing,0,,False,True,False,False,False,False,False,51094.8905109489,10.841459352428515
5709269532,72a6ec06154a0024c23a802548dc5700570d5632,1,False,Standard,data analyst,Canada,Mid,Not specified,Missing,0,,False,True,False,False,False,False,False,51094.8905109489,10.841459352428515
5707525089,07e5503b16ed4d9727ed5aa218988ed6dfbcb792,1,False,Standard,data analyst,Canada,Mid,Not specified,Missing,0,,True,True,False,False,False,False,False,53284.67153284671,10.883422747237683
5710532502,7eb069522f5c309781971c87a8d9738c4bdbdfd3,1,False,Standard,data analyst,Canada,Mid,Not specified,Missing,0,,False,True,False,False,False,False,False,63868.61313868612,11.064598989525958
5700474043,b944db08457b3a72abf0a5e7cf16213d5b55e392,1,False,Standard,data analyst,Canada,Mid,Not specified,Missing,0,,False,True,False,False,False,False,False,54744.52554744525,10.910450919178247
5701767318,83aec98f61c5d64cde2de4b7a0ec5963e7be58dd,1,False,Standard,data analyst,Canada,Mid,Not specified,Missing,0,,False,True,False,False,False,False,False,54744.52554744525,10.910450919178247
5701683644,750c97161582803dce9e63da4eea9cddb1327fe0,1,False,Standard,data analyst,Canada,Mid,Not specified,Missing,1,,False,True,True,False,False,False,False,71350.36496350364,11.175371753254632
5696981746,bc60c73ad9ab3f065632dc94b9d097435214595d,1,False,Standard,data analyst,Canada,Mid,Not specified,Missing,0,,False,True,False,False,False,False,False,60583.94160583941,11.011801652826575
5707025923,d240d18a4299737e7d6c459b3bc3546f96709a5a,1,False,Standard,data analyst,Canada,Mid,Not specified,Missing,0,,False,True,False,False,False,False,False,70802.91970802919,11.167669641257088
5710520571,8795e867d41f61b5be4e21e82197448d927aed39,1,True,Premium,data analyst,Canada,Senior,Not specified,Missing,0,,False,True,False,False,False,False,False,82226.27737226276,11.317242367508767
5667939157,e03cb044a3fa32aaf213a61d30a665ea62dcec9a,1,False,Standard,data analyst,Canada,Mid,Not specified,Missing,1,,False,True,True,False,False,False,True,32642.335766423355,10.393396002582316
5709589785,256ec05626e3b13f408d7c4494f905adf968b9c1,1,True,Premium,data analyst,Canada,Senior,Not specified,Missing,0,,False,True,False,False,False,False,False,73175.18248175182,11.200625271070816
5704686605,5a1c75a4c32dd4bbd776d399999a40fadc4f6a2a,1,True,Premium,data analyst,Canada,Senior,Not specified,Missing,0,,False,True,False,False,False,False,False,80291.9708029197,11.293437359402416
5677312472,1cb5be8fda867611e264d0de79694b6feb38df61,1,False,Standard,data analyst,Canada,Mid,Not specified,Missing,0,,False,True,False,False,False,False,False,40145.98540145985,10.600302633155257
5708584021,2b02d849d776a5294f7e7ce0b67450fe3ab7482e,1,True,Premium,data analyst,Canada,Senior,Not specified,Missing,0,,False,True,False,False,False,False,False,70656.93430656934,11.165605686217045
5701782256,4776ebf09322c9226f8c6b97b3d37f92c22a22b7,1,False,Standard,data analyst,Canada,Mid,Not specified,Missing,0,,False,True,False,False,False,False,False,76642.33576642335,11.246917936833555
5696863689,2805e5c7f4624e8e709024d3db24cd8d88ad921b,1,True,Premium,data analyst,Canada,Senior,Not specified,Missing,0,,False,True,False,False,False,False,False,98686.1313868613,11.499709835835722
5702755859,f5dd797b2512495ef0c16687527f5d1a6c307052,1,False,Standard,data analyst,Canada,Mid,Not specified,Missing,0,,False,True,False,False,False,False,False,57299.270072992695,10.956060616007477
5674549573,7f059a73485b3e10fe87394671f4053a99918736,1,False,Standard,data analyst,Canada,Mid,Not specified,Missing,0,,False,True,False,False,False,False,False,65603.64963503649,11.091401851003285
5672251389,f3b22945d4c6dc87d30485ce4761db62c504a287,1,True,Premium,data analyst,Canada,Senior,Not specified,Missing,0,,False,True,False,False,False,False,False,87591.24087591241,11.380447698525646
5595944615,89850cb9d5516eccb169aaa2657c3fa8b8c47288,1,True,Premium,data analyst,Canada,Senior,Not specified,Missing,0,,False,True,False,False,False,False,False,72992.700729927,11.198128425036352
5696833031,c38261d43d1f2aaa37b93cdf1fc71d239f918fa0,1,False,Standard,data analyst,Canada,Mid,Not specified,Missing,0,,False,True,False,False,False,False,False,70059.12408759123,11.157109067911646
5708621591,ee07307ee4659b77ac0cd8d7b3083f656f2bf867,1,True,Premium,data analyst,Canada,Senior,Not specified,Missing,0,,False,True,False,False,False,False,False,72262.77372262774,11.188078227564782
4962287616,ef5f425947c481f5c4ac4e7d982348bd243ddca5,1,False,Standard,data analyst,Canada,Mid,Not specified,Missing,0,,False,True,False,False,False,False,False,62043.79562043795,11.035611913149591
5697545837,4b498fa3ed183b4e40dcfcedc6203524c298a712,1,False,Standard,data analyst,Canada,Mid,Not specified,Missing,0,,False,True,False,False,False,False,False,47445.25547445255,10.767352885738703
5708600631,5dee34d7298df7682e8e9c106d337dc1bd3b0825,1,True,Premium,data analyst,Canada,Senior,Not specified,Missing,0,,False,True,False,False,False,False,False,85150.7299270073,11.35219000211473
5674597911,de55d58e86931aea29b926ac8eeff3c05525eead,1,False,Standard,data analyst,Canada,Mid,Not specified,Missing,0,,False,True,False,False,False,False,False,62043.79562043795,11.035611913149591
5693591007,5985e7c801572bf738f0a58b8f88a9943fae02e6,1,True,Premium,data analyst,Canada,Senior,Not specified,Missing,0,,False,True,False,False,False,False,False,94525.54744525546,11.456635999376315
5617898242,8f681f0d5a1feb1d96ae76c42dee21bbc4339b02,1,True,Premium,data analyst,Canada,Senior,Not specified,Missing,0,,False,True,False,False,False,False,False,68978.10218978101,11.141558870891211
5702834943,20dc51a8b2fbc8abb209bad9a900fbd33b9dc7bb,1,False,Standard,data analyst,Canada,Mid,Not specified,Missing,0,,False,True,False,False,False,False,False,43795.620437956204,10.687311934436861
5375018162,834c7d926e52aca93723ec4e20c90c1d56fdb1e3,1,False,Standard,data analyst,Canada,Mid,Not specified,Missing,0,,False,True,False,False,False,False,False,70802.91970802919,11.167669641257088
5709655262,30f29fdcd52de3a1fb255442d130ed7b12036f6d,1,True,Premium,data analyst,Canada,Senior,Not specified,Missing,0,,False,True,False,False,False,False,False,58394.1605839416,10.974988298669354
5699309736,01b53c81923dee8431a4b60ff27ecf914122a6ba,1,True,Premium,data analyst,Canada,Senior,Not specified,Missing,3,,False,True,True,False,True,False,False,87591.24087591241,11.380447698525646
5660368074,78bf74ca070ed12a65f30a205475fc2f1c963fba,1,False,Standard,data analyst,Canada,Mid,Not specified,Missing,0,,False,True,False,False,False,False,False,54744.52554744525,10.910450919178247
5674570262,10351fe047ab22fa0b70e7462bdd879b9d01483f,1,False,Standard,data analyst,Canada,Mid,Not specified,Missing,1,,False,True,True,False,True,False,False,65693.4306569343,11.092769431578734
5626454311,0aa70eee66b819bfcf8601e8a8b256b05a9e5609,1,False,Standard,data analyst,Canada,Mid,Not specified,Missing,0,,False,True,False,False,False,False,False,65693.4306569343,11.092769431578734
5708618560,30f4581bde1a8218f5389e9d5480ccf6ca124ae4,1,False,Standard,data analyst,Canada,Mid,Bachelor,Missing,0,,False,True,False,False,False,False,False,86536.1313868613,11.368328865400278
5673413973,fc669c1c5c15fcbf223d9e3eeb3a4ffa2354f24e,1,False,Standard,data analyst,Canada,Mid,Not specified,Missing,0,,False,True,False,False,False,False,False,55416.05839416058,10.922642738591815
5708565761,27f4965b6f86cbad4104097a5d7f304d01ca4c85,1,False,Standard,data analyst,Canada,Mid,Not specified,Missing,0,,False,True,False,False,False,False,False,64124.087591240874,11.068590948417414
5613283995,1d5664054966e73699507ee46b927a372d6e8e38,1,False,Standard,data analyst,Canada,Mid,Not specified,Missing,0,,False,True,False,False,False,False,False,58394.1605839416,10.974988298669354
5613284018,a499b5d089d0ac6a4de8d0a7b36c99ef3d290b71,1,False,Standard,data analyst,Canada,Mid,Not specified,Missing,0,,False,True,False,False,False,False,False,58394.1605839416,10.974988298669354
5704725109,51e920d0f550bfe188b4170a58681d78f62802d0,1,True,Premium,data analyst,Canada,Senior,Not specified,Missing,0,,False,True,False,False,False,False,False,73722.62773722627,11.208078620247804
5696950452,58b6d3ec2de7354f547f7e28262fe1604125c5a6,1,False,Standard,data analyst,Canada,Mid,Not specified,Missing,0,,False,True,False,False,False,False,False,53193.4306569343,10.881708982949949
5694858922,c13f3e189da934061eee99bcf65ee944d1b4e735,1,True,Premium,data analyst,Canada,Senior,Not specified,Missing,1,,False,True,True,False,True,False,False,93795.6204379562,11.448884104899143
5697630829,de10857ced2fcd9b0df97f658e1301ee05b796e4,1,False,Standard,data engineer,Canada,Mid,Not specified,Missing,0,,False,True,False,False,False,False,False,62043.79562043795,11.035611913149591
5710584222,a07fad1300a3e6534c316c909438cc6339e09bdb,1,False,Standard,data engineer,Canada,Mid,Not specified,Missing,0,,False,True,False,False,False,False,False,83941.60583941605,11.337888580477872
5689002703,5e27632bfc1ba892b1028a9dab92f91168ce0d81,1,False,Standard,data engineer,Canada,Mid,Not specified,Missing,0,,False,True,False,False,False,False,False,87591.24087591241,11.380447698525646
5710524575,61a3da98964c049f907dacb578d4102a9693bd7b,1,False,Standard,data engineer,Canada,Mid,Not specified,Missing,0,,False,True,False,False,False,False,False,78467.15328467153,11.27044813081466
5703861695,940ad09fe4b9fb8d72010c37888e41e37da2e636,1,False,Standard,data engineer,Canada,Mid,Not specified,Missing,0,,False,True,False,False,False,False,False,80437.95620437956,11.295253867725565
5694379849,1e844ba9bc556321d14d822121381359f3be7c99,1,False,Standard,data engineer,Canada,Mid,Not specified,Missing,0,,False,True,False,False,False,False,False,87591.24087591241,11.380447698525646
5694381980,5faa7eb032f4270cdc23e121f7d102533adf4b0e,1,False,Standard,data engineer,Canada,Mid,Not specified,Missing,0,,False,True,False,False,False,False,False,87591.24087591241,11.380447698525646
5694381057,0e746b1ea456cf7ccb940e6ae6a9b167d7a69dd9,1,False,Standard,data engineer,Canada,Mid,Not specified,Missing,0,,False,True,False,False,False,False,False,87591.24087591241,11.380447698525646
5694377263,a6549f7ba19a78c261450eed5263c52d17178b8e,1,False,Standard,data engineer,Canada,Mid,Not specified,Missing,0,,False,True,False,False,False,False,False,87591.24087591241,11.380447698525646
5646416209,06d049e91c2abfa33abbeebada96feea30638d65,1,False,Standard,data engineer,Canada,Mid,Not specified,Missing,0,,False,True,False,False,False,False,False,76642.33576642335,11.246917936833555
5696966727,59e5d615875d8a90bb77f25b90eb8f0bdf66ce2c,1,False,Standard,data engineer,Canada,Mid,Not specified,Missing,1,,False,True,True,False,False,False,False,72992.700729927,11.198128425036352
5706428567,5e3670c759a288caf3140091dfad26256828591a,1,False,Standard,data engineer,Canada,Mid,Not specified,Missing,0,,False,True,False,False,False,False,False,85583.94160583941,11.357264630835198
5709595792,5653382ce4e8393ef1bbd7ace2371958320aeaa2,1,False,Standard,data engineer,Canada,Mid,Not specified,Missing,0,,False,True,False,False,False,False,False,65693.4306569343,11.092769431578734
5704695910,c68edb590eaa0a928dcb1ede1f8a7b289af9ec49,1,False,Standard,data engineer,Canada,Mid,Not specified,Missing,0,,False,True,False,False,False,False,False,67153.28467153285,11.114748007384618
5658743612,dc9420d2a4de611bc1d26d0bb799ac379b0370b1,1,False,Standard,data engineer,Canada,Mid,Not specified,Missing,1,,False,True,True,False,False,True,False,87846.71532846715,11.383360086771287
5645383940,f8a6d108c3f8490a85d493602b0be43f97416e5d,1,False,Standard,data engineer,Canada,Mid,Not specified,Missing,0,,False,True,False,False,False,False,False,79087.5912408759,11.278323911253118
5682434932,fb63b2b059cf32b98ed61a59a855deed2dbcf576,1,False,Standard,data engineer,Canada,Mid,Not specified,Missing,0,,False,True,False,False,False,False,False,68978.10218978101,11.141558870891211
5704674759,ddbb65851d182e40db708470426f08c54857398a,2,False,Standard,data engineer,Canada,Mid,Not specified,Missing,0,,False,True,False,False,False,False,False,102189.7810218978,11.534596747417813
5688972770,b8abca6f002a5e0ef1d0ba805e275388fe215c8c,1,False,Standard,data engineer,Canada,Mid,Not specified,Missing,0,,False,True,False,False,False,False,False,114963.50364963502,11.652378695782659
5695477414,e5e0fb78c68d8c6b742dc29f36335e69069607a7,1,False,Standard,data engineer,Canada,Mid,Not specified,Missing,0,,False,True,False,False,False,False,False,68321.16788321167,11.13198955927067
5644116135,3f13ae2aafd035016363d2e8bc4d046a4b649652,1,False,Standard,data engineer,Canada,Mid,Not specified,Missing,0,,False,True,False,False,False,False,False,96715.32846715327,11.479537524137568
5638619000,8504098b8a87902febf95b456a15410f42554b7d,1,False,Standard,data engineer,Canada,Mid,Not specified,Missing,0,,False,True,False,False,False,False,False,175182.48175182482,12.073589170801135
5708774771,bbad99e95c2d81bc256d7032cde705acc168d470,1,False,Standard,data engineer,Canada,Mid,Not specified,Missing,0,,False,True,False,False,False,False,False,80291.9708029197,11.293437359402416
5556667279,258574f98d487af045df9cdb2f733154df0922cd,1,True,Premium,data engineer,Canada,Lead,Not specified,Missing,0,,False,True,False,False,False,False,False,142335.76642335765,11.865951123322196
5690777315,e0c48b4e15d1df1fb7908ddafac4b048b1f93461,1,False,Standard,data engineer,Canada,Mid,Not specified,Missing,0,,False,True,False,False,False,False,False,77643.06569343065,11.259890401875714
5704765329,c75652647fbde0356faea075f916abbcb1918361,1,True,Premium,data engineer,Canada,Lead,Not specified,Missing,0,,False,True,False,False,False,False,False,87591.24087591241,11.380447698525646
5579628637,8507e6a1c94d27b5d43997c37c8f4f893526dc5a,1,True,Premium,data engineer,Canada,Senior,Not specified,Missing,1,,False,True,True,False,False,False,False,91240.87591240875,11.421269236384344
5709555538,029da640bf688959ee1119658313ee5282eeadf4,1,True,Premium,data engineer,Canada,Senior,Not specified,Missing,1,,False,True,True,False,False,False,False,88686.1313868613,11.392870077579301
5505463682,9f7ba2ab897a922d97a3cb28a12fa382b5f358e4,1,True,Premium,data engineer,Canada,Lead,Not specified,Missing,0,,False,True,False,False,False,False,False,101952.55474452554,11.532272642923195
5702818151,8de69f7088a2cabcc1fc98bd4548dddddcbbac6e,1,True,Premium,data engineer,Canada,Senior,Not specified,Missing,0,,False,True,False,False,False,False,False,76642.33576642335,11.246917936833555
5689023539,19c4f1bce36eefd0b45d9e83149f376c009604cf,1,True,Premium,data engineer,Canada,Lead,Not specified,Missing,0,,False,True,False,False,False,False,False,142492.33576642335,11.867050511045838
5634947480,05f7fa2352fc8f7fbca81f0eb055c30a08783a29,1,True,Premium,data engineer,Canada,Senior,Not specified,Missing,0,,False,True,False,False,False,False,False,105839.41605839416,11.569687729793905
5694748780,284fbc0f17b82d80907f5787ad011337a9d431b5,1,True,Premium,data engineer,Canada,Senior,Not specified,Missing,0,,True,True,False,False,False,False,False,86277.37226277372,11.365334234571467
5617889862,0eccd70176c4e65854471a84eecbae1f189f3ffe,1,True,Premium,data engineer,Canada,Senior,Not specified,Missing,0,,False,True,False,False,False,False,False,112824.81751824816,11.633600470565234
5409528714,df4c65b2d9a4c34213a2272a7dcf241238444651,1,True,Premium,data engineer,Canada,Senior,Not specified,Missing,0,,False,True,False,False,False,False,False,118613.13868613138,11.683630971645588
5706506452,7062a00ac3f9044c034b7bc1cf6ec0556a15cb6e,1,True,Premium,data engineer,Canada,Senior,Not specified,Missing,0,,False,True,False,False,False,False,False,106167.88321167883,11.572786343083301
5463872639,ca64889fba6ad2553def15d1a4a529e7fb3db844,1,False,Standard,data engineer,Canada,Mid,Not specified,Missing,0,,False,True,False,False,False,False,False,124087.5912408759,11.728751034983423
5675513153,8f55fc0d120b637857a49d9cac3b8bf3b0c09557,1,True,Premium,data engineer,Canada,Senior,Not specified,Missing,0,,False,True,False,False,False,False,False,92244.52554744524,11.43220905717571
5681577271,831d84b658dcb2bad50b2c24b9a68389515833be,1,True,Premium,data engineer,Canada,Lead,Not specified,Missing,0,,False,True,False,False,False,False,False,87591.24087591241,11.380447698525646
5702764477,4310c1c92c12f59fb6510d88bcb9c63df46e5e61,1,False,Standard,data engineer,Canada,Mid,Not specified,Missing,0,,False,True,False,False,False,False,False,71824.81751824816,11.181999265867619
5689095202,0aa436a3d1d84cb8da9a24066d286def3df3cb01,1,True,Premium,data engineer,Canada,Lead,Not specified,11+ years,0,26.0,False,False,False,False,False,False,False,87591.24087591241,11.380447698525646
5707513674,1ce4a6ec8b83848efc49cb323b2d8001960130a6,1,False,Standard,machine learning engineer,Canada,Mid,Not specified,Missing,1,,False,True,True,False,False,False,False,76642.33576642335,11.246917936833555
5675512658,499b479ec1662d690156aac1ee57846f98493c9e,1,False,Standard,machine learning engineer,Canada,Mid,Not specified,Missing,0,,False,True,False,False,False,False,False,116788.3211678832,11.668126916839272
5689049184,b6a897a10ded0e0cbfc02c3855eb1377593903eb,1,False,Standard,machine learning engineer,Canada,Mid,Not specified,Missing,0,,False,True,False,False,False,False,False,131386.8613138686,11.78590900111446
5681634785,8ab05f375d1fa3ff731cdf9717b9449ad1fa5d21,1,False,Standard,machine learning engineer,Canada,Mid,Not specified,Missing,0,,False,True,False,False,False,False,False,111678.83211678831,11.623391414742816
5633551898,237d00ea835335436227f02a5761b902e96d202c,1,False,Standard,machine learning engineer,Canada,Mid,Not specified,Missing,1,,False,True,True,False,False,False,False,80291.9708029197,11.293437359402416
5710548579,e97eb03a74fdbbfb68e71edfc8af579babd25860,1,False,Standard,machine learning engineer,Canada,Mid,Not specified,Missing,0,,False,True,False,False,False,False,False,98540.14598540145,11.49822946567719
5509398509,cd95d584ceff086c6db7159883483b21645e5045,1,False,Standard,machine learning engineer,Canada,Mid,Not specified,Missing,0,,False,True,False,False,False,False,False,117664.23357664232,11.675598867937822
5638554330,9c77544a3cae82eaf7d6c9e61fd67ca3bb8c0d5a,1,False,Standard,machine learning engineer,Canada,Mid,Not specified,Missing,0,,False,True,False,False,False,False,False,145985.401459854,11.89126875566668
5703909709,1a30b008f1feb59cb6b8db5684ae3fc5cbaa4ee3,2,True,Premium,machine learning engineer,Canada,Senior,Not specified,Missing,0,,False,True,False,False,False,False,False,142335.76642335765,11.865951123322196
5697628067,1a30b008f1feb59cb6b8db5684ae3fc5cbaa4ee3,2,True,Premium,machine learning engineer,Canada,Senior,Not specified,Missing,0,,False,True,False,False,False,False,False,142335.76642335765,11.865951123322196
5660704983,63f8b77f47673adcaa4e7720b476cdf19c80eaa7,1,True,Premium,machine learning engineer,Canada,Senior,Not specified,Missing,1,,False,True,True,False,False,False,False,107664.23357664232,11.586782003014436
5706038362,392fd7b546e45814f3f89ddbe70fcd2a215bb94a,1,True,Premium,machine learning engineer,Canada,Senior,Not specified,Missing,1,,False,True,True,False,False,False,False,116788.3211678832,11.668126916839272
5640272960,7f520170e49de980de08788b5e2c402b6d1ce902,1,False,Standard,machine learning engineer,Canada,Mid,Not specified,Missing,0,,False,True,False,False,False,False,False,74817.51824817518,11.222820703484903
5326539775,9bb5c7f5b30f41b8088bb882a874b78d993c260b,1,True,Premium,machine learning engineer,Canada,Lead,Not specified,Missing,1,,False,True,True,False,False,False,False,136861.31386861313,11.826730691192543
5551076509,4432f5a6a273588ac8a138c471f9b3248465644c,1,True,Premium,machine learning engineer,Canada,Senior,Not specified,Missing,2,,False,True,True,False,False,False,True,93065.69343065693,11.441071648780895
5662779714,62e1192c8a9596796345fce38969a1c566aeb981,1,False,Standard,machine learning engineer,Canada,Mid,Master,Missing,1,,False,True,True,False,False,False,False,105839.41605839416,11.569687729793905
5690106478,c47837fb47703947ea1557d650443dec9f5b1064,3,False,Standard,machine learning engineer,Canada,Mid,Not specified,Missing,0,,False,True,False,False,False,False,False,129014.59854014598,11.767688594949567
5696856489,737cdc511b6cf36f0149c61af8834c572047005c,2,False,Standard,machine learning engineer,Canada,Mid,Not specified,Missing,0,,False,True,False,False,False,False,False,142335.76642335765,11.865951123322196
5710225584,c3e7d22475624173c4eaef2a495e354dc9c12b0c,1,True,Premium,machine learning engineer,Canada,Senior,Not specified,Missing,1,,True,True,True,False,False,False,False,142335.76642335765,11.865951123322196
5695920483,c47837fb47703947ea1557d650443dec9f5b1064,3,False,Standard,machine learning engineer,Canada,Mid,Not specified,Missing,0,,False,True,False,False,False,False,False,129014.59854014598,11.767688594949567
5708653902,7896d947fbb89562e0196509bc6247c25bd532d0,1,True,Premium,machine learning engineer,Canada,Senior,Not specified,Missing,0,,False,True,False,False,False,False,False,153284.6715328467,11.940058593647816
5682124279,99b3b4a7424bef08ae50ede9c3caebbcbdd399e5,1,True,Premium,machine learning engineer,Canada,Lead,Not specified,Missing,0,,False,True,False,False,False,False,False,177007.29927007298,12.08395189898822
5701723534,737cdc511b6cf36f0149c61af8834c572047005c,2,True,Premium,machine learning engineer,Canada,Senior,Not specified,Missing,0,,False,True,False,False,False,False,False,142335.76642335765,11.865951123322196
5678404793,55b1af011d1c8d67941c372e00bedb51bf36afe8,1,False,Standard,machine learning engineer,Canada,Mid,Not specified,Missing,0,,False,True,False,False,False,False,False,116788.3211678832,11.668126916839272
5556556957,e133c8dae52a026033745ce2b9cc4534e86aba9b,1,True,Premium,machine learning engineer,Canada,Senior,Not specified,Missing,0,,False,True,False,False,False,False,False,171532.84671532846,12.052535883056503
5694747354,442ad648fc930f4a1c0316e59d976f6a7479f91a,1,False,Standard,machine learning engineer,Canada,Mid,Not specified,Missing,1,,False,True,True,False,False,False,False,137737.22627737225,11.83311025169163
5649010730,69eba2325e21f8ab26c3b94ea56d891dd4d60a98,1,True,Premium,machine learning engineer,Canada,Senior,Not specified,Missing,0,,False,True,False,False,False,False,False,141970.80291970802,11.863383745877597
5693681474,742601dd31693a1b3d2bcdcd0911c08086ab94a2,1,False,Standard,machine learning engineer,Canada,Mid,Not specified,Missing,0,,False,True,False,False,False,False,False,83941.60583941605,11.337888580477872
5708645133,ce0b49c635a6b2f4280070abd21ec8b7285fe1d9,1,True,Premium,machine learning engineer,Canada,Lead,Not specified,Missing,1,,False,True,True,False,False,False,False,127737.22627737225,11.757738341606403
5697619237,af96dfea021eea8d24d5741392fa5803ec7bc27e,1,False,Standard,machine learning engineer,Canada,Mid,Not specified,Missing,1,,False,True,True,False,False,False,False,87591.24087591241,11.380447698525646
5628257356,871e5031fb8f58eb58284eb29187d342563707a4,1,True,Premium,machine learning engineer,Canada,Senior,Not specified,Missing,0,,False,True,False,False,False,False,False,138686.1313868613,11.83997582180291
5709545789,b271914a818d31ac8d6e626977d5099b9ced463a,1,True,Premium,machine learning engineer,Canada,Senior,Not specified,Missing,1,,False,True,True,False,False,False,False,176642.33576642335,12.08188792643979
5671047213,0cd66449a3c82f087579f449effc7d3f4b57a41b,1,False,Standard,machine learning engineer,Canada,Mid,Not specified,0-2 years,1,2.0,True,False,True,False,False,False,False,120437.95620437956,11.698898316038518
5584541951,c9e65f6b18c1a6dbae4120254fa29882790ecbef,1,False,Standard,machine learning engineer,Canada,Mid,Not specified,Missing,1,,False,True,True,False,False,False,False,105839.41605839416,11.569687729793905
5656682936,c38fa4802eaff4110f13dfe6a147184f7746996a,1,True,Premium,machine learning engineer,Canada,Senior,Not specified,Missing,1,,False,True,True,False,False,False,False,214963.503649635,12.278228194175385
5687720161,94924e2143a1ef7760ef1269c6aa76e35909023c,1,True,Premium,machine learning engineer,Canada,Senior,Not specified,Missing,1,,False,True,True,False,False,False,False,96459.85401459853,11.476892547145853
5678318403,590044597f33efea7fb5bece69c36fc2ceaba2fe,1,False,Standard,machine learning engineer,Canada,Mid,Not specified,Missing,0,,False,True,False,False,False,False,False,136861.31386861313,11.826730691192543
5701778505,819a06575f26e4a242d012456a6f2b66657322a1,1,True,Premium,machine learning engineer,Canada,Senior,Not specified,Missing,1,,False,True,True,False,False,False,False,110729.92700729927,11.614858456438013
5703911319,b45c810f39a18918d33a7253f93d886191cdbc1c,1,True,Premium,machine learning engineer,Canada,Senior,Not specified,Missing,0,,False,True,False,False,False,False,False,125182.4817518248,11.737535794054384
5533742565,5abea488f20a0d26c0e3454069e70200a707280a,1,True,Premium,machine learning engineer,Canada,Senior,Not specified,Missing,0,,False,True,False,False,False,False,False,164233.57664233574,12.009051030216876
5682416870,f532ba266788153cb026e6643e9c26d990d264c6,1,False,Standard,machine learning engineer,Canada,Mid,Not specified,Missing,0,,False,True,False,False,False,False,False,108029.19708029197,11.590166069620132
5693730737,6e34f4b8f309b5ee2aee8053e24f48ca7a183531,1,False,Standard,machine learning engineer,Canada,Mid,Not specified,Missing,0,,False,True,False,False,False,False,False,87591.24087591241,11.380447698525646
5710629535,7787b6b9bf3e82592fd144b141e1e2fb670d9599,1,True,Premium,machine learning engineer,Canada,Senior,Not specified,Missing,0,,False,True,False,False,False,False,False,131751.82481751824,11.788682906913936
5665735550,78e6cc67313ae5c3ea0db3240176665d787d6d2b,1,False,Standard,machine learning engineer,Canada,Mid,Not specified,Missing,0,,False,True,False,False,False,False,False,102189.7810218978,11.534596747417813
5673485322,7495df143929a5bb749ef4ed1a26b7dacc89ce0f,1,True,Premium,machine learning engineer,Canada,Lead,Not specified,Missing,1,,False,True,True,False,False,False,False,83941.60583941605,11.337888580477872
5599244494,1bb6b8d3778cc9b4e6d4a3a6acf0e43cd79b52e1,1,True,Premium,machine learning engineer,Canada,Senior,Not specified,Missing,0,,False,True,False,False,False,False,False,121167.88321167883,11.70494058047664
5590708011,d69ff9057ac101c065529b417d1f58a3b8f7711e,1,False,Standard,machine learning engineer,Canada,Mid,Not specified,Missing,0,,False,True,False,False,False,False,False,105109.48905109488,11.562767352561735
5690176601,5acbfef91b209c22fb282f1b655287145291af85,1,False,Standard,machine learning engineer,Canada,Mid,Not specified,Missing,0,,False,True,False,False,False,False,False,54485.03649635036,10.90569973674753
5709447791,2ed2234c57b777f3c9009f7398b3fdaab319552d,1,False,Standard,business analyst,Canada,Mid,Not specified,Missing,0,,False,True,False,False,False,False,False,147270.0729927007,11.900030201581496
5707604289,90a4621025c4c6d36b00a79f7a0fa3aad7eb725e,1,False,Standard,business analyst,Canada,Mid,Not specified,Missing,0,,False,True,False,False,False,False,False,40145.98540145985,10.600302633155257
5601914604,19d1be72c159781ba0fd34c02d8c93f5a17366cd,1,False,Standard,business analyst,Canada,Mid,Not specified,Missing,0,,False,True,False,False,False,False,False,56569.34306569343,10.943240152764515
5695964940,3ff255d17d6132a9df1440855bb2e1b82c4377bd,1,False,Standard,business analyst,Canada,Mid,Not specified,Missing,0,,False,True,False,False,False,False,False,58394.1605839416,10.974988298669354
5590648224,7218371ccdbe142bfbc27ac29ff7c20e6cc79384,1,False,Standard,business analyst,Canada,Mid,Not specified,Missing,0,,False,True,False,False,False,False,False,58394.1605839416,10.974988298669354
5665646839,0b09f2c34908b7e30747153c9d1137562b5a1f95,1,False,Standard,business analyst,Canada,Mid,Not specified,Missing,0,,False,True,False,False,False,False,False,49685.40145985401,10.81348656216821
5707510180,693717d46bef916c7b306bf67abfd3102a869286,1,False,Standard,business analyst,Canada,Mid,Not specified,Missing,0,,False,True,False,False,False,False,False,94890.5109489051,11.460489528003695
5657874964,de114c933ce05b40f53c20eb351322fcff2bacb1,2,False,Standard,business analyst,Canada,Mid,Not specified,Missing,0,,False,True,False,False,False,False,False,52919.70802919708,10.87654999737592
5690519401,96d0e89d86476462af79223dcf882e6fff6be255,1,False,Standard,business analyst,Canada,Mid,Not specified,Missing,0,,False,True,False,False,False,False,False,52919.70802919708,10.87654999737592
5679513962,e772be7200e2a885a10e2cb705278676c0ae6132,1,False,Standard,business analyst,Canada,Mid,Not specified,Missing,0,,False,True,False,False,False,False,False,94890.5109489051,11.460489528003695
5710580154,fa4177a86174e1bc70b546ca675498150e44440f,1,False,Standard,business analyst,Canada,Mid,Not specified,Missing,0,,False,True,False,False,False,False,False,63868.61313868612,11.064598989525958
5709266653,aa1b11c3e570b5a2338e564e394a2ac66431a3d6,1,False,Standard,business analyst,Canada,Mid,Not specified,Missing,0,,False,True,False,False,False,False,False,40145.98540145985,10.600302633155257
5709447753,bfbf6f23504d8871ce89c9aaedfea4cab90d8fb2,1,False,Standard,business analyst,Canada,Mid,Not specified,Missing,0,,False,True,False,False,False,False,False,110072.99270072991,11.608908079555329
5591362732,61604dc7f985fe44d50cee2b1eb3078301fa7386,1,False,Standard,business analyst,Canada,Mid,Not specified,Missing,0,,False,True,False,False,False,False,False,41970.802919708025,10.644753312748527
5691216442,3ac8ff7fe6827b44c8f379b36cc8260a21f85ae3,1,False,Standard,business analyst,Canada,Mid,Not specified,Missing,0,,False,True,False,False,False,False,False,69839.41605839416,11.153968147803788
5703942845,35e2a66928df4caa6c4853be6d09fa765e5d5216,1,True,Premium,business analyst,Canada,Senior,Not specified,Missing,0,,False,True,False,False,False,False,False,64736.496350364956,11.078095854356242
5707436557,21448da2dde9cc466a36d7cb052a6b9d6d0e2b0b,1,False,Standard,business analyst,Canada,Mid,Not specified,Missing,0,,False,True,False,False,False,False,False,83941.60583941605,11.337888580477872
5514651502,e2f6955689f3a3b677d83b8bbeaa3cf8bf8583e7,1,False,Standard,business analyst,Canada,Mid,Not specified,Missing,1,,False,True,True,False,False,False,False,74257.29927007298,11.21530482509974
5703960882,a4ac50cd52a360762324328813e74e919b9edc68,1,False,Standard,business analyst,Canada,Mid,Not specified,Missing,1,,False,True,True,False,False,False,False,76306.93430656934,11.242532200156695
5650458014,58f3e1edf120776333ce81a5e2859433ee7c9290,1,True,Premium,business analyst,Canada,Senior,Not specified,Missing,0,,False,True,False,False,False,False,False,95754.74452554744,11.469555900288144
5682127146,f31d5047f4ddfcbc6b79869e05879ee7c4529328,1,False,Standard,business analyst,Canada,Mid,Not specified,Missing,0,,False,True,False,False,False,False,False,80291.9708029197,11.293437359402416
5693705308,44b9a67206cb37c3d99d64eeab936b46bd410170,1,True,Premium,business analyst,Canada,Senior,Not specified,Missing,0,,False,True,False,False,False,False,False,58394.1605839416,10.974988298669354
5481811025,93d8b6d231dbff11fa7947411791cb181e024755,1,True,Premium,business analyst,Canada,Senior,Not specified,Missing,0,,False,True,False,False,False,False,False,83941.60583941605,11.337888580477872
5549992827,841107bb24e625273ff87176c15199f0102d2ab0,1,True,Premium,business analyst,Canada,Senior,Not specified,Missing,0,,False,True,False,False,False,False,False,57674.45255474452,10.962586929647399
5700464352,32cdcc26425d8c8a960973503ff15a6dfce953a0,1,True,Premium,business analyst,Canada,Senior,Not specified,Missing,0,,False,True,False,False,False,False,False,62043.79562043795,11.035611913149591
5705172587,f2ba90d9a65412125a3868c086e59f326e67ebcb,1,False,Standard,business analyst,Canada,Mid,Not specified,Missing,0,,False,True,False,False,False,False,False,41970.802919708025,10.644753312748527
5609198253,b49189836e68e09d5855dc98a6ce30220a1c02a9,1,False,Standard,business analyst,Canada,Mid,Not specified,Missing,0,,False,True,False,False,False,False,False,80512.40875912408,11.296179017971998
5641520344,2da80d5d21f8a45ce9371ca3e674aed97999f36c,1,True,Premium,business analyst,Canada,Senior,Not specified,Missing,0,,False,True,False,False,False,False,False,72992.700729927,11.198128425036352
5675510671,ad90658d9d068e4b46a0a7bcaa276966d5ca745d,1,False,Standard,business analyst,Canada,Mid,Not specified,Missing,0,,False,True,False,False,False,False,False,79489.0510948905,11.28338714935083
5463877107,21981fb181dfd927001fadbd09d6255e3011c9f6,1,False,Standard,business analyst,Canada,Mid,Not specified,Missing,0,,False,True,False,False,False,False,False,47445.25547445255,10.767352885738703
5702770276,0a89e7791dec797447deab4c26ae9f1ede966991,1,True,Premium,business analyst,Canada,Senior,Not specified,3-5 years,0,3.0,False,False,False,False,False,False,False,76642.33576642335,11.246917936833555
5678389906,68de42de693bf2e06be86ccdc9a9776702537852,1,True,Premium,business analyst,Canada,Senior,Not specified,Missing,0,,False,True,False,False,False,False,False,78832.11678832116,11.275088451371053
5689079863,7fc22cb9ffefcdf1c59119050a763b0724056cb1,1,True,Premium,business analyst,Canada,Senior,Not specified,Missing,0,,False,True,False,False,False,False,False,68667.88321167883,11.137051438364358
5665693888,0161592d339a94d35d8370e4fbf231e3a74584f1,1,False,Standard,business analyst,Canada,Mid,Not specified,Missing,0,,False,True,False,False,False,False,False,63868.61313868612,11.064598989525958
5705624358,18c7dbefca278b152bcbeaa906dced4fd438cc04,1,False,Standard,data scientist,Australia,Mid,Not specified,Missing,0,,False,True,False,False,False,False,False,106907.8947368421,11.57973229969615
5694097450,a740feb7eae4b5a91b812f212722606b4ea71cc3,1,False,Standard,data scientist,Australia,Mid,Not specified,Missing,1,,False,True,True,False,False,False,False,153947.36842105264,11.944372555187051
5699521041,cdf1b0d62f0921117d9a98dfc647d18a01744a48,1,True,Premium,data scientist,Australia,Senior,Not specified,Missing,1,,False,True,True,False,False,False,False,99671.05263157895,11.509640602026346
5706527479,ca050f987320cf6f3c7f1a5ddc82572ee08bc584,1,True,Premium,data scientist,Australia,Senior,Not specified,Missing,1,,False,True,True,False,False,False,False,111842.1052631579,11.624852322310712
5703105379,7c11aa75bedb8303d4072c1bb08155a14dccd7dd,1,False,Standard,data scientist,Australia,Mid,Not specified,Missing,0,,False,True,False,False,False,False,False,133223.68421052632,11.799792336815214
5698633343,347da31423d75f079a23c1df3cce5a303d627d20,1,False,Standard,data scientist,Australia,Mid,Not specified,Missing,0,,False,True,False,False,False,False,False,153947.36842105264,11.944372555187051
5656425430,44a5be2348ed7e6e2f4ea16b91e3a362b4d6b23e,1,False,Standard,data scientist,Australia,Mid,Not specified,Missing,1,,False,True,True,False,False,False,False,82236.84210526316,11.317370841352322
5706531259,6999ad7f7b81a781ab8d91da52b1d11d05cd6318,1,True,Premium,data scientist,Australia,Senior,Not specified,Missing,1,,False,True,True,True,False,False,False,85526.31578947368,11.356591086818872
5529781445,38c34554c8d20015d2a0feda21bb448cf6c4a859,1,True,Premium,data scientist,Australia,Senior,Not specified,Missing,0,,False,True,False,False,False,False,False,148026.31578947368,11.905152101861109
5529779843,fa7de93a3a63501e557209708bf049cab505f1eb,1,True,Premium,data scientist,Australia,Senior,Not specified,Missing,0,,False,True,False,False,False,False,False,148026.31578947368,11.905152101861109
5707626531,4f4320317e77eb28ba48ad2b26fed642cdd2cc54,1,False,Standard,data scientist,Australia,Mid,Not specified,Missing,0,,False,True,False,False,False,False,False,111842.1052631579,11.624852322310712
5709744215,5fef2c667b68ec0bff73454742b3ffa88df6fd3b,1,True,Premium,data scientist,Australia,Senior,Not specified,Missing,1,,False,True,True,False,False,False,False,111842.1052631579,11.624852322310712
5707746690,85ed9705d684dffbe32998228d8ff3ec0573375e,1,False,Standard,data analyst,Australia,Mid,Not specified,Missing,0,,False,True,False,False,False,False,False,145394.73684210525,11.887214523446106
5682291864,044e65bda110140ca32afec0c8b51687e8fcacd2,1,False,Standard,data analyst,Australia,Mid,Not specified,Missing,0,,False,True,False,False,False,False,False,76973.68421052632,11.251231870290312
5678758946,ac7493ed36d364063148d4e0203b695b1258f8ab,1,False,Standard,data analyst,Australia,Mid,Not specified,Missing,0,,False,True,False,False,False,False,False,112210.52631578947,11.628140996881609
5696292183,ad860c75bcc792f3628cf5a72304861510975083,1,False,Standard,data analyst,Australia,Mid,Not specified,Missing,0,,False,True,False,False,False,False,False,94071.71052631579,11.45182327848004
5665854949,f92f21413dbefd3b29b397094855ea48640548de,1,False,Standard,data analyst,Australia,Mid,Not specified,Missing,0,,False,True,False,False,False,False,False,85526.31578947368,11.356591086818872
5652866261,1a9687962485e69ca30cc1befead40e83415805b,1,False,Standard,data analyst,Australia,Mid,Not specified,Missing,0,,False,True,False,False,False,False,False,77302.63157894737,11.255496213794707
5705624240,b989edf3e828f187e8f5048c7fb0ea85c08d72c4,1,True,Premium,data analyst,Australia,Senior,Not specified,Missing,0,,False,True,False,False,False,False,False,75657.8947368421,11.233990289791157
5683580726,7350581db795756ed722ea4150123cd39efb7219,1,False,Standard,data analyst,Australia,Mid,Not specified,Missing,0,,False,True,False,False,False,False,False,111526.31578947368,11.622024824537426
5686608390,da97eeaed98ba0a8cbb0e1f7e3d99cf40c9f7b0e,1,True,Premium,data analyst,Australia,Senior,Not specified,Missing,0,,False,True,False,False,False,False,False,153947.36842105264,11.944372555187051
5705535547,85bc7f36e704f5d7e52ee1edd0d8f2466ce0568b,1,False,Standard,data analyst,Australia,Mid,Not specified,Missing,0,,False,True,False,False,False,False,False,120817.76315789473,11.702046876576063
5695684380,b4f753824624503fc1402fb52d4cc1f3fbdf5fa3,1,False,Standard,data analyst,Australia,Mid,Not specified,Missing,0,,False,True,False,False,False,False,False,106627.96052631579,11.5771104285479
5664677512,f95dcd2d11b2db3515b142b06222bdfea486ad7a,1,False,Standard,data analyst,Australia,Mid,Not specified,Missing,0,,False,True,False,False,False,False,False,128279.6052631579,11.761975372093106
5706574323,9cf1f262c2de2b8c65f683f8070ba0b5a0fb22d8,1,False,Standard,data analyst,Australia,Mid,Not specified,Missing,0,,False,True,False,False,False,False,False,52631.57894736842,10.871090578617336
5707746534,22e3f6cede3d011d28b5c7d7392112ff5d002850,1,False,Standard,data analyst,Australia,Mid,Not specified,Missing,0,,False,True,False,False,False,False,False,88815.78947368421,11.394330981758255
5655944316,346fc08de05dc65c7508c3e2c3e426db71b9e141,1,False,Standard,data analyst,Australia,Mid,Not specified,Missing,0,,False,True,False,False,False,False,False,52631.57894736842,10.871090578617336
5679736925,2d95a306506daeb12d063292162b6c66441f6299,1,False,Standard,data analyst,Australia,Mid,Not specified,Missing,0,,False,True,False,False,False,False,False,72368.42105263157,11.189539128002716
5709843503,8ec29cb5f2b524754483953072917b63dbecbb4f,1,False,Standard,data analyst,Australia,Mid,Not specified,Missing,0,,False,True,False,False,False,False,False,103618.42105263157,11.548480053136721
5687625187,863d44e8f2d2239e3c120f0ced9273b05231a8eb,1,False,Standard,data engineer,Australia,Mid,Not specified,Missing,0,,False,True,False,False,False,False,False,72368.42105263157,11.189539128002716
5695047894,44ae3d2b0d5af09662cc4a6662905b51094dae22,1,False,Standard,data engineer,Australia,Mid,Not specified,Missing,1,,False,True,True,False,False,False,True,105263.15789473684,11.564228259312655
5684270722,c18252a7dd8990b45afc266b1bd3a78fc88001d5,1,False,Standard,data engineer,Australia,Mid,Not specified,Missing,0,,False,True,False,False,False,False,False,128289.47368421052,11.762052297529113
5681752290,5a569dcf05a6d97c39dde4dafa4371f0c435a451,1,False,Standard,data engineer,Australia,Mid,Not specified,Missing,0,,False,True,False,False,False,False,False,92105.26315789473,11.430698223817176
5681754453,04ca8fb93d30c1a86a97503f74ff29a544b2a340,1,False,Standard,data engineer,Australia,Mid,Not specified,Missing,0,,False,True,False,False,False,False,False,92105.26315789473,11.430698223817176
5681753524,84d1a33c275dd9e66320e33677f331a1527db020,1,False,Standard,data engineer,Australia,Mid,Not specified,Missing,0,,False,True,False,False,False,False,False,92105.26315789473,11.430698223817176
5700964956,59a3448ee54c2debc45f7514c88c94a5b1d4d7cf,1,False,Standard,data engineer,Australia,Mid,Not specified,Missing,1,,False,True,True,False,False,False,False,136842.1052631579,11.826590331490877
5709843490,de06bb9430db102014efaf8fa5e313c43e4fdc06,1,True,Premium,data engineer,Australia,Lead,Not specified,Missing,0,,False,True,False,False,False,False,False,196710.52631578947,12.189493601113757
5708842021,8d32adbf34bf664fd48453ccc3cdd0a84aec0613,1,True,Premium,data engineer,Australia,Senior,Not specified,Missing,0,,False,True,False,False,False,False,False,128289.47368421052,11.762052297529113
5705535640,dac0c378a63799728117d04a9bbe28815bd1afa7,1,True,Premium,data engineer,Australia,Senior,Not specified,Missing,1,,False,True,True,False,False,False,False,103618.42105263157,11.548480053136721
5686608838,baeb704e8a41669055e7c689111848182018fa65,1,True,Premium,data engineer,Australia,Senior,Not specified,Missing,0,,False,True,False,False,False,False,False,179605.26315789475,12.09852230705898
5709843007,96da49c76f1189ccbd68a4b9f32dc94a67031813,1,False,Standard,data engineer,Australia,Mid,Not specified,Missing,0,,False,True,False,False,False,False,False,98684.21052631579,11.499690371502199
5699394715,da9f2cde05c8f01a97fd75351e0035331aefeb6a,1,True,Premium,data engineer,Australia,Lead,Not specified,Missing,0,,False,True,False,False,False,False,False,121710.52631578947,11.70940898538474
5685862696,2064cc1331d2ee3b6a51006f3b8fdb8cec03eafa,1,False,Standard,data engineer,Australia,Mid,Not specified,Missing,1,,False,True,True,False,False,False,False,213815.7894736842,12.272874803365829
5683264264,a67e32184d898040ee5febea131eaa575e9833b5,1,False,Standard,data engineer,Australia,Mid,Not specified,Missing,0,,True,True,False,False,False,False,False,118421.05263157895,11.682010239422953
5650831614,7c5956939e747e33f0d5ebb9562526a5c0d96137,1,False,Standard,data engineer,Australia,Mid,Not specified,Missing,0,,False,True,False,False,False,False,False,145383.22368421053,11.88713533533507
5677772773,c61237c408258fa8aa5c45fb8e36c3160bce7c31,1,False,Standard,data engineer,Australia,Mid,Not specified,Missing,0,,False,True,False,False,False,False,False,98684.21052631579,11.499690371502199
5707713728,0c1533f176d23b82f56a7cdfd2b96ae7cafafd9b,1,False,Standard,data engineer,Australia,Mid,Not specified,Missing,0,,False,True,False,False,False,False,False,84224.01315789473,11.34124722449789
5686608482,f1b91d7f615128fa153b954f7c510e753c467a9b,1,True,Premium,data engineer,Australia,Senior,Not specified,Missing,0,,False,True,False,False,False,False,False,120065.78947368421,11.695803445878937
5686682304,6a22ffc5fb46832c1d3c2b7cbf5a045d744ec712,1,False,Standard,data engineer,Australia,Mid,Not specified,Missing,0,,False,True,False,False,False,False,False,85526.31578947368,11.356591086818872
5693964598,c55614b50c26b67bd8bbd76b431518c12a7cb19d,1,True,Premium,data engineer,Australia,Lead,Not specified,Missing,0,,False,True,False,False,False,False,False,138157.8947368421,11.836159712910463
5706640649,7254193007075a1cc6d84edd3cc2cc203ea8e506,1,False,Standard,data engineer,Australia,Mid,Not specified,Missing,0,,False,True,False,False,False,False,False,136842.1052631579,11.826590331490877
5684270880,2662c3542dbfa58d863e2140ddf94e35b4876643,1,False,Standard,data engineer,Australia,Mid,Not specified,Missing,0,,False,True,False,False,False,False,False,56578.94736842105,10.943409914639874
5698503799,de3e5bd05d3231de91d89554a3535fd2948da91d,1,False,Standard,machine learning engineer,Australia,Mid,Not specified,Missing,0,,False,True,False,False,False,False,False,101973.68421052632,11.532479867446728
5685863732,a8e194b89167ab3457b6f2308ec41e182d2d7d89,1,False,Standard,business analyst,Australia,Mid,Not specified,Missing,1,,False,True,True,False,True,False,False,69078.94736842105,11.143019770367173
5688818383,2395ae4c6cf9a7ebbaf44aee1aa369d2281b518a,1,False,Standard,business analyst,Australia,Mid,Not specified,Missing,0,,False,True,False,False,False,False,False,78947.36842105263,11.276549353492443
5707746562,8b1658e268a3bf4a4ea41f3b50ac243e06511fd0,1,False,Standard,business analyst,Australia,Mid,Not specified,Missing,0,,False,True,False,False,False,False,False,132565.7894736842,11.794841868906556
5699394435,4b83eb9761336a57dda7ceb88e07407dd1d9f210,1,False,Standard,business analyst,Australia,Mid,Not specified,Missing,0,,False,True,False,False,False,False,False,85526.31578947368,11.356591086818872
5702012059,dd2dc5fb353dea005f7273eab595ea0ccab4059b,1,False,Standard,business analyst,Australia,Mid,Not specified,Missing,0,,False,True,False,False,False,False,False,105263.15789473684,11.564228259312655
5698503998,bfab9657811b0a2f0de06a6418191e08f5c96f21,1,False,Standard,business analyst,Australia,Mid,Not specified,Missing,0,,False,True,False,False,False,False,False,145394.73684210525,11.887214523446106
5694172030,75fbaf1d48c62ddbf256c848624866d3c9e08e9c,1,False,Standard,business analyst,Australia,Mid,Not specified,Missing,0,,False,True,False,False,False,False,False,101973.68421052632,11.532479867446728
5702989853,5681e3e0200c0434e47e2936307537d1a113f949,1,False,Standard,business analyst,Australia,Mid,Not specified,Missing,0,,False,True,False,False,False,False,False,120817.76315789473,11.702046876576063
5688080705,0f123b973013a8d9626f8e8d3b7ac4a344b64aae,1,False,Standard,business analyst,Australia,Mid,Not specified,Missing,0,,False,True,False,False,False,False,False,80592.1052631579,11.297168382195018
5684270648,4cfce71d09fe20dca71e5f2a0c07e7d2027daa21,1,False,Standard,business analyst,Australia,Mid,Not specified,Missing,0,,False,True,False,False,False,False,False,72368.42105263157,11.189539128002716
5650854376,5c4f5eb6f7fad05bb2c6975d2d59ea0e8bd10e48,1,False,Standard,business analyst,Australia,Mid,Not specified,Missing,1,,False,True,True,False,False,False,False,136831.25,11.826511002000991
5650836100,8ac2996180b6d02a708708d9e6473313e59da967,1,False,Standard,business analyst,Australia,Mid,Not specified,Missing,0,,False,True,False,False,False,False,False,106250.0,11.573559498507079
5707702620,51918a4ec519b33727271330731fd1d15baa9768,1,False,Standard,business analyst,Australia,Mid,Not specified,Missing,0,,False,True,False,False,False,False,False,75657.8947368421,11.233990289791157
5655103340,c6d2d8104de7f7740ba44922d87d720ffc30375a,1,False,Standard,business analyst,Australia,Mid,Not specified,Missing,0,,False,True,False,False,False,False,False,55921.05263157895,10.931714082807323
5684035976,5a9a6e483af80274da1f4afb105ebb091cbaf72c,1,False,Standard,business analyst,Australia,Mid,Not specified,Missing,0,,False,True,False,False,False,False,False,55263.15789473684,10.919879838041645
5707907504,a128398cfd27720ea7dc75b22e815cad1784ecb4,1,False,Standard,business analyst,Australia,Mid,Not specified,Missing,0,,False,True,False,False,False,False,False,51485.19736842105,10.849069038466453
5700814607,ff783bdbb815ad8e306edeaf8f39265ca1b5b25c,1,False,Standard,business analyst,Australia,Mid,Not specified,Missing,0,,False,True,False,False,False,False,False,124013.15789473684,11.728151014639984
5708841987,725fa315e4694d6d81db7102468bba82f587a2a4,1,True,Premium,business analyst,Australia,Senior,Not specified,Missing,0,,False,True,False,False,False,False,False,158223.68421052632,11.971771353816116
5699837996,4a509e7c56c5cec28b686352c44ca6a0eeec145b,1,False,Standard,business analyst,Australia,Mid,Not specified,Missing,0,,False,True,False,False,False,False,False,55921.05263157895,10.931714082807323
5696177591,2351220d492bb9288d6480b051dfd4031604841f,1,False,Standard,business analyst,Australia,Mid,Not specified,Missing,0,,False,True,False,False,False,False,False,92105.26315789473,11.430698223817176
5688080632,cde1d927ef3174c546f04a0def075656c275a272,1,True,Premium,business analyst,Australia,Senior,Not specified,Missing,0,,False,True,False,False,False,False,False,141118.42105263157,11.857361768714002
5709843474,b2357984668de683f90eb7b5a3f9854891d07181,1,True,Premium,business analyst,Australia,Senior,Not specified,Missing,0,,False,True,False,False,False,False,False,153947.36842105264,11.944372555187051
5696177587,7708427c5ff6ce223dd5a3cd3d52396faa683e20,1,False,Standard,business analyst,Australia,Mid,Not specified,Missing,0,,False,True,False,False,False,False,False,64144.73684210526,11.068912911749825
5688080302,c42bc938352fbdc656fe9a559c28fd0e11fe40b2,1,False,Standard,business analyst,Australia,Mid,Not specified,Missing,0,,False,True,False,False,False,False,False,59210.52631578947,10.98887150320049
5709107932,b362e660929abae8185f4f9d240700d522bfd726,1,False,Standard,business analyst,Australia,Mid,Not specified,Missing,0,,False,True,False,False,False,False,False,141118.42105263157,11.857361768714002
5699396292,d8aba7ee621408af514b387cde6252bc2a4fb5e2,1,False,Standard,business analyst,Australia,Mid,Not specified,Missing,0,,False,True,False,False,False,False,False,171052.63157894736,12.049732421276238
5688818698,cfd2e47e373db5b33a9e4d229a0ff17c1ed63891,1,True,Premium,business analyst,Australia,Senior,Not specified,Missing,0,,False,True,False,False,False,False,False,148026.31578947368,11.905152101861109
5686797640,e27234f85772eccda87b519d6ddb0b04484e1852,1,True,Premium,business analyst,Australia,Senior,Not specified,Missing,0,,False,True,False,False,False,False,False,158223.68421052632,11.971771353816116
5678859949,3829e3492e108693b03dc4fff5b3a07d7195d2ac,1,False,Standard,business analyst,Australia,Mid,Not specified,Missing,0,,False,True,False,False,False,False,False,95394.73684210527,11.465789169248204
5708841669,355656d14136e0e8f155323eba291a6cf873052f,1,True,Premium,business analyst,Australia,Senior,Not specified,Missing,0,,False,True,False,False,False,False,False,141118.42105263157,11.857361768714002
5704006507,623d7d1bfd986cae4c0ab5255f1860cb0f762e16,1,True,Premium,business analyst,Australia,Senior,Not specified,Missing,0,,False,True,False,False,False,False,False,105263.15789473684,11.564228259312655
5678758973,ada658cb4ed667ac2af9dc7ddd629cf4be77c2f5,1,False,Standard,business analyst,Australia,Mid,Not specified,Missing,0,,False,True,False,False,False,False,False,145394.73684210525,11.887214523446106
5650847038,c0ee46e1f79189bcd8100182c5aedd1627f36cbc,1,False,Standard,business analyst,Australia,Mid,Not specified,Missing,0,,False,True,False,False,False,False,False,42763.15789473684,10.663455598361558
5709278024,c4532dc71774cdeaf1d2d065c05b070e5cc14b53,1,False,Standard,business analyst,Australia,Mid,Not specified,Missing,0,,False,True,False,False,False,False,False,141107.56578947368,11.857284843223482
5684755981,35dfe1eddcfb95185ce88d9ab9a75dec3b7890bb,1,False,Standard,business analyst,Australia,Mid,Not specified,Missing,1,,False,True,True,False,False,False,False,150514.47368421053,11.921821173063428
