job_id,posting_fingerprint,duplicate_group_size,is_senior,salary_segment,search_keyword,country,job_level,degree_required,experience_tier,num_skills,experience_required_clean,is_remote,experience_missing,skills_extracted,skill_python,skill_sql,skill_spark,skill_aws
5710345523,b482d2b219aae2317853d227e61d167fc16bab10,1,False,Standard,data scientist,India,Mid,Not specified,6-10 years,0,8.0,False,False,False,False,False,False,False
5676535670,84c1f6adcd85273e43cb95139d2832995d2eefec,1,False,Standard,data scientist,India,Mid,Not specified,Missing,0,,False,True,False,False,False,False,False
5705677339,0193dffe0f485c84d4275ddac26af83157463031,1,False,Standard,data scientist,India,Mid,Not specified,Missing,1,,False,True,True,False,False,False,False
5689758521,fe6686c219cbb9ec40f05f412c6fc6433a60dc2e,1,False,Standard,data scientist,India,Mid,Not specified,6-10 years,0,10.0,False,False,False,False,False,False,False
5709942304,55e33bacd135bcecbf6bef6fb3df1b6b928ef0f6,1,False,Standard,data scientist,India,Mid,Not specified,3-5 years,1,4.0,False,False,True,False,False,False,False
5694092160,b855b1a7fc51cb8a9fa00a1178151436edf049a6,1,False,Standard,data scientist,India,Mid,Not specified,Missing,0,,False,True,False,False,False,False,False
5683837241,cf558370852ed494e81f68a2ddb30443392ce488,1,False,Standard,data scientist,India,Mid,Not specified,Missing,0,,False,True,False,False,False,False,False
5694091986,57889e53879fa65f88b62cca2c87b66ced683588,1,False,Standard,data scientist,India,Mid,PhD,3-5 years,1,3.0,False,False,True,True,False,False,False
5710339532,8f1be832017eae5fa7f2731df690b58b33a0a9d8,1,False,Standard,data scientist,India,Mid,Not specified,11+ years,3,18.0,False,False,True,True,False,True,True
5707162037,9d0db3508da5acd3e38ccfa9abf3e735a042655a,1,False,Standard,data scientist,India,Mid,Not specified,Missing,3,,False,True,True,True,True,True,False
5687248123,c4832cc9a74f724975c6af3401d07bcf0cbf3408,1,False,Standard,data scientist,India,Mid,Not specified,6-10 years,0,10.0,False,False,False,False,False,False,False
5683836437,a10f7d0fa5d924efcaea14bbe0e67e5ef3c3a12b,1,False,Standard,data scientist,India,Mid,Master,6-10 years,0,6.0,False,False,False,False,False,False,False
5699974316,9a6c46c53d6babf7fb2cb631912ed5e03b2a1c33,1,False,Standard,data scientist,India,Mid,Not specified,6-10 years,1,6.0,False,False,True,False,False,False,False
5707162149,a434f4c15def2c96d66cb6279cec5fe33b109e3c,1,False,Standard,data scientist,India,Mid,Not specified,3-5 years,1,5.0,False,False,True,False,False,False,False
5699980499,778f0cc22372b300e9ee90efbbf0c54b0a73d1da,1,False,Standard,data scientist,India,Mid,Not specified,6-10 years,0,8.0,False,False,False,False,False,False,False
5699982160,e1548f4e6a4c42ad7742d84a095abac9b5e4f29b,1,False,Standard,data scientist,India,Mid,Not specified,Missing,3,,False,True,True,True,False,False,True
5688078796,a6f21132e4a5d6ea5cc5b93a33db195643b51535,1,False,Standard,data scientist,India,Mid,Not specified,Missing,0,,False,True,False,False,False,False,False
5699972391,a8ab49ead634dd0a45db8d8cbfd178d3e675d53e,1,False,Standard,data scientist,India,Mid,Not specified,6-10 years,1,6.0,False,False,True,True,False,False,False
5694091518,b399b26601679d95f741b12f8cc5cc4511260276,1,False,Standard,data scientist,India,Mid,Not specified,Missing,0,,False,True,False,False,False,False,False
5710344489,804171b56ba29ddeae9b664497c745661a9fcd13,1,False,Standard,data scientist,India,Mid,Not specified,3-5 years,1,5.0,False,False,True,False,False,False,False
5709942695,68f10a9bed4fd8ac317d580797e7311e2198bd3f,1,False,Standard,data scientist,India,Mid,Master,6-10 years,1,8.0,False,False,True,False,False,False,False
5704493026,a594228406ea6088c32279faf104b6db58e8d6f3,1,False,Standard,data scientist,India,Mid,Not specified,Missing,0,,False,True,False,False,False,False,False
5709941910,b2a03ea30bccaba494f8a66eb502046ee908d3bb,1,False,Standard,data scientist,India,Mid,Not specified,6-10 years,0,8.0,False,False,False,False,False,False,False
5709939904,afa86fa88d5c6278d98ea19034ef4f825ed40ef1,1,False,Standard,data scientist,India,Mid,Not specified,6-10 years,1,7.0,False,False,True,False,False,False,False
5709944568,19f3a1fb75b96e201797647b22022106d00edff4,1,False,Standard,data scientist,India,Mid,Not specified,Missing,0,,False,True,False,False,False,False,False
5708301333,6faf944374ad79d197dae7b1d5da44b3811ba4f1,1,False,Standard,data scientist,India,Mid,Not specified,Missing,1,,False,True,True,False,False,False,False
5699972559,6453c2fd128ce69a9ea0e63cffd60541b710d20f,1,False,Standard,data scientist,India,Mid,Not specified,Missing,1,,False,True,True,False,False,False,False
5699705858,6e5a339153ec0fa95f5bbd6ba0d39dfa70f76342,1,False,Standard,data scientist,India,Mid,Not specified,Missing,0,,False,True,False,False,False,False,False
5683836293,226090254758e2708bb1c962c202087f3c74520c,1,False,Standard,data scientist,India,Mid,Not specified,11+ years,1,12.0,False,False,True,False,False,False,False
5711045554,b496070e15adc6359ba68c6b8d93bfc2afa33233,1,False,Standard,data scientist,India,Mid,Not specified,3-5 years,5,5.0,True,False,True,True,True,False,False
5690363230,078ced365726782c0936289456a08291c920f30d,1,False,Standard,data scientist,India,Mid,Not specified,3-5 years,1,5.0,False,False,True,False,False,False,False
5710346057,1487e86c536b642068f4b6be765ee4e4793d30d6,1,False,Standard,data scientist,India,Mid,Not specified,Missing,2,,False,True,True,False,False,False,False
5711043780,0474f2bca80c21d305ec1ddebc23a4466d33273a,1,False,Standard,data scientist,India,Mid,Not specified,6-10 years,3,7.0,False,False,True,True,True,False,True
5707162315,b9e41a3d275b59306a2d315fa59e5ca3e6a19b85,1,False,Standard,data scientist,India,Mid,Not specified,3-5 years,2,5.0,False,False,True,True,False,False,False
5687247314,1e6f7f76559b4f13fc8ef890562426d5d2336cfe,1,False,Standard,data scientist,India,Mid,Not specified,Missing,0,,False,True,False,False,False,False,False
5707159325,2641c4f6afd2c2283dbc73a1acfe7cf927b814d4,1,False,Standard,data scientist,India,Mid,Not specified,Missing,1,,False,True,True,False,False,False,False
5678811756,b81218b5a54ec8c91687e840e95b1301d8c2f3c5,1,False,Standard,data scientist,India,Mid,Not specified,Missing,0,,False,True,False,False,False,False,False
5699982221,cef047280ea45305da9147e0e8b82dad3b756048,1,False,Standard,data scientist,India,Mid,Not specified,Missing,0,,False,True,False,False,False,False,False
5711046093,66c7c2c047add7599ba1309da8ad02afadf91211,2,False,Standard,data scientist,India,Mid,Not specified,3-5 years,4,5.0,False,False,True,True,True,False,False
5707160340,05e74addde27f7db640c4ed7cdc7254bd7e159fc,1,False,Standard,data scientist,India,Mid,Not specified,Missing,1,,False,True,True,False,False,False,False
5701275788,b33e6b98ed3829069438f73cb6e0e7ab8f926de6,1,False,Standard,data scientist,India,Mid,Not specified,11+ years,1,12.0,False,False,True,True,False,False,False
5705681798,32efb53912ad26c1880208a12546f0f4d5da04bc,1,False,Standard,data scientist,India,Mid,Not specified,3-5 years,1,5.0,False,False,True,False,False,False,False
5643596426,4b5372e168374970f35caa2a2d019d8a86300796,1,False,Standard,data scientist,India,Mid,Not specified,Missing,2,,False,True,True,False,False,True,True
5693749965,ba89f50e2637d4897dfb86ec6c4c940f7501fafc,1,False,Standard,data scientist,India,Mid,Not specified,Missing,0,,True,True,False,False,False,False,False
5704483190,216bcd0e6dc10769b4d00d182143034c10c5c6be,1,False,Standard,data scientist,India,Mid,Not specified,Missing,1,,False,True,True,False,False,False,False
5711044274,5e7856c169b448a13cedb5d0f33152469565044e,1,False,Standard,data scientist,India,Mid,Not specified,11+ years,0,14.0,False,False,False,False,False,False,False
5699705517,cebeb8736cd564ce844047b7a647d40d31bfee1c,1,False,Standard,data scientist,India,Mid,Not specified,Missing,1,,False,True,True,True,False,False,False
5711045023,66c7c2c047add7599ba1309da8ad02afadf91211,2,False,Standard,data scientist,India,Mid,Not specified,3-5 years,4,5.0,False,False,True,True,True,False,False
5685310930,e33e1aac5b849be5a9219bf06c3ef76f299ab386,1,False,Standard,data scientist,India,Mid,Not specified,Missing,0,,False,True,False,False,False,False,False
5694090856,388a3be6aeb6b6aacc8a8cab766bba34e328f57a,1,False,Standard,data scientist,India,Mid,Not specified,3-5 years,0,5.0,False,False,False,False,False,False,False
5694090699,4a34a595ba4d741cfb514e65d80a01dc92f5271e,1,False,Standard,data scientist,India,Mid,Not specified,Missing,0,,False,True,False,False,False,False,False
5659386866,0f4e429d1e6eaf213e9ade3d43f1a5e66006323e,1,False,Standard,data scientist,India,Mid,Not specified,Missing,0,,False,True,False,False,False,False,False
5690365227,37d3130128df5c2f83bb570bf91c66ec8388b595,1,False,Standard,data scientist,India,Mid,Not specified,Missing,0,,False,True,False,False,False,False,False
5697210103,48194b61d061d5e629b1117810fc070857380236,1,False,Standard,data scientist,India,Mid,Not specified,Missing,0,,False,True,False,False,False,False,False
5697518230,0d7c7de16839976d6ffb573a40debecacde04a0f,1,False,Standard,data scientist,India,Mid,Not specified,6-10 years,1,10.0,False,False,True,False,False,False,False
5702487038,0e7a97631bcb5e9bb1477f50bc4b2ec2364bd8be,1,False,Standard,data scientist,India,Mid,Not specified,Missing,0,,False,True,False,False,False,False,False
5681943334,e7f1e92bdc2440a6823a1b039d14a25e94dcdc2d,1,False,Standard,data scientist,India,Mid,Not specified,3-5 years,0,4.0,False,False,False,False,False,False,False
5693751398,f2ea34fe445869f883d76fd9aa3caabe7d2a7b60,1,False,Standard,data scientist,India,Mid,Not specified,Missing,0,,True,True,False,False,False,False,False
5702489614,c201afac4d89ff4e5098db39c59a34f080765ed3,1,False,Standard,data scientist,India,Mid,Not specified,Missing,0,,False,True,False,False,False,False,False
5702489254,870b8b4fb11b4d920cb353d5f7ebcb66f7af9e57,1,False,Standard,data scientist,India,Mid,Not specified,6-10 years,0,7.0,False,False,False,False,False,False,False
5703566173,0141fb5aa71dc28149d38223c5a8c1b4829e6ecb,1,False,Standard,data scientist,India,Mid,Not specified,Missing,0,,False,True,False,False,False,False,False
5707159057,658a8e1f561940976cdccd25da464be5c0fbe876,1,False,Standard,data scientist,India,Mid,Not specified,6-10 years,0,8.0,False,False,False,False,False,False,False
5682621816,495365e544501c530b049e08c95b650d408804b9,1,False,Standard,data scientist,India,Mid,Not specified,6-10 years,3,6.0,False,False,True,True,True,False,False
5694092227,a94af0a54416a0233d778e231868dd7e5511b63d,1,False,Standard,data scientist,India,Mid,Not specified,Missing,4,,False,True,True,True,True,True,True
5709943793,628b61869d64ce53a4d5e133ff69ce625f2248cf,1,False,Standard,data scientist,India,Mid,Not specified,3-5 years,2,4.0,False,False,True,True,False,False,False
5701275850,b646f021e64c93a2599f4920387ce7f396d86c13,1,False,Standard,data scientist,India,Mid,Not specified,6-10 years,2,7.0,False,False,True,True,False,False,True
5711043663,8ffd917d79d37ca7f0288cd82250446c0b9a7579,1,False,Standard,data scientist,India,Mid,Not specified,Missing,2,,True,True,True,True,False,False,False
5709943370,6fa52abc744de039ddc49e2991fef53500f961e0,1,True,Premium,data scientist,India,Lead,Not specified,Missing,0,,False,True,False,False,False,False,False
5708450466,30797098418cc65f0c8d50fa68d8a9c5a639fbba,1,False,Standard,data scientist,India,Mid,Not specified,Missing,1,,False,True,True,False,False,False,False
5688081013,529523a7048d01a155db1fb424cf7ed4ed5866c9,1,False,Standard,data scientist,India,Mid,Not specified,11+ years,0,15.0,False,False,False,False,False,False,False
5708449219,da3457dd5088ae043281afdba67452350eb0b242,1,False,Standard,data scientist,India,Mid,Not specified,Missing,0,,False,True,False,False,False,False,False
5707161870,f31318f776e28c70b4090f8e591fac0e787afe4f,1,True,Premium,data scientist,India,Lead,Not specified,Missing,1,,False,True,True,False,False,False,False
5705680679,be1ae83add3ca6c7c3fc31d578711240c6551a04,1,False,Standard,data scientist,India,Mid,Not specified,Missing,1,,False,True,True,False,False,False,False
5707161584,b80fbc0eb8901157156623a6a584f4d8b4258869,1,True,Premium,data scientist,India,Lead,Not specified,6-10 years,0,7.0,False,False,False,False,False,False,False
5681940258,2b51e5783ffc0f8d0b6a2440599a84053b5d0877,1,True,Premium,data scientist,India,Senior,Not specified,Missing,0,,False,True,False,False,False,False,False
5709942114,0a352c8230bf857170d7d320202bd45b4681b08f,1,False,Standard,data scientist,India,Mid,Not specified,6-10 years,0,10.0,False,False,False,False,False,False,False
5681941263,e94839155152b8f485971cb5a377e2cd8c645621,1,True,Premium,data scientist,India,Lead,Not specified,Missing,1,,False,True,True,False,False,False,False
5709941978,25753bd63e5a3b38ab67832892290ff7d461e8da,1,True,Premium,data scientist,India,Senior,Not specified,6-10 years,1,6.0,False,False,True,False,False,False,False
5703564100,ff7e26e19f6002adb0f6196612d3a6ffb931a1fd,1,True,Premium,data scientist,India,Lead,Not specified,Missing,0,,False,True,False,False,False,False,False
5707161609,9f0c2b440949376e9603e92a373ab5c848412642,1,True,Premium,data scientist,India,Senior,Not specified,Missing,0,,False,True,False,False,False,False,False
5697208457,9ef02c4d2a7acd41939932be8dd2efd0c16753e8,1,True,Premium,data scientist,India,Senior,Not specified,6-10 years,0,6.0,False,False,False,False,False,False,False
5688079467,5a6f2c363543f68220412745868aaabb4b25b506,1,True,Premium,data scientist,India,Senior,Not specified,6-10 years,0,10.0,True,False,False,False,False,False,False
5701281190,a278d92f3bb50d34361194694b69a0d1c878fcae,1,True,Premium,data scientist,India,Lead,Not specified,Missing,0,,False,True,False,False,False,False,False
5699974873,6a4b703ca733f19d58184d2ab61afca94455a23e,1,False,Standard,data scientist,India,Mid,Not specified,Missing,0,,False,True,False,False,False,False,False
5709942779,d312e384798604a6086bfbc7dafdfe78e3fee4d8,1,False,Standard,data scientist,India,Mid,Not specified,Missing,0,,False,True,False,False,False,False,False
5707161682,280ea7e71b9ce801cd0f9fe103f5095d1d7cbf49,1,True,Premium,data scientist,India,Senior,Not specified,3-5 years,0,3.0,False,False,False,False,False,False,False
5632723021,e16f9ab5da8b6cdca38432ddbf9a560408b1fbf3,1,True,Premium,data scientist,India,Senior,Not specified,Missing,1,,False,True,True,False,False,False,False
5634430231,17e600d722bd58d2078742d8e4fba059f12f60d8,1,True,Premium,data scientist,India,Senior,Not specified,Missing,0,,False,True,False,False,False,False,False
5701280832,46da4b9bbf645d6aeb1d5965576c5ae304c64956,1,False,Standard,data scientist,India,Mid,Not specified,3-5 years,2,4.0,False,False,True,True,True,False,False
5697206974,d7093591cee107c3edccdb7ded47d48b41bf3ac4,1,True,Premium,data scientist,India,Senior,Not specified,Missing,0,,False,True,False,False,False,False,False
5702487110,fbfdacb6dde2e3d89579bb6dc5742575f3dbb190,1,True,Premium,data scientist,India,Senior,Not specified,Missing,1,,False,True,True,False,False,False,False
5711045907,84d26050f7fed10a1fb3ee8bf98fdc8ae51c03ca,1,True,Premium,data scientist,India,Senior,Not specified,6-10 years,2,10.0,False,False,True,True,True,False,False
5699704455,bcee0c1fcd1151ec865055c781c522d2188cd445,1,True,Premium,data scientist,India,Senior,Not specified,Missing,1,,False,True,True,False,False,False,False
5701278852,742d9afb9dcfd839fc80a0b0dcc837ba5bf39cde,1,True,Premium,data scientist,India,Senior,Not specified,6-10 years,0,6.0,False,False,False,False,False,False,False
5711045328,cf4d19bfe56abbb3e60bee0aea2d80ac27a3e6da,1,True,Premium,data scientist,India,Senior,Not specified,11+ years,3,12.0,False,False,True,True,True,False,False
5693749113,687405a1e10599327d8e562a3018058d2ce00ce5,1,True,Premium,data scientist,India,Lead,Bachelor,Missing,0,,False,True,False,False,False,False,False
5687248683,7c6f96c844fea8526e5c52fec3b0de4d9754cc48,1,True,Premium,data scientist,India,Senior,Not specified,Missing,0,,False,True,False,False,False,False,False
5704492336,e56ce18a1a9afcdb6fd6cbf28bbbd6ad42216960,1,True,Premium,data scientist,India,Senior,Not specified,6-10 years,1,10.0,False,False,True,False,False,False,False
5646870958,289318d2488603b245cd50ddd1322b3e26ecc274,1,True,Premium,data scientist,India,Senior,Not specified,Missing,1,,False,True,True,True,False,False,False
5697518482,4fcd6c196102b2dc2f93e5c29e21fdebaafaab25,1,False,Standard,data scientist,India,Mid,Not specified,6-10 years,1,9.0,False,False,True,False,False,False,False
5680963874,6ff5c853d98d7f604497c46e499121f3fc3ffc59,1,False,Standard,data scientist,India,Mid,Not specified,11+ years,0,30.0,False,False,False,False,False,False,False
5703565068,286a2825085131f940070e2fa7604e8a5b244376,1,True,Premium,data scientist,India,Lead,Not specified,11+ years,1,13.0,False,False,True,False,False,False,False
5711045079,3f56bd6f2445736aeacf9128f0c940442eda0cb7,1,False,Standard,data scientist,India,Mid,Not specified,Missing,0,,False,True,False,False,False,False,False
5705215802,e13ad58b8467c627de2936863df40c852a893224,1,False,Standard,data scientist,India,Junior,Not specified,3-5 years,4,5.0,False,False,True,True,True,True,False
5701283246,b8541945b810382c49cdd42162fe650f91a8e194,1,True,Premium,data scientist,India,Lead,Not specified,Missing,0,,False,True,False,False,False,False,False
5687248505,037d2a3994c73605f488026a8d2a55c1b80a4566,1,False,Standard,data scientist,India,Mid,Not specified,6-10 years,0,10.0,False,False,False,False,False,False,False
5694090970,44dba081efd85f22ee20738054e874b6f2503c58,1,True,Premium,data scientist,India,Senior,Not specified,Missing,0,,False,True,False,False,False,False,False
5526832416,d351495e4b27eb78a93e60b7284a77babaf491ac,1,False,Standard,data scientist,India,Mid,Not specified,Missing,1,,False,True,True,False,False,False,False
5709938930,c79a8902281e38f76d60b4d9c63f666fafe189cd,1,True,Premium,data scientist,India,Senior,PhD,6-10 years,1,10.0,False,False,True,False,False,False,False
5693751240,d690dada0bf3e17fda568d7fdea2b2a1b8555164,1,True,Premium,data scientist,India,Senior,Not specified,Missing,0,,False,True,False,False,False,False,False
5573047572,a45f9caa5f93db28564e660a0de479e3d9e78cb8,1,False,Standard,data scientist,India,Mid,Not specified,Missing,0,,False,True,False,False,False,False,False
5702487423,ab32cff9204268078e2ee36ceab0504ef582ee42,1,True,Premium,data scientist,India,Senior,Not specified,Missing,0,,False,True,False,False,False,False,False
5711045943,49a959a35f3dc3f514854ce865cf9903a4d4c188,1,False,Standard,data scientist,India,Mid,Not specified,Missing,1,,False,True,True,False,False,False,False
5699704217,43d62b623e9abe784a94368810e0f94bca261703,1,False,Standard,data scientist,India,Mid,Not specified,Missing,0,,False,True,False,False,False,False,False
5697518932,f3fa595cd8f1738ac139cb9c8d4bb55a667158df,1,True,Premium,data scientist,India,Senior,Not specified,11+ years,1,15.0,False,False,True,False,False,False,False
5709944547,6c48190199b72b9c142ac243e4f314e43ab93779,1,True,Premium,data scientist,India,Senior,Not specified,Missing,0,,False,True,False,False,False,False,False
5685302097,cc2e2e24448153cfd73fe5143b142bce5de90a12,1,True,Premium,data scientist,India,Senior,Not specified,Missing,0,,False,True,False,False,False,False,False
5703562268,30edaf7b231fee46c21691d9b0f79a30907c64f9,1,True,Premium,data scientist,India,Senior,Not specified,Missing,0,,False,True,False,False,False,False,False
5702487857,ad64ce4161e235163dd7c5c9ea4dfb364ecb3ff7,1,True,Premium,data scientist,India,Lead,Not specified,6-10 years,0,8.0,False,False,False,False,False,False,False
5653910442,d3a0a9814a45a9212dcc892a79e654e48a5007b2,1,False,Standard,data scientist,India,Mid,Not specified,Missing,1,,False,True,True,False,False,False,False
5699972675,c45b3941aa21c6a02e5257bc7eb6be9e6e4cb798,1,True,Premium,data scientist,India,Senior,Not specified,Missing,1,,False,True,True,False,False,False,False
5657083900,4246e923521954ed021d9234e2bd74d211489f83,1,True,Premium,data scientist,India,Lead,Master,3-5 years,0,3.0,False,False,False,False,False,False,False
5711045868,78536ec3c7a21b5e212ac3cf23a343aed761afea,1,True,Premium,data scientist,India,Lead,Not specified,Missing,0,,False,True,False,False,False,False,False
5694092486,0a251403b5f86343e00d152c94dad270d1db3a3d,1,False,Standard,data scientist,India,Mid,Not specified,Missing,0,,False,True,False,False,False,False,False
5685304010,881ac2dd0894fb117da14901ee1b9dd7aaee24f2,1,True,Premium,data scientist,India,Senior,Not specified,Missing,0,,False,True,False,False,False,False,False
5693485099,399bb6e3a0737cc2ec2f6cb2bfbebffb0e1a6309,1,True,Premium,data scientist,India,Senior,Not specified,6-10 years,0,10.0,False,False,False,False,False,False,False
5697518267,11555bd92a1f3d5099badb795d7b1b2f16ad19c6,1,True,Premium,data scientist,India,Lead,Not specified,Missing,0,,False,True,False,False,False,False,False
5689758312,0fc1a8a19f207d2487a2d3c1d2f3c6148f4b4923,1,True,Premium,data scientist,India,Senior,PhD,3-5 years,1,3.0,False,False,True,False,False,False,False
5703568942,4da9acbe9bdfff3a85c0fed1445df7ca9f9606b7,1,True,Premium,data scientist,India,Senior,Not specified,Missing,1,,False,True,True,False,False,False,False
5711045494,40e9963ac37a2c5e244199e006456a876b0a51b6,1,False,Standard,data scientist,India,Mid,Not specified,Missing,0,,False,True,False,False,False,False,False
5707162075,19a6afede3450797838596e5ca029c0ce49136aa,1,True,Premium,data scientist,India,Senior,Not specified,Missing,0,,False,True,False,False,False,False,False
5689758612,ed2346f72a2fd824c871d600fa0f9b3f737f63fa,1,True,Premium,data scientist,India,Lead,Not specified,Missing,0,,False,True,False,False,False,False,False
5688078632,1198cab2e4c41708e0c37c925dfd3ea6b07f752d,1,True,Premium,data scientist,India,Senior,Not specified,Missing,1,,False,True,True,False,False,False,False
5694092822,309558161dbe3064fa63f749343490b779f9c61a,1,False,Standard,data scientist,India,Mid,Not specified,Missing,0,,False,True,False,False,False,False,False
5710346690,20168481a3c97d042c104c7f0f68d05cef8d556e,1,True,Premium,data scientist,India,Senior,Not specified,Missing,0,,False,True,False,False,False,False,False
5697209330,67bc11bad8bbc3954fa0ac244f37b098d30b8276,1,True,Premium,data scientist,India,Senior,Not specified,Missing,0,,False,True,False,False,False,False,False
5681943153,f274d1df1bd33a84bfb8180e8b996fab620b923a,1,False,Standard,data scientist,India,Mid,Not specified,Missing,1,,False,True,True,True,False,False,False
5694092749,e9d637674ca24631dc4d372db7cf1756cf4dc27e,1,True,Premium,data scientist,India,Lead,Not specified,Missing,0,,False,True,False,False,False,False,False
5689758276,ecabe543b9438775a754f78f13a719e932c842dd,1,True,Premium,data scientist,India,Lead,Not specified,Missing,0,,False,True,False,False,False,False,False
5709941828,a18040834d5df7fbe275149e81664532f2f83944,1,True,Premium,data scientist,India,Senior,Not specified,6-10 years,1,7.0,True,False,True,True,False,False,False
5657086849,1fcd5662c73a19b4a02396e2529a21a3523fa405,1,True,Premium,data scientist,India,Lead,Not specified,Missing,0,,False,True,False,False,False,False,False
5701283197,bd872390037b9efb7d0f581361c28072de660514,1,False,Standard,data scientist,India,Mid,Not specified,Missing,1,,False,True,True,False,False,False,False
5685321026,d6c3a1b1614df9bb40f27df85f21215b45006698,1,True,Premium,data scientist,India,Lead,Not specified,Missing,0,,False,True,False,False,False,False,False
5697209109,97cf23389848ccc83f67f1c4659dc8efb95ee4cc,1,True,Premium,data scientist,India,Senior,Not specified,Missing,0,,False,True,False,False,False,False,False
5709943147,444a3ae6eec11431f2312f0bd25537477de992e7,1,True,Premium,data scientist,India,Senior,Not specified,Missing,2,,False,True,True,False,False,False,False
5711043834,b9823bdb7b29ef232a4d99604401ca970f272620,1,False,Standard,data scientist,India,Mid,Not specified,Missing,0,,False,True,False,False,False,False,False
5711044773,9ad8549163668efcfce2359a31712876e4deab1c,1,False,Standard,data scientist,India,Mid,Not specified,Missing,0,,False,True,False,False,False,False,False
5711045849,f2b88c5757d213b1e4376d1c2d70f8e4d095e1ed,1,False,Standard,data scientist,India,Mid,Not specified,Missing,0,,False,True,False,False,False,False,False
5711043938,de5d68cc9c40ef92f0f947c9b01119866002c20f,1,False,Standard,data scientist,India,Mid,Not specified,Missing,0,,False,True,False,False,False,False,False
5711043939,89f0da3e493f95b5c5101963b4806ca381b758bf,1,False,Standard,data scientist,India,Mid,Not specified,Missing,0,,False,True,False,False,False,False,False
5711044245,aa58c3d3d4c213cb9a7df7b1c7b42cdbd22d2d65,1,False,Standard,data scientist,India,Mid,Not specified,Missing,0,,False,True,False,False,False,False,False
5711045041,5219b33a331f5d6a425d049c2b98754e66231d61,1,False,Standard,data scientist,India,Mid,Not specified,Missing,0,,False,True,False,False,False,False,False
5677688105,45699190169a9503f57530a07d1bd450c72aa718,1,True,Premium,data scientist,India,Senior,Not specified,3-5 years,0,3.0,False,False,False,False,False,False,False
5697518874,32228a754d1a7f47d890fa2d2d8eb1fbf660496d,1,False,Standard,data scientist,India,Mid,Not specified,Missing,0,,False,True,False,False,False,False,False
5687247483,2fb04c81467c2c451714fcb740519fbae4d064a8,1,False,Standard,data scientist,India,Mid,Not specified,3-5 years,1,5.0,False,False,True,False,False,False,False
5661638775,987340de1021dfb9d5b23aaba6f3cc8d9203a850,1,False,Standard,data scientist,India,Mid,Not specified,Missing,1,,False,True,True,False,False,False,False
5707160657,0b3954b26b2f9fe68e692e90953faf2531fab4c4,1,True,Premium,data scientist,India,Senior,Not specified,Missing,0,,False,True,False,False,False,False,False
5694466278,55bcd02f13ff5af99ef09953ce637a3e5be3bf00,1,False,Standard,data scientist,India,Mid,Not specified,Missing,1,,False,True,True,False,False,False,False
5704655789,bd5feff7ee5c4bd39533ab2c524eaa0d8ec645ea,1,True,Premium,data scientist,India,Senior,Not specified,Missing,1,,False,True,True,False,False,False,False
5653910563,c0a2e33bbb1963c9a3a416877b1d73e171e17906,1,False,Standard,data scientist,India,Mid,Not specified,Missing,0,,False,True,False,False,False,False,False
5685913019,902d7cf7d1513f59392a8952982639404247e333,1,False,Standard,data scientist,India,Mid,Not specified,Missing,0,,False,True,False,False,False,False,False
5699704949,873d61ef82c3afec7befcb669941dcf80c814ff5,1,True,Premium,data scientist,India,Senior,Not specified,Missing,0,,False,True,False,False,False,False,False
5703566686,5e30cd8e1c259e87fa35eabe202fba1db927c2b8,1,False,Standard,data scientist,India,Mid,Not specified,6-10 years,0,6.0,False,False,False,False,False,False,False
5703563950,03c4ebb686df4225a73bbaa8fc30234aea5b7d08,1,False,Standard,data scientist,India,Mid,Not specified,3-5 years,0,3.0,False,False,False,False,False,False,False
5659849766,d9826018b13e4e8d239074f13492e616250c657f,1,True,Premium,data scientist,India,Senior,Not specified,Missing,0,,False,True,False,False,False,False,False
5709938856,035ba53cd52d2a5c2873c1717b3545ff4c4e82bd,1,True,Premium,data scientist,India,Senior,Not specified,Missing,0,,False,True,False,False,False,False,False
5707160575,22872dc784e09704ba977ea202b70013229c02ee,1,False,Standard,data scientist,India,Mid,Not specified,6-10 years,0,10.0,False,False,False,False,False,False,False
5694091760,2d2c0dc2dec81aacf97bbf6be03815e44db4cf04,1,False,Standard,data scientist,India,Mid,Not specified,6-10 years,0,10.0,False,False,False,False,False,False,False
5627769646,810ad834eb7f9673e4a795b530d2d0c2a97124fa,1,False,Standard,data scientist,India,Mid,Not specified,Missing,2,,False,True,True,True,True,False,False
5708302985,6ce87d4524ba205d9b8ecb05cb347853fdf59f86,1,True,Premium,data scientist,India,Senior,Not specified,Missing,0,,False,True,False,False,False,False,False
5680962687,99d4c27eda4b0a55e5aad858d3328c54c8082e25,1,True,Premium,data scientist,India,Lead,Not specified,Missing,1,,False,True,True,False,False,False,False
5709938966,7c5f61c3fcf93a087de6313d3ba1e5595fea7a0c,1,True,Premium,data scientist,India,Lead,Not specified,Missing,0,,False,True,False,False,False,False,False
5697210417,f042152535cba36620c8b0b7e26fba7c394c66aa,1,True,Premium,data scientist,India,Lead,Not specified,Missing,1,,False,True,True,False,False,False,False
5699972381,03a0ba88a2567ae4d71af572e5954fddb9de398f,1,True,Premium,data scientist,India,Senior,Not specified,Missing,0,,False,True,False,False,False,False,False
5623829281,73245a603ec7246cd975bc082a9338264ef61fef,1,False,Standard,data scientist,India,Mid,Master,Missing,0,,False,True,False,False,False,False,False
5697209257,16adc7a55bd2a3695cef861e9c4146f0b5d455e5,1,False,Standard,data scientist,India,Mid,Not specified,3-5 years,3,5.0,False,False,True,True,False,False,False
5661639854,0a4d1efcb640879fbc7fbc5419918d994bf57a4a,1,False,Standard,data scientist,India,Mid,Not specified,Missing,0,,False,True,False,False,False,False,False
5187968999,b6b54c93afa87689b93a06e6fa88291358f89de9,1,False,Standard,data scientist,India,Mid,Not specified,Missing,0,,False,True,False,False,False,False,False
5697210606,32f375760ef0bab356b97e8d5456e1dd10db2c32,1,False,Standard,data scientist,India,Mid,Not specified,Missing,0,,False,True,False,False,False,False,False
5711044910,83b81371146481be3ed0864ed0394fc1e1dd85e5,1,True,Premium,data scientist,India,Lead,Not specified,Missing,0,,False,True,False,False,False,False,False
5685309812,3698a2c2c2180fe79fb562d07d70cb4df2334b5b,1,False,Standard,data scientist,India,Mid,Not specified,Missing,1,,False,True,True,False,False,False,False
5708301549,b2dbee30f075078e6b5012a70001ccdb3b94d99c,1,True,Premium,data scientist,India,Senior,Not specified,Missing,0,,False,True,False,False,False,False,False
5705215957,c78d1e0babb288974640566153cb2bfd360674cd,1,False,Standard,data scientist,India,Mid,Not specified,Missing,0,,False,True,False,False,False,False,False
5709940487,26643f631b537ee4fee0d4d3bf990c14d12db158,1,True,Premium,data scientist,India,Senior,Not specified,11+ years,1,15.0,False,False,True,False,False,False,False
5709941153,2ffd997887c66a5abcec0f299cdb320bfa487abd,1,True,Premium,data scientist,India,Senior,Master,Missing,0,,False,True,False,False,False,False,False
5705682490,793c6109fb9e465559d2dd3e1b55836e65db3925,1,False,Standard,data scientist,India,Mid,Not specified,Missing,1,,False,True,True,False,False,False,False
5709941816,b65e5d6f63bd66a90185b70ac780612184cf824b,1,True,Premium,data scientist,India,Lead,Not specified,Missing,0,,False,True,False,False,False,False,False
5687248548,53a556a1a3bd1c52323359dc662e77e99d22c642,1,True,Premium,data scientist,India,Senior,Not specified,Missing,0,,False,True,False,False,False,False,False
5709943116,ebd2189ffde8fb9e507c50c7ca1e564137b2b4a4,1,True,Premium,data scientist,India,Senior,Not specified,Missing,0,,False,True,False,False,False,False,False
5671631175,3a97f7046f9cc7af3fd86ccbdf3842a0cf41ae1e,1,True,Premium,data scientist,India,Lead,Not specified,Missing,0,,True,True,False,False,False,False,False
5699972871,257dcde0354682c63c2eadfdb111fa7cd5615ebb,1,False,Standard,data analyst,India,Mid,Not specified,6-10 years,3,8.0,False,False,True,False,True,False,False
5703564805,c37864d98928f68796be7ea1148e00a2e77771f6,1,False,Standard,data analyst,India,Mid,Not specified,6-10 years,1,9.0,False,False,True,False,True,False,False
5709942756,7081eb1213bd4f1e71243aa4cb232342d01481fc,1,False,Standard,data analyst,India,Mid,Not specified,3-5 years,1,3.0,False,False,True,False,False,False,False
5691677268,d3aca48d494932781af9ffda34f412e3ab7cc9ab,1,False,Standard,data analyst,India,Mid,Not specified,3-5 years,0,3.0,False,False,False,False,False,False,False
5691676124,bb3bf54f3ee98a90ba9a8ad9548e805076ba3d71,1,False,Standard,data analyst,India,Mid,Not specified,3-5 years,0,3.0,False,False,False,False,False,False,False
5693749008,de7fe38b1bd91992d0f9e6e61c0c0c8a444df768,1,False,Standard,data analyst,India,Mid,Not specified,3-5 years,0,3.0,True,False,False,False,False,False,False
5711046092,4e38cc32216245410819ca07780670eae5cb5028,1,False,Standard,data analyst,India,Mid,Not specified,3-5 years,1,5.0,False,False,True,False,True,False,False
5711045096,2e1ee409b544f9f30f55b04f7fb8e8941b602e9a,1,False,Standard,data analyst,India,Mid,Not specified,Missing,2,,False,True,True,True,True,False,False
5711045839,13292b089af19c617be90280e86d27df3c5d6ff4,1,False,Standard,data analyst,India,Mid,Not specified,3-5 years,0,4.0,True,False,False,False,False,False,False
5694089869,c520b3b238f1e77988c08ca8c7ac7331245f6e36,1,False,Standard,data analyst,India,Mid,Not specified,Missing,0,,False,True,False,False,False,False,False
5697209323,b6a97dd85b33fac753be3665e88faf6907d61d40,1,False,Standard,data analyst,India,Mid,Not specified,Missing,1,,True,True,True,False,False,False,False
5709943192,a577ca4bf2593079b407e445087581da81fe8ae8,1,False,Standard,data analyst,India,Mid,Not specified,Missing,0,,False,True,False,False,False,False,False
5708300185,6dad9daf32bee13d14c6afa4d8f687c56882e0ad,1,False,Standard,data analyst,India,Mid,Not specified,6-10 years,0,8.0,False,False,False,False,False,False,False
5702488528,8d4b2191d067e7161e393cde962f4af4981e0e90,1,False,Standard,data analyst,India,Mid,Not specified,Missing,0,,False,True,False,False,False,False,False
5685316279,c2a6be93e5efbd8410da54479fbfcb800bd4fdc8,1,False,Standard,data analyst,India,Mid,Not specified,Missing,0,,False,True,False,False,False,False,False
5657085309,6c4e6477fd5a90f332d88381f49c802ca7e64d06,1,False,Standard,data analyst,India,Mid,Not specified,Missing,0,,False,True,False,False,False,False,False
5705678005,47e4252849e552b60701bd2dfc586caaedbbfce2,1,False,Standard,data analyst,India,Mid,Not specified,Missing,3,,False,True,True,False,True,False,False
5709943184,9948622c0307c1e28bd218b064e267a7e1fdebe8,1,False,Standard,data analyst,India,Mid,Not specified,Missing,3,,False,True,True,False,True,False,False
5691676403,929722573bbf65abf4c4d87a3f2d2aefd68cfd6d,1,False,Standard,data analyst,India,Mid,Not specified,Missing,0,,False,True,False,False,False,False,False
5598698901,99a1ad9d561447a7a9d12889dcfd87d48e2c0331,1,False,Standard,data analyst,India,Mid,Not specified,Missing,0,,False,True,False,False,False,False,False
5709942507,b9dd589ae3e19d8e54461363aa3cefa3474d1734,1,False,Standard,data analyst,India,Mid,Not specified,Missing,0,,False,True,False,False,False,False,False
5688079149,4fb072d5f2c23dac664b5e8c80b7bbdd045ebe6b,1,False,Standard,data analyst,India,Mid,Not specified,Missing,0,,False,True,False,False,False,False,False
5690363363,4f280887fac5cba24319ab6635862cedb3bf2825,1,False,Standard,data analyst,India,Mid,Not specified,Missing,0,,False,True,False,False,False,False,False
5697207089,9a84bae214cd80ae5ea9263fc62100bba63bffd1,1,False,Standard,data analyst,India,Mid,Not specified,Missing,0,,False,True,False,False,False,False,False
5702484736,44cd6ef51660bfb94b96204ae642ed88d25927c8,1,False,Standard,data analyst,India,Mid,Not specified,Missing,0,,False,True,False,False,False,False,False
5702487877,22357eb49494f256e7a5f39bee478241e2081cc7,1,False,Standard,data analyst,India,Mid,Not specified,Missing,0,,False,True,False,False,False,False,False
5708302045,9cdf8c515fc7996b8bfe75d1dbe36d2f4db6baee,1,False,Standard,data analyst,India,Mid,Not specified,6-10 years,0,6.0,False,False,False,False,False,False,False
5701280846,007655f68c219b62bd8554bb5a6090100ff71b3f,1,False,Standard,data analyst,India,Mid,Not specified,6-10 years,0,7.0,False,False,False,False,False,False,False
5709942171,c841b81dfc4c455ecf459b7643ac6be47a63b45c,1,False,Standard,data analyst,India,Mid,Not specified,Missing,0,,False,True,False,False,False,False,False
5702487929,9189221d03d6b5846a17402d04b1bf12e692bc98,1,False,Standard,data analyst,India,Mid,Not specified,Missing,1,,False,True,True,False,False,False,False
5707161455,746192f565e29082ca07c3239eab95316a356273,1,False,Standard,data analyst,India,Mid,Not specified,Missing,1,,False,True,True,False,False,False,False
5687248530,41a2cbc1851482eb2efa7350ba589de80c364ace,1,False,Standard,data analyst,India,Mid,Not specified,Missing,0,,False,True,False,False,False,False,False
5707160973,ac1cae1f75138b649c54522122a75d6ff6ace676,1,False,Standard,data analyst,India,Mid,Not specified,Missing,5,,False,True,True,True,True,False,False
5634430777,0540a2e1b299675e855526ec606bce934848288e,1,False,Standard,data analyst,India,Mid,Not specified,Missing,0,,False,True,False,False,False,False,False
5709942687,125de3322be357edab42aea6db9b660cddf4786c,1,False,Standard,data analyst,India,Mid,Not specified,3-5 years,1,5.0,False,False,True,True,False,False,False
5711045692,935c421d57effd8c249037516cf3bddc18d5ed0a,1,False,Standard,data analyst,India,Mid,Master,0-2 years,3,2.0,False,False,True,True,True,False,False
5697208890,fa05d5e14ce086a0f251b884f7d3b0af942d0497,1,False,Standard,data analyst,India,Mid,Not specified,Missing,1,,False,True,True,False,False,True,False
5707345018,17daaf7a1e69baf07f3f28e979ce27a1e1e4e15a,1,True,Premium,data analyst,India,Senior,Not specified,6-10 years,0,8.0,False,False,False,False,False,False,False
5504531899,009fc5b0d7a7457484a71490f447383319012586,1,True,Premium,data analyst,India,Senior,Not specified,Missing,0,,False,True,False,False,False,False,False
5703291559,eb0da5097e16c89fe0216895e7e7a63b1d2b7f2e,1,True,Premium,data analyst,India,Senior,Not specified,Missing,1,,False,True,True,False,False,False,False
5705215996,f25de8a0807a80496267109dd1e8146e148859f3,1,False,Standard,data analyst,India,Mid,Not specified,6-10 years,0,10.0,False,False,False,False,False,False,False
5707160264,118629032c69b18983e7acfca36249791b33c7fc,1,False,Standard,data analyst,India,Mid,Not specified,Missing,0,,True,True,False,False,False,False,False
5697394161,2eb2a72b22fd10ee6e5796ca607b2276191da3cd,1,True,Premium,data analyst,India,Senior,Not specified,Missing,1,,True,True,True,False,True,False,False
5709942731,f07914dd95dd09e03fba2ac4c5e2fffd2f39a351,1,False,Standard,data analyst,India,Mid,Not specified,Missing,0,,False,True,False,False,False,False,False
5548131273,c55f79734cd6704e8de48f984f94132cdb8d178c,1,True,Premium,data analyst,India,Senior,Not specified,Missing,0,,False,True,False,False,False,False,False
5706158953,9ef802a3229e0a71a2ab536c6275d18a37d221e3,1,False,Standard,data analyst,India,Mid,Bachelor,11+ years,1,12.0,False,False,True,False,False,False,False
5536132071,63742133764984bf7833de452b85a4ec010b4d66,1,False,Standard,data analyst,India,Mid,Not specified,Missing,0,,False,True,False,False,False,False,False
5682149506,70f6814a3cc86d9f54d67acdeacb9b581d5344a2,1,True,Premium,data analyst,India,Senior,Not specified,Missing,0,,False,True,False,False,False,False,False
5703781958,caab7008c9f8696aaa6b7740e8f5a9074aa36dc5,1,True,Premium,data analyst,India,Senior,Not specified,Missing,0,,False,True,False,False,False,False,False
5710344539,8c0e86381b79c40450f1b65b238717bb91937193,1,False,Standard,data analyst,India,Mid,Not specified,Missing,0,,False,True,False,False,False,False,False
5703568341,bde8c4be2e786e73651cd535d8cede28e555bc5e,1,False,Standard,data analyst,India,Junior,Not specified,Missing,0,,False,True,False,False,False,False,False
5700379155,83df6d4122879b7a72b092ee5d296c12ef00b4eb,1,True,Premium,data analyst,India,Senior,Not specified,Missing,0,,False,True,False,False,False,False,False
5689758650,d7efa3585a1e46c7674638912f612ec59ce197a2,1,False,Standard,data analyst,India,Mid,Not specified,Missing,0,,False,True,False,False,False,False,False
5619625535,6d6cfbd01cf9b27a40cec1db5fb61f5f6e83c745,1,False,Standard,data analyst,India,Mid,Not specified,Missing,0,,False,True,False,False,False,False,False
5689759872,38922445d75061d066e6b4c765419f8213466dce,1,False,Standard,data analyst,India,Mid,Not specified,Missing,1,,False,True,True,False,False,False,False
5708450184,04b5d03a94a8e239bbf88525d340190f6fa4a8bc,1,True,Premium,data analyst,India,Senior,Not specified,Missing,0,,False,True,False,False,False,False,False
5697395195,e0afdc9ed7ee11e0b294dece9f71a84530cd1410,1,True,Premium,data analyst,India,Senior,Not specified,Missing,1,,False,True,True,False,True,False,False
5707159231,1b814d1f58879d4a5c01403db40cb7e734b21a33,1,True,Premium,data analyst,India,Lead,Not specified,Missing,0,,False,True,False,False,False,False,False
5697209141,ce2e1333d75dc67a53470ff0a6eaa3a62f4b7993,1,False,Standard,data analyst,India,Mid,Not specified,6-10 years,1,7.0,False,False,True,False,True,False,False
5694091025,7d8477b66abf3997fa1e35af6468a57f025240a2,1,True,Premium,data analyst,India,Lead,Not specified,Missing,0,,False,True,False,False,False,False,False
5694469949,4964b856fe4203839d203a4d580725332c011602,1,True,Premium,data analyst,India,Senior,Not specified,6-10 years,2,6.0,False,False,True,True,True,False,False
5700378529,54e27855c46de80be622739e46f37a81972b367c,1,True,Premium,data analyst,India,Senior,Not specified,Missing,0,,False,True,False,False,False,False,False
5700378505,7dc8fb86329b1e64a5cac4812df6827987e21871,1,True,Premium,data analyst,India,Senior,Not specified,Missing,0,,False,True,False,False,False,False,False
5697518877,5d97682631399a5d5d1a0259265b781e3ea59da1,1,False,Standard,data analyst,India,Mid,Not specified,Missing,0,,False,True,False,False,False,False,False
5707162349,f80ec27a0e581ef898d3e99a6061a58bc1ebcdc6,1,False,Standard,data analyst,India,Mid,Not specified,Missing,1,,False,True,True,False,True,False,False
5705682539,42885b67dcb80edc306f02d56c36a08722cdd15b,1,False,Standard,data analyst,India,Mid,Not specified,3-5 years,1,3.0,False,False,True,False,False,False,False
5689995811,10f74577c4636a1a7194020293ec8f26fb66a2e2,1,True,Premium,data analyst,India,Senior,Not specified,Missing,0,,False,True,False,False,False,False,False
5707159375,f80083bf556fd59aa349dce073a1983a7447f4dc,1,False,Standard,data analyst,India,Mid,Not specified,Missing,0,,False,True,False,False,False,False,False
5708302079,a832993b9a80975112961a17a32dc2087656f620,1,True,Premium,data analyst,India,Lead,Not specified,6-10 years,1,9.0,False,False,True,False,True,False,False
5664195816,34639b5aeaed7302f8b84fc7d0054094951b6ab8,1,False,Standard,data analyst,India,Mid,Not specified,Missing,0,,False,True,False,False,False,False,False
5697208709,cf73c5cea4673b5400114328dd9ef32211e7db55,1,False,Standard,data analyst,India,Mid,Not specified,Missing,0,,False,True,False,False,False,False,False
5707345309,9d08f80c646fc409095f1360bc8ca43db1a4e005,1,False,Standard,data analyst,India,Mid,Not specified,Missing,0,,False,True,False,False,False,False,False
5711046097,298041c2c13e3287a43ecd0e2cd8ff66cae6426b,1,True,Premium,data analyst,India,Senior,Not specified,11+ years,0,12.0,False,False,False,False,False,False,False
5697853888,a2fe05832459761a337c430c44f230e915dedfb3,1,False,Standard,data analyst,India,Junior,Not specified,Missing,0,,False,True,False,False,False,False,False
5670550981,74c747572ec80543788a09dbbde776816f8ea6f7,1,False,Standard,data analyst,India,Mid,Not specified,Missing,0,,False,True,False,False,False,False,False
5703568453,9f9a286a35bfd0d7bbcb5eb0c6c23803e3d419eb,1,False,Standard,data analyst,India,Mid,Not specified,3-5 years,0,5.0,False,False,False,False,False,False,False
5697841628,b05baa93e0d7ee8ff45b539556e4ef7fb470bc0b,1,True,Premium,data analyst,India,Senior,Not specified,Missing,0,,False,True,False,False,False,False,False
5697518166,2174ad85e1e6f4dfc74d740ff8ed1a63603e1850,1,True,Premium,data analyst,India,Lead,Not specified,Missing,0,,False,True,False,False,False,False,False
5395866009,dfcdd66fe29eea7a665a32e338ba91be96035eca,1,False,Standard,data analyst,India,Mid,Not specified,Missing,0,,False,True,False,False,False,False,False
5694091696,9aac463244510580ba756bba68cad7bd86057b5c,1,False,Standard,data analyst,India,Mid,Not specified,Missing,0,,False,True,False,False,False,False,False
5688081099,7a1dced713fa7a81b92ed08d2f63b3b3ba00d159,1,False,Standard,data analyst,India,Mid,Not specified,Missing,0,,False,True,False,False,False,False,False
5682149510,74686e9e6ec220eb52913ea90f08a21fb3d9db7e,1,True,Premium,data analyst,India,Senior,Not specified,Missing,0,,False,True,False,False,False,False,False
5709944752,80896d79ca74e303780aa1c2724fe42e425a89b6,1,False,Standard,data analyst,India,Mid,Not specified,Missing,0,,False,True,False,False,False,False,False
5709942745,0bd48922755b6b19874806b6bef11c7eb41e7a85,1,False,Standard,data analyst,India,Mid,Not specified,Missing,0,,False,True,False,False,False,False,False
5694466181,2b8b1486261bf3ac4f73bc60a12fddc1e6f0524a,1,True,Premium,data analyst,India,Senior,Not specified,Missing,0,,False,True,False,False,False,False,False
5697208137,5b62e9a9695a5654eef5eeaf4a6899bb76712788,1,False,Standard,data analyst,India,Mid,Not specified,Missing,0,,False,True,False,False,False,False,False
5689758156,827f787e3b50428ef8fc9aa5eddd0c82a4272fd5,1,False,Standard,data analyst,India,Mid,Not specified,3-5 years,3,3.0,False,False,True,True,True,False,False
5709944581,900be85e5d90a81a227e0e704f69c8e8bdd888b9,1,True,Premium,data analyst,India,Senior,Not specified,Missing,1,,True,True,True,False,False,False,False
5694090793,4d9481dbccb51c630050b1fc986d086f29978545,1,False,Standard,data analyst,India,Mid,Not specified,6-10 years,1,6.0,False,False,True,False,True,False,False
5704655794,4119b8f44ef3b692d3f48421483a9751dd1ee1e1,1,True,Premium,data analyst,India,Senior,Not specified,Missing,0,,False,True,False,False,False,False,False
5702487155,748d2cedd4594e37b2aaea417e3f570c7ad1004b,1,False,Standard,data analyst,India,Mid,Not specified,11+ years,0,25.0,False,False,False,False,False,False,False
5701280841,5c88a0c94641da88a4b3da229d0324936c2f6870,1,False,Standard,data analyst,India,Mid,Not specified,Missing,0,,False,True,False,False,False,False,False
5598022966,b8dd1f43762f2db287aa0ba4acaca3925a8c881d,1,False,Standard,data analyst,India,Mid,Not specified,Missing,0,,False,True,False,False,False,False,False
5709943318,e9a02845055f753eb9737fa25ff31844d4dd617f,1,False,Standard,data analyst,India,Mid,Not specified,Missing,1,,False,True,True,False,False,False,False
5703563210,78199844e6be091babf10265085dcd24c8aa8a34,1,False,Standard,data analyst,India,Mid,Not specified,3-5 years,0,5.0,True,False,False,False,False,False,False
5707375401,94d3fca16a84e81759d49a086c732c2f8b47d638,1,False,Standard,data analyst,India,Mid,Not specified,11+ years,0,27.0,False,False,False,False,False,False,False
5699757474,ced978b814ca372f664b03eed1947ec11a4856d9,1,False,Standard,data analyst,India,Mid,Not specified,Missing,0,,False,True,False,False,False,False,False
5702487041,c082f00e77d2ea224b18f5ae71767a6f668303a0,1,False,Standard,data analyst,India,Mid,Not specified,6-10 years,1,6.0,False,False,True,True,False,False,False
5697210213,aa1fd281f212a379b242406b8f31ae0a19df8d83,1,False,Standard,data analyst,India,Mid,Not specified,3-5 years,3,4.0,False,False,True,True,True,True,False
4762780079,6705bb1aee9db92c22f47002d3df5db9f8702993,1,False,Standard,data analyst,India,Mid,Not specified,Missing,0,,False,True,False,False,False,False,False
5671625950,f9de0396250e8d600cae76458cb7d2b2617d2283,1,False,Standard,data analyst,India,Mid,Not specified,Missing,0,,False,True,False,False,False,False,False
5681943028,767e4cf4fb3169fc5487399977981f1c0bd622bc,1,True,Premium,data analyst,India,Lead,Not specified,Missing,1,,False,True,True,False,False,False,True
5685309418,ced81887d1824e941341eb3fce9b9a12487ef4c3,1,False,Standard,data analyst,India,Mid,Not specified,11+ years,0,25.0,False,False,False,False,False,False,False
5701275708,477ff965766f553b42bd4a757fe0a659c323858e,1,False,Standard,data analyst,India,Mid,Not specified,Missing,0,,False,True,False,False,False,False,False
5069533039,4680f41e8e045cf4497a06f539b543cfaac0aced,1,False,Standard,data analyst,India,Mid,Not specified,Missing,0,,False,True,False,False,False,False,False
5681942930,df189b6bf579e53aaf970cdea811ff25b5438d33,1,False,Standard,data analyst,India,Mid,Not specified,Missing,0,,False,True,False,False,False,False,False
5681942384,4ea25816fc303350425c39410ac9ab207f9c3441,1,False,Standard,data analyst,India,Mid,Not specified,Missing,0,,False,True,False,False,False,False,False
5697210442,c73a18e80a6068e9b9f81b93dd731184173dc33d,1,False,Standard,data analyst,India,Mid,Master,Missing,0,,False,True,False,False,False,False,False
5688078912,2b3a88bc950064136099f650655af751b78fb216,1,False,Standard,data analyst,India,Mid,Not specified,Missing,0,,False,True,False,False,False,False,False
5694089573,267721c94c44c27fce2854c6ae18feccf558bca7,1,True,Premium,data analyst,India,Senior,Not specified,Missing,2,,False,True,True,False,True,False,False
5006473502,2990f321ff6fb00b6d9835569ad78f88f5fb9ed3,1,True,Premium,data analyst,India,Lead,Not specified,Missing,0,,False,True,False,False,False,False,False
5358332157,496d1f79cefbd685957e6854edc80ee4d3ded767,1,True,Premium,data analyst,India,Senior,Not specified,Missing,0,,False,True,False,False,False,False,False
5701277702,dfaf5f1779a488f63c4a28385f551fc8c88ca499,1,False,Standard,data analyst,India,Mid,Not specified,6-10 years,0,6.0,False,False,False,False,False,False,False
4694004919,cb6adcf0ff46d3378e2c69bd6087a44f2371b693,1,False,Standard,data analyst,India,Mid,Not specified,Missing,0,,False,True,False,False,False,False,False
5460248553,54665d3c6de74440f46f879142025c61ff3ced1d,1,True,Premium,data analyst,India,Senior,Not specified,Missing,0,,False,True,False,False,False,False,False
5710345532,83d5a5770b1089c62925d72086dd8658d3e97ad7,1,True,Premium,data analyst,India,Lead,Not specified,Missing,2,,False,True,True,True,False,False,True
5709941881,4f3f5511ed8760fec395298b4057b5fc65cff18d,1,True,Premium,data analyst,India,Lead,Not specified,Missing,3,,False,True,True,True,True,True,False
5703563883,aed9a118e598c7a3b48ab3565218d70eca8cbda2,1,False,Standard,data analyst,India,Mid,Not specified,3-5 years,2,3.0,False,False,True,False,True,False,False
5710346602,07f96009eaf09188f18f804e568c079a2eebea34,1,False,Standard,data analyst,India,Mid,Not specified,3-5 years,1,4.0,False,False,True,False,False,True,False
5702489622,beafbde806a586879425d3b92573783a7ab6b970,1,True,Premium,data analyst,India,Senior,Not specified,6-10 years,1,10.0,False,False,True,False,True,False,False
5686847996,e9d4941d62f104183cc09d03ec1a3beec921beee,1,False,Standard,data analyst,India,Mid,Not specified,Missing,0,,False,True,False,False,False,False,False
5710346546,fd5299422d4dbf0ffcf06c63fb4c2de063c2f318,1,False,Standard,data analyst,India,Mid,Not specified,6-10 years,1,10.0,False,False,True,False,False,False,False
5694089584,71d3cc9132a1c0671cdd069d21628e68d4df320b,1,True,Premium,data analyst,India,Senior,Not specified,Missing,0,,False,True,False,False,False,False,False
5702489479,efaa923bc681da1937b78a17f2380c95c05a43c4,1,True,Premium,data analyst,India,Lead,Not specified,Missing,0,,False,True,False,False,False,False,False
5686848025,1fe3c3cd96d2d9263340c837b1d2829b9ecfc368,1,True,Premium,data analyst,India,Senior,Not specified,Missing,0,,False,True,False,False,False,False,False
5676535673,d3c1fcf0ac62f4bd7ac0cbd9a54abab3a08a71ac,1,False,Standard,data analyst,India,Mid,Not specified,Missing,1,,False,True,True,False,False,False,False
4664741360,6887388eb3448da431ce8976677280313861a908,1,True,Premium,data analyst,India,Lead,Not specified,Missing,0,,False,True,False,False,False,False,False
5669583339,284c0c1592dd71631b4949fd991811e28d04fbb6,1,False,Standard,data analyst,India,Mid,Not specified,6-10 years,2,7.0,False,False,True,True,True,False,False
5067536947,867fbbba01597e8711e55c5dab7f8ff5b8b6124c,1,True,Premium,data analyst,India,Lead,Not specified,Missing,0,,False,True,False,False,False,False,False
5691676286,a1fd25e15398c24b8ba8af67fe5c91ff136ab087,1,False,Standard,data analyst,India,Mid,Not specified,6-10 years,1,7.0,False,False,True,False,True,False,False
5689758021,915ddb26552be1a392424d8ae04559feb5431a0a,1,True,Premium,data analyst,India,Senior,Not specified,Missing,0,,False,True,False,False,False,False,False
5689759298,32db0ced4edb5ee1cffc89cffd7b7469aeee3390,1,False,Standard,data analyst,India,Mid,Not specified,Missing,4,,False,True,True,True,True,True,True
5705215177,c8fa330fe88c740db18028bd663fe1948b39c213,1,False,Standard,data analyst,India,Mid,Not specified,3-5 years,4,5.0,False,False,True,True,True,True,True
5688081222,87308d8f888080b600aa0fa2228dbdb6abda0ab2,1,False,Standard,data analyst,India,Mid,Not specified,Missing,0,,False,True,False,False,False,False,False
5701280750,77a59cedd38381a8b673eee0b3568357389d93d7,1,False,Standard,data analyst,India,Mid,Not specified,Missing,0,,False,True,False,False,False,False,False
5710346807,9158e9a5ea2508c35195d22673bdf784624da830,1,False,Standard,data analyst,India,Mid,Not specified,Missing,1,,True,True,True,False,False,False,False
5699977229,aa3d368bdaed6b3c913b3ebf05e705ca7fc8f000,1,False,Standard,data analyst,India,Mid,Not specified,Missing,0,,False,True,False,False,False,False,False
5709943945,22cce9922d9fc57d87db42d16b4c9fba732c1dc4,1,True,Premium,data analyst,India,Senior,Not specified,Missing,0,,False,True,False,False,False,False,False
5702198835,9f9f4f429a66ac4c294172dbf2882774e17327bb,1,True,Premium,data analyst,India,Senior,Not specified,Missing,0,,False,True,False,False,False,False,False
5703564753,1535b9a79804b6ec07e7c36bd75722ce2be4e6c8,1,True,Premium,data analyst,India,Senior,Not specified,Missing,0,,False,True,False,False,False,False,False
5701281592,92d59206c3f39d6730085366f2ac8f9fde751327,1,True,Premium,data analyst,India,Lead,Not specified,Missing,0,,False,True,False,False,False,False,False
5708450460,697eeb5399647d377515bb22b3ba2504a48a8a22,1,False,Standard,data analyst,India,Mid,Not specified,Missing,1,,False,True,True,False,True,False,False
5702488497,72326f3f8f0ab2ef4a2601e68bb88ce8bef8e7b1,1,True,Premium,data analyst,India,Senior,Not specified,Missing,0,,False,True,False,False,False,False,False
5703563858,bda8d0f6dfcb93aa5784aec36adf3ce7cee44ae7,1,False,Standard,data analyst,India,Mid,Not specified,Missing,0,,False,True,False,False,False,False,False
5702198896,636d7e3604e6b0d357f20d02623f314c44196d52,1,False,Standard,data analyst,India,Mid,Not specified,Missing,0,,False,True,False,False,False,False,False
5701283255,88cb59c6d320d0d7aba7322d1a88d3dcdcf38b0e,1,False,Standard,data analyst,India,Mid,Not specified,11+ years,0,12.0,False,False,False,False,False,False,False
5691676406,bb3c825526f790595f6fda8605c17539dff85b8a,1,False,Standard,data analyst,India,Mid,Not specified,Missing,0,,False,True,False,False,False,False,False
5709940651,8b135ec35a1c945e81f450507ea74e65f38de73b,1,False,Standard,data analyst,India,Mid,Not specified,6-10 years,1,6.0,False,False,True,False,True,False,False
5703291555,207aab61506833bbff40edf66de301237b93bc1a,1,True,Premium,data analyst,India,Lead,Not specified,Missing,0,,False,True,False,False,False,False,False
5702488268,8f2948fe2eef1766ad20b83936699dbec2023ba6,1,False,Standard,data analyst,India,Mid,Not specified,11+ years,1,12.0,True,False,True,False,True,False,False
5699983109,58d92b8ed975baca3e44d6aedf957befd194d27e,1,False,Standard,data analyst,India,Mid,Not specified,Missing,1,,False,True,True,False,False,False,True
5685308838,b09cd9248a2368012f5178fed77858d3d448f699,1,True,Premium,data analyst,India,Senior,Not specified,11+ years,0,12.0,False,False,False,False,False,False,False
5687248030,29330f9b69bc5f0f3dcaca96cf4597ea12ffe72f,1,False,Standard,data analyst,India,Mid,Not specified,Missing,1,,False,True,True,False,False,False,False
5234614059,38af75a7196ba552d7e0db247d868f66dfd08dfc,1,False,Standard,data analyst,India,Mid,Not specified,Missing,0,,False,True,False,False,False,False,False
5688081043,bd812a22283d12a37a10556301caf937a147f810,1,True,Premium,data analyst,India,Senior,Not specified,Missing,0,,False,True,False,False,False,False,False
5703563081,0d8fa2db71552a6b420c09881c6b8ab457c6de3e,1,True,Premium,data analyst,India,Lead,Not specified,Missing,0,,False,True,False,False,False,False,False
5702198888,7ecfbe6f9d758f2e8f95e05e1daf4f5c5f46178b,1,True,Premium,data analyst,India,Lead,Not specified,Missing,0,,False,True,False,False,False,False,False
5578963262,34988b7a07013775b24e247159c3bdca822559df,1,False,Standard,data analyst,India,Mid,Not specified,Missing,1,,False,True,True,False,False,False,False
5703564018,102459fa9c6b61b5070c480c2ca34513a6b74a62,1,True,Premium,data analyst,India,Senior,Not specified,3-5 years,1,5.0,False,False,True,False,False,False,False
5688081122,65f24982a33d171b62b3a5071d8fa0d90442cfa7,1,False,Standard,data analyst,India,Mid,Not specified,Missing,0,,False,True,False,False,False,False,False
5688254807,026fae7f9864291865c27efdcc78e60d9be8b713,1,True,Premium,data analyst,India,Senior,Not specified,Missing,1,,False,True,True,False,False,False,False
5221238063,1774531874ba2adf0f66e6c5b32253b4a1002a07,1,True,Premium,data analyst,India,Senior,Not specified,Missing,1,,False,True,True,False,False,False,True
5708448854,27b06ea39ccb798d049425852b05603f4dd2600b,1,False,Standard,data analyst,India,Mid,Not specified,Missing,0,,False,True,False,False,False,False,False
5703568547,85541b3e42024c68556f6b3cc77a0525e833353f,1,False,Standard,data analyst,India,Mid,Not specified,3-5 years,1,3.0,False,False,True,False,False,False,False
5669011716,9e2181e769008a1fa89bddcc904530f229e6a6a4,1,True,Premium,data analyst,India,Senior,Not specified,Missing,0,,False,True,False,False,False,False,False
5704499457,3bc5d6bc0a8c13527cbb028b7af4444e98277707,1,True,Premium,data analyst,India,Senior,Not specified,6-10 years,2,10.0,False,False,True,False,True,False,True
5697209327,a0d320e8adddca991227d63a369ba7bd94b86d6b,1,True,Premium,data analyst,India,Senior,Not specified,Missing,0,,False,True,False,False,False,False,False
5710345862,67536340c8ced697305deeb3efebf24776cd85b8,1,False,Standard,data analyst,India,Mid,Not specified,Missing,0,,False,True,False,False,False,False,False
5711045018,488ab1c2240a2729b0f5b9dc4b26a5d4dded43ba,1,True,Premium,data analyst,India,Lead,Not specified,Missing,0,,False,True,False,False,False,False,False
5681942012,657f1f8c8d2fb7bfa10cec40c493c8bf2ae46ec0,1,False,Standard,data analyst,India,Mid,Not specified,Missing,1,,False,True,True,False,False,True,False
5654936165,ac7a8b7cc9e2a6f4860660c17f9ea0dc410b095c,1,False,Standard,data analyst,India,Mid,Not specified,Missing,0,,False,True,False,False,False,False,False
5643596654,ca2f9127a7eb737ccc183c2f47b9411841392630,1,False,Standard,data analyst,India,Mid,Not specified,Missing,1,,False,True,True,False,True,False,False
5711045620,262527c55d9b138425d7354e987f7a82007f8ad2,1,False,Standard,data analyst,India,Mid,Not specified,Missing,0,,False,True,False,False,False,False,False
5710022341,7fc9ef402abed83e5b4e42030ec779e42682e14a,1,False,Standard,data analyst,India,Mid,Not specified,Missing,1,,False,True,True,False,False,False,False
5687247755,2468100ffdd1e0b65b443e21d33825e7344d4e46,1,False,Standard,data analyst,India,Mid,Not specified,Missing,1,,False,True,True,False,False,False,False
5678067882,f2facc20d55e96781bd4ed2074b5bf5e4b43824e,1,True,Premium,data analyst,India,Lead,Not specified,Missing,0,,False,True,False,False,False,False,False
5705681321,4d25930bf2916cce3a58aa66935d8ab2e8f40328,1,True,Premium,data analyst,India,Senior,Not specified,Missing,0,,False,True,False,False,False,False,False
5699705866,695f2d97414e6339ec66e62198d79a410a6cc64a,1,False,Standard,data analyst,India,Mid,Not specified,3-5 years,0,4.0,False,False,False,False,False,False,False
5687247374,b3ca0422eba8d8f7046cf54cb3e0ad9e61a2d44c,1,True,Premium,data analyst,India,Senior,Not specified,Missing,0,,False,True,False,False,False,False,False
5699972894,627df80491768f28604a57cedfb2f09a36584aa0,1,True,Premium,data analyst,India,Senior,Not specified,Missing,0,,False,True,False,False,False,False,False
5694090985,8ddb8dec2e00388fadb399bd6a2a6d93244b5c51,1,True,Premium,data analyst,India,Senior,Not specified,Missing,0,,False,True,False,False,False,False,False
5710345376,61a06b6874e9d4aa201fa476364669ce5b878d4d,1,False,Standard,data analyst,India,Mid,Not specified,Missing,0,,False,True,False,False,False,False,False
5702486911,ba45652441061f33ca46c169113e5e4a1e93f48f,1,False,Standard,data engineer,India,Mid,Not specified,11+ years,2,15.0,False,False,True,True,False,True,False
5711045368,c80ccb30e37d7a4adaf37b850b381c57c2e1ce00,1,False,Standard,data engineer,India,Mid,Not specified,6-10 years,3,7.0,False,False,True,True,True,True,False
5709941414,a7db7222b01012c191aee3068fc29b94b1266568,1,False,Standard,data engineer,India,Mid,Not specified,11+ years,0,15.0,False,False,False,False,False,False,False
5616719089,cbde348759aa036611a4f714fd5a1291913eda01,1,False,Standard,data engineer,India,Mid,Not specified,3-5 years,2,5.0,False,False,True,True,True,False,False
5711045436,da1a7e05af9246a2c922246ae8696ce707f13506,1,False,Standard,data engineer,India,Mid,Not specified,11+ years,1,12.0,False,False,True,False,False,False,True
5711046091,a79ed95cc2c75b321d3e71f6adef53464e85c4ed,1,False,Standard,data engineer,India,Mid,Not specified,3-5 years,3,5.0,False,False,True,True,True,False,True
5693750482,0371eb95fa7f5abcfde387a976ff2b926b7fa21a,1,False,Standard,data engineer,India,Mid,Not specified,3-5 years,1,5.0,False,False,True,False,True,False,False
5699982254,df5612e264b272938ef066825d4980de2e3bb50f,1,False,Standard,data engineer,India,Mid,Not specified,3-5 years,0,5.0,False,False,False,False,False,False,False
5703562271,43c01471804f1bd1e1770c4869be1b4cef5a3c03,1,False,Standard,data engineer,India,Mid,Not specified,Missing,0,,False,True,False,False,False,False,False
5709943345,ebe207696ef09e889d7fcbe3517d466239f65015,1,False,Standard,data engineer,India,Mid,Not specified,6-10 years,0,10.0,False,False,False,False,False,False,False
5687247238,45a077ba0e94c7e525d8809b8933aee1f4cb6c35,1,False,Standard,data engineer,India,Mid,Not specified,Missing,1,,False,True,True,False,False,False,False
5525209056,2ebf5163b0c87b4a1ef4821fca160a3465b6aeee,1,False,Standard,data engineer,India,Mid,Not specified,Missing,1,,False,True,True,False,False,True,False
5702486947,fd9b80249dc7e09d9ab000973c72451fdd84670d,1,False,Standard,data engineer,India,Mid,Not specified,Missing,2,,False,True,True,True,False,True,False
5694150521,026a8e4bf56f9376797aca375b11477cc444bcfa,1,False,Standard,data engineer,India,Mid,Not specified,Missing,1,,False,True,True,False,False,False,False
5702488048,408e4a4be610372c8cde739fcbda07072428446f,1,False,Standard,data engineer,India,Mid,Not specified,Missing,0,,False,True,False,False,False,False,False
5711044263,5e17b789d6610e05c3e39c6f97b8b87487b96b5c,1,False,Standard,data engineer,India,Mid,Not specified,6-10 years,0,8.0,False,False,False,False,False,False,False
5702488641,94e5a1a078823cd4c2434f5921bcf5a2d92a722d,1,False,Standard,data engineer,India,Mid,Not specified,Missing,0,,False,True,False,False,False,False,False
5690363266,36c9839d24e1dc6fa26f85fc56b038ba5b76d4b2,1,False,Standard,data engineer,India,Mid,Not specified,3-5 years,4,4.0,False,False,True,True,True,True,True
5709943252,458f6dae29c37f56ed804037005586a4dfb69a97,1,False,Standard,data engineer,India,Mid,Not specified,Missing,0,,False,True,False,False,False,False,False
5694091095,2a38eab41c3b16fb662a32dce3486214cd86b5d1,1,False,Standard,data engineer,India,Mid,Not specified,Missing,0,,True,True,False,False,False,False,False
5688079494,790fcfccfebecedfd61e0ef6442dc7462dc027ab,1,False,Standard,data engineer,India,Mid,Not specified,6-10 years,0,9.0,False,False,False,False,False,False,False
5690363961,7232f6773369ca048e8b8dcde70ceafd967e8ce7,1,False,Standard,data engineer,India,Mid,Not specified,3-5 years,0,5.0,False,False,False,False,False,False,False
5704477778,16719fa911e38fe66a2909a9dcc702c36d0b5378,1,False,Standard,data engineer,India,Mid,Not specified,3-5 years,2,4.0,False,False,True,True,True,False,False
5707160715,d327f21f70719082f0323817dac3bc96fc87af14,1,False,Standard,data engineer,India,Mid,Not specified,Missing,1,,False,True,True,False,False,True,False
5681943144,b09ca71d3f2fd01828e9cfd9cb501af5c2d20bb6,1,False,Standard,data engineer,India,Mid,Not specified,Missing,2,,False,True,True,True,True,False,False
5689758708,b9531d664b37c06d1e7244776cf65a588dc488ee,1,False,Standard,data engineer,India,Mid,Not specified,6-10 years,1,8.0,False,False,True,False,False,True,False
5705678321,c1d0f0acaf32622ab9b6905c2fb23ec8d4549b10,1,False,Standard,data engineer,India,Mid,Not specified,Missing,0,,False,True,False,False,False,False,False
5688079188,568e2c7b69373be77c6a01c619230fd07c2496ed,1,False,Standard,data engineer,India,Mid,Not specified,Missing,2,,False,True,True,False,True,True,False
5699705523,47134cf3dd54f135d64db0b9d85fa886246ff027,1,False,Standard,data engineer,India,Mid,Not specified,Missing,0,,False,True,False,False,False,False,False
5677692551,346efeac12721654f11be56d70bec6d394d1aade,1,False,Standard,data engineer,India,Mid,Not specified,11+ years,0,15.0,False,False,False,False,False,False,False
5697518607,14eb307a98e3b4f7a6b1ab31a8277f804807b517,1,False,Standard,data engineer,India,Mid,Not specified,Missing,2,,False,True,True,True,False,True,False
5680961324,2c7a32c4190146a90d72976bc750094dc745219a,1,False,Standard,data engineer,India,Mid,Not specified,Missing,1,,False,True,True,False,False,True,False
5704502637,ed11551476ef622481a89ddce9be6b6a2b5ec1bd,1,False,Standard,data engineer,India,Mid,Not specified,3-5 years,0,5.0,False,False,False,False,False,False,False
5708300976,cfbe0af94150e73353eca3319d2001c21a71576a,1,False,Standard,data engineer,India,Mid,Not specified,Missing,0,,False,True,False,False,False,False,False
5697518752,034ffea79a0ee709d3a3057f21130d0d2dfad97a,1,False,Standard,data engineer,India,Mid,Not specified,Missing,1,,False,True,True,False,False,False,True
5708302760,7994f30f116ad60896865ad2c69e9dc74e53bab3,1,False,Standard,data engineer,India,Mid,Not specified,6-10 years,1,10.0,False,False,True,False,False,False,False
5689758334,320fbcbbf9b971b1a3ef66da3a993afe45371aae,1,False,Standard,data engineer,India,Mid,Not specified,6-10 years,1,8.0,False,False,True,False,True,False,False
5699705824,68308b441e28e271187eb3e433dfd1ab0c914dc5,1,False,Standard,data engineer,India,Mid,Not specified,6-10 years,4,10.0,False,False,True,True,True,True,True
5694150506,628bc3a2f546dce3a1808fcc59de080f835a42c3,1,False,Standard,data engineer,India,Mid,Not specified,Missing,0,,False,True,False,False,False,False,False
5659122918,0c3d5f13b8932e13ed17e04d1a139d5baa28cd59,1,False,Standard,data engineer,India,Mid,Not specified,Missing,0,,False,True,False,False,False,False,False
5705682054,11181f71ffcc993919052f7974277f7f35f0b053,1,False,Standard,data engineer,India,Mid,Not specified,11+ years,2,11.0,False,False,True,False,True,False,True
5699974699,c9aefd0e1dd2d29007578f53672ed8ee2bd4be13,1,False,Standard,data engineer,India,Mid,Not specified,Missing,0,,False,True,False,False,False,False,False
5668762943,3b7c43056f4b30593ca603708bc3f67ebd19be12,1,False,Standard,data engineer,India,Mid,Not specified,6-10 years,4,10.0,False,False,True,False,True,True,False
5701276903,e552ccf30a7bbc9af7caeca0209cfb02234a900f,1,False,Standard,data engineer,India,Mid,Not specified,3-5 years,0,5.0,False,False,False,False,False,False,False
5711045930,94cdf07e2221f5a8023b7d109e7e490fe8f954f8,1,False,Standard,data engineer,India,Mid,Not specified,6-10 years,2,6.0,False,False,True,False,False,True,True
5704493024,a134dd3f53d176d091e6e57d6c021bc5e753f2ce,1,False,Standard,data engineer,India,Mid,Not specified,Missing,0,,False,True,False,False,False,False,False
5709942033,13dc6fbd8e33734767a74cd79a73bd9ac7590c12,1,False,Standard,data engineer,India,Mid,Not specified,Missing,1,,False,True,True,False,True,False,False
5710769189,afaff5df1fa3e4fd8729046c58051decbba814af,1,False,Standard,data engineer,India,Mid,Not specified,Missing,1,,False,True,True,True,False,False,False
5702486409,489499f13050dea5f3d53246681ea56e529411b2,1,False,Standard,data engineer,India,Mid,Not specified,Missing,0,,False,True,False,False,False,False,False
5707161240,137c03a98dcde355507e92539d630fb247457854,1,False,Standard,data engineer,India,Mid,Not specified,6-10 years,1,10.0,False,False,True,False,False,False,True
5705215898,103e1e3ac1257715b80ed4f539f1eca5f9212e3d,1,False,Standard,data engineer,India,Mid,Not specified,6-10 years,4,10.0,False,False,True,True,True,True,True
5707161557,ea1b07e6471dc424eb5a312a444e7172c638077f,1,False,Standard,data engineer,India,Mid,Not specified,11+ years,0,15.0,False,False,False,False,False,False,False
5691676525,2e423ac5cfa2d714173cf106ea305759e7c620a3,1,False,Standard,data engineer,India,Mid,Not specified,Missing,2,,False,True,True,True,False,True,False
5685310271,759d9284cb92aaf01c0971cec51c93f2821b98e1,1,False,Standard,data engineer,India,Mid,Not specified,6-10 years,0,8.0,False,False,False,False,False,False,False
5702489587,f6a65b299738ad8302439f78ea77a4c6abc1d760,1,False,Standard,data engineer,India,Mid,Not specified,Missing,1,,False,True,True,False,True,False,False
5694092319,b6c33a10481c2dea821b5506c44e4901e6e76175,1,False,Standard,data engineer,India,Mid,Not specified,3-5 years,0,4.0,False,False,False,False,False,False,False
5688079497,8b9efba25226bf0e14f0a3de74324c781ea0b54a,1,False,Standard,data engineer,India,Mid,Not specified,Missing,4,,False,True,True,True,True,True,True
5697518285,865c0c1c096b6636ad8fc848c1270b623aff1099,1,False,Standard,data engineer,India,Mid,Not specified,6-10 years,2,8.0,False,False,True,True,True,False,False
5709942015,f87498bab6eb60e10b57a6f04b317c0a2de93d19,1,False,Standard,data engineer,India,Mid,Not specified,6-10 years,3,8.0,False,False,True,True,True,True,False
5697206570,307e7fbf6c9b2dd6f12be26d8cda78a9e1ee65c8,1,False,Standard,data engineer,India,Mid,Not specified,6-10 years,2,10.0,False,False,True,False,False,True,False
5701276738,674edf212e77b5b56d9743a3b52ef701bc69dba7,1,False,Standard,data engineer,India,Mid,PhD,Missing,0,,False,True,False,False,False,False,False
5689758933,896d0af1550e844090673d63ffbd8fbad163cedb,1,False,Standard,data engineer,India,Mid,Not specified,3-5 years,1,4.0,False,False,True,False,True,False,False
5711044929,dcb000ef13c4cafc1b15e1d1b36e0b268e016b43,1,False,Standard,data engineer,India,Mid,Not specified,Missing,1,,False,True,True,False,False,True,False
5709938939,a673cff5a125bdb1011a7bf362d3151f6e773773,1,False,Standard,data engineer,India,Mid,Not specified,Missing,0,,False,True,False,False,False,False,False
5710346556,56c90a730df686351b65b01c60cc8bab3c1fafd1,1,False,Standard,data engineer,India,Mid,Not specified,Missing,1,,False,True,True,False,False,False,False
5685309675,e614f9887a782f6673acbc672e7fe8695db2b08b,1,False,Standard,data engineer,India,Mid,Not specified,3-5 years,0,5.0,False,False,False,False,False,False,False
5688078673,48e675a767c9b6182478e0c0b7073c88e762735d,1,False,Standard,data engineer,India,Mid,Not specified,3-5 years,1,5.0,False,False,True,True,False,False,False
5699169610,563908607be0de88f32fc2f02ba80ee301b30ceb,1,False,Standard,data engineer,India,Mid,Not specified,6-10 years,0,8.0,False,False,False,False,False,False,False
5701280811,4808c893dfa02a8c89127b7a73ac3ddd1556c395,1,False,Standard,data engineer,India,Mid,Not specified,Missing,0,,False,True,False,False,False,False,False
5709944468,bed4af3489e2388707375aa7679a121336a26b76,1,False,Standard,data engineer,India,Mid,Not specified,6-10 years,2,7.0,False,False,True,True,True,False,False
5707161224,bf09e3bc8cc971f7c825eac5c7377a3a22c7e327,1,False,Standard,data engineer,India,Mid,Not specified,Missing,2,,True,True,True,True,False,True,False
5708303084,0ad40fd64f9a86d5f1d1a8d2322c14e6cbcd4290,1,False,Standard,data engineer,India,Mid,Not specified,Missing,1,,False,True,True,False,False,False,True
5688254821,3feeecd6e9e98e0d9d20a88375a3ba95a00b8022,1,False,Standard,data engineer,India,Mid,Not specified,Missing,0,,False,True,False,False,False,False,False
5709943043,feba934c324b143e19740c247493ec13ea645f5e,1,False,Standard,data engineer,India,Mid,Not specified,6-10 years,0,6.0,False,False,False,False,False,False,False
5702486710,82d235d300f3541be4a3c194f42596f44480e365,1,False,Standard,data engineer,India,Mid,Not specified,Missing,1,,False,True,True,False,True,False,False
5702486882,c5aeeab5298f4ab674c04e5041e87535e0b1d2a6,1,False,Standard,data engineer,India,Mid,Not specified,Missing,1,,False,True,True,False,True,False,False
5702486907,cf198c7cffdf53673028a31d27a047d51a67b22f,1,False,Standard,data engineer,India,Mid,Not specified,Missing,1,,False,True,True,False,True,False,False
5705682269,eea1cc5e91814ae54e670cbb18fe0e0e2a9cebbf,1,False,Standard,data engineer,India,Mid,Master,Missing,0,,False,True,False,False,False,False,False
5709942714,a361b48f2b64e60c8c238868ac78af0078fde3a2,1,False,Standard,data engineer,India,Mid,Not specified,Missing,0,,False,True,False,False,False,False,False
5711045929,df896f6f2a610f9cb6b572c79c9ce9aa0e238397,1,False,Standard,data engineer,India,Mid,Not specified,6-10 years,1,10.0,True,False,True,False,True,False,False
5711045606,2d8ef785817f9d2cc1a1384878854a8f5342bb07,1,False,Standard,data engineer,India,Mid,Not specified,Missing,1,,False,True,True,True,False,False,False
5711044743,280b8afde929f1ff3fccb617743112dbaa27a31f,1,False,Standard,data engineer,India,Mid,Not specified,Missing,1,,False,True,True,False,False,True,False
5711043465,8d8292ff0b7791aacfcacc3561c6cd3bf8318cbb,1,False,Standard,data engineer,India,Mid,Not specified,Missing,0,,False,True,False,False,False,False,False
5707161247,7ba681558ece083c076423ad9731dc5960522560,1,False,Standard,data engineer,India,Mid,Not specified,Missing,0,,False,True,False,False,False,False,False
5694091414,f710e15f4e03b0ef3140cc00642421d1fb492a8d,1,False,Standard,data engineer,India,Mid,Not specified,Missing,0,,False,True,False,False,False,False,False
5703569342,50f977c734cbe735cb1616393e1d0a5dc83fab5c,1,False,Standard,data engineer,India,Mid,Not specified,6-10 years,3,7.0,False,False,True,True,True,True,False
5703568917,d4aaabe303b377b1322be2300dd3450f57d4633d,1,False,Standard,data engineer,India,Mid,Not specified,6-10 years,0,10.0,False,False,False,False,False,False,False
5697517552,9db5511a91b4c7923c3771444d6aa9605ee31b03,1,False,Standard,data engineer,India,Mid,Not specified,Missing,3,,False,True,True,True,True,True,False
5697210395,e2295660605a6681449148cad85b1d7301268b9b,1,False,Standard,data engineer,India,Mid,Not specified,6-10 years,2,10.0,False,False,True,False,True,False,True
5703562307,01331bbb2ae994f1034366849c7b9bf2dd6c426b,1,False,Standard,data engineer,India,Mid,Not specified,6-10 years,2,6.0,False,False,True,True,True,False,False
5687247470,1d7aa3d3939d0ba479d08c3de4d77237a16912eb,1,False,Standard,data engineer,India,Mid,Not specified,6-10 years,0,8.0,False,False,False,False,False,False,False
5694089855,251777eb1f3f469fc0c644c7c9d0fc3a0338bff3,1,False,Standard,data engineer,India,Mid,Not specified,6-10 years,1,8.0,False,False,True,False,True,False,False
5694090152,72ddfc7fffc78a28c96ebd01ff1f2829a07eb257,1,False,Standard,data engineer,India,Mid,Not specified,Missing,1,,False,True,True,False,True,False,False
5699978201,5e5453997af30ba0c8ab228db5dfad4fd8447175,1,False,Standard,data engineer,India,Mid,Not specified,11+ years,3,18.0,False,False,True,True,True,True,False
5683837186,f90a59fc34506f98dd08ba75bd763d84b94ba896,1,False,Standard,data engineer,India,Mid,Not specified,Missing,0,,False,True,False,False,False,False,False
5709942685,b4073320cd6616b2bb3bea01bce1d648ea18e48b,1,False,Standard,data engineer,India,Mid,Not specified,Missing,0,,False,True,False,False,False,False,False
5701275903,eec80f69569c34169bbb29c50f868172e95f8a43,1,False,Standard,data engineer,India,Mid,Not specified,6-10 years,2,6.0,False,False,True,False,True,True,False
5711045652,75fb29dd69e556f2ce4604bf7caedc89ac4c5bcf,1,False,Standard,data engineer,India,Mid,Not specified,Missing,1,,False,True,True,False,True,False,False
5711045113,4be16ef896fb9a501bbb12222aec023c4bc4c179,1,False,Standard,data engineer,India,Mid,Not specified,Missing,0,,False,True,False,False,False,False,False
5680961430,4e2a236f45bdd34fff913671b7d265dde3024000,1,False,Standard,data engineer,India,Mid,Not specified,Missing,2,,False,True,True,False,True,False,False
5671415930,8243e30dc6302fc4578feb7ed2fc76a86af3be8b,1,False,Standard,data engineer,India,Mid,Not specified,6-10 years,3,7.0,False,False,True,True,True,False,False
5585220802,9cee3c3a3971fab1d07d08332d124d37d7c301af,1,True,Premium,data engineer,India,Senior,Not specified,Missing,0,,False,True,False,False,False,False,False
5699973075,8e6d48394152b1643cf9db149ee36ea8ffa3e66e,1,True,Premium,data engineer,India,Lead,Not specified,6-10 years,0,8.0,False,False,False,False,False,False,False
5688078822,e32a9ccc23057c75730dce1e9a44aed8085fb5f5,1,True,Premium,data engineer,India,Senior,Not specified,3-5 years,0,5.0,False,False,False,False,False,False,False
5697206111,49c15b3356abbbb24aaf38260b7f04e416703140,1,True,Premium,data engineer,India,Lead,Not specified,11+ years,0,12.0,False,False,False,False,False,False,False
5331147640,3f26da1e3d7ee2e14012e05e68293fee3807552e,1,False,Standard,data engineer,India,Mid,Not specified,Missing,0,,False,True,False,False,False,False,False
5694090975,ccdc67123e5a0a1e0b12f3ce15f8c484ea859035,1,True,Premium,data engineer,India,Lead,Not specified,3-5 years,0,5.0,False,False,False,False,False,False,False
5709939956,2fd633b912244513b2916a5317ba09fe3fd08e00,1,True,Premium,data engineer,India,Senior,Not specified,3-5 years,1,5.0,False,False,True,False,False,True,False
5694092345,dec2852980d9992d3ad8c78aa63d55dddb11b0cd,1,True,Premium,data engineer,India,Senior,Not specified,11+ years,4,13.0,False,False,True,True,True,True,True
5705682161,4f17410f2b2eb2f629b459713e71d448273b8a39,1,True,Premium,data engineer,India,Senior,Not specified,11+ years,2,12.0,False,False,True,False,True,True,False
5691677337,e441deabb163dc9a483191c53671a3b207c4e08e,1,False,Standard,data engineer,India,Mid,Not specified,6-10 years,4,10.0,False,False,True,True,True,True,True
5687247780,b461562cb9b33ac2b8ee00f28113b757a110e8de,1,False,Standard,data engineer,India,Mid,Not specified,Missing,2,,False,True,True,False,False,True,True
5704488105,ea10ff6643cbdf1e9770ab7a678482bcb9cd754c,1,False,Standard,data engineer,India,Mid,Not specified,6-10 years,1,8.0,False,False,True,False,True,False,False
5709944433,173043bc56044c140dc70ee27c36c610a2a47c62,1,False,Standard,data engineer,India,Mid,Not specified,Missing,0,,False,True,False,False,False,False,False
5593633644,3bad37acb67a3c4c1990857769bc150a6fc66863,1,False,Standard,data engineer,India,Mid,Not specified,Missing,1,,False,True,True,False,False,False,False
5699983078,3ba802e862c42f1adc7f6fd80479c9f7f652adea,1,True,Premium,data engineer,India,Lead,Not specified,Missing,2,,False,True,True,True,False,False,True
5685309839,1a967425201c7708a5b07b5ccdf49a11283b6028,1,True,Premium,data engineer,India,Senior,Not specified,Missing,3,,False,True,True,True,True,True,False
5685304098,7997896acd5214fe3b268fb64aaecc2aa69231f2,1,True,Premium,data engineer,India,Lead,Not specified,Missing,3,,False,True,True,True,True,True,False
5709943770,89d693899126954660c88d7ef8c1be1d7a61a714,1,True,Premium,data engineer,India,Lead,Not specified,6-10 years,1,8.0,False,False,True,False,False,False,False
5697207146,16661d62ec7487b3669de73384fe67988ecdc228,1,True,Premium,data engineer,India,Lead,Not specified,Missing,0,,False,True,False,False,False,False,False
5711044277,cdc8e7ee348804acdd11c0f53eb6050aff68c167,1,True,Premium,data engineer,India,Senior,Not specified,6-10 years,0,7.0,False,False,False,False,False,False,False
5705215558,3044b5358907351b9b9193021ec54a454efe21ce,1,True,Premium,data engineer,India,Senior,Not specified,Missing,0,,False,True,False,False,False,False,False
5694090927,5490ce408be5bb88d2212c8eeca5aee3b8202b2a,1,False,Standard,data engineer,India,Mid,Not specified,3-5 years,0,5.0,False,False,False,False,False,False,False
5687247441,28ddfe6d9e382b9dddaaa76284d4ddc63c9f919d,1,False,Standard,data engineer,India,Mid,Not specified,6-10 years,0,6.0,False,False,False,False,False,False,False
5705215680,61206c4dccdbff3aa214f16a95ea81a9dd927750,1,True,Premium,data engineer,India,Senior,Not specified,3-5 years,4,5.0,False,False,True,True,True,True,True
5687248395,3ba3ffe53f531028334755243f9d425f79c95fac,1,True,Premium,data engineer,India,Senior,Not specified,Missing,3,,False,True,True,True,True,True,False
5697209958,13a4e308a5de80004a0d9de229a8f7462b833845,1,False,Standard,data engineer,India,Mid,Not specified,6-10 years,3,8.0,False,False,True,True,False,True,True
5709939960,e10b4366278b25ab4012dbff66a5dfe8887a82ec,1,False,Standard,data engineer,India,Mid,Not specified,6-10 years,3,8.0,True,False,True,False,True,True,True
5707159025,0517263c0420b45b3bea3b2084bb0a5a27482962,1,True,Premium,data engineer,India,Senior,Not specified,Missing,0,,False,True,False,False,False,False,False
5705682166,45f0235c1de7b9a32362aca3125b04b4400922ce,1,False,Standard,data engineer,India,Mid,Not specified,3-5 years,0,5.0,False,False,False,False,False,False,False
5702489497,7db30252fe4865d1d00ef9b65b804fe85c35537c,1,False,Standard,data engineer,India,Mid,Not specified,11+ years,1,12.0,False,False,True,False,False,False,False
5707161971,eef4adbacab385355966556d5b4507860c10e164,1,False,Standard,data engineer,India,Mid,Not specified,11+ years,0,12.0,False,False,False,False,False,False,False
5689759954,6f41a514f339c936e567a57fa1ecec6da23f47d8,1,True,Premium,data engineer,India,Senior,Not specified,3-5 years,1,5.0,True,False,True,False,True,False,False
5705678014,3fd288c1d86c9cd26f5c81d8346f752bfef85350,1,True,Premium,data engineer,India,Senior,Not specified,Missing,0,,True,True,False,False,False,False,False
5703562407,d1cce06beaa534c8b577a9646fc2e7e1c5f59e0b,1,True,Premium,data engineer,India,Senior,Not specified,Missing,1,,False,True,True,False,False,False,True
5710022327,9bceef3846647b8cd67e2a857a0db4024b487fb0,1,True,Premium,data engineer,India,Lead,Not specified,Missing,0,,False,True,False,False,False,False,False
5703569254,8cf9a3b1059c2e5d3e27a80f0c0dfefb2405e226,1,False,Standard,data engineer,India,Mid,Not specified,6-10 years,0,6.0,False,False,False,False,False,False,False
5708301033,b9a1ed692c41fb170b78484d98e29e78b76f4f0e,1,True,Premium,data engineer,India,Senior,Not specified,6-10 years,0,10.0,False,False,False,False,False,False,False
5707160655,81eb774d1e35acf4892d921e033622da54022a6e,1,True,Premium,data engineer,India,Senior,Not specified,Missing,2,,False,True,True,True,True,False,False
5702488557,281310f3e981a6d8f39e732d10ecd12ee54d4765,1,True,Premium,data engineer,India,Senior,Not specified,Missing,0,,False,True,False,False,False,False,False
5692783248,4da162f2b021ccb51ab83d8e0f1e1b1cabcbab5f,1,False,Standard,data engineer,India,Mid,Not specified,Missing,0,,False,True,False,False,False,False,False
5698667999,113620dc6375e179abcde4bd93878bc773c173ec,1,True,Premium,data engineer,India,Lead,Not specified,Missing,0,,False,True,False,False,False,False,False
5704500887,84b2ad57d97eed46a19bc742b7c63b54ccb5ddd7,1,True,Premium,data engineer,India,Senior,Not specified,3-5 years,4,5.0,False,False,True,True,True,True,True
5707162030,7bb9114925a700de9ed3dcc5153065661c316548,1,True,Premium,data engineer,India,Lead,Master,11+ years,1,18.0,False,False,True,False,False,False,True
5711045044,1ead3a7a95648118e3345dda81ad405c43b079c8,1,False,Standard,data engineer,India,Mid,Not specified,3-5 years,1,5.0,True,False,True,False,False,False,True
5685320429,0f7bf53b1f47ea376baf7310393d98cd5d438cc6,1,False,Standard,data engineer,India,Mid,Not specified,Missing,0,,False,True,False,False,False,False,False
5709938775,464b5259c560da223eebb2ac104c0acbffead418,1,True,Premium,data engineer,India,Lead,Not specified,Missing,0,,False,True,False,False,False,False,False
5709939479,47876283430d04c95476bd9fafcc3a9b450d7d94,1,True,Premium,data engineer,India,Senior,Not specified,6-10 years,3,10.0,False,False,True,True,True,True,False
5691677347,e4187f89711d125f208327cb3a4babfd5580ff34,1,True,Premium,data engineer,India,Senior,Not specified,Missing,4,,False,True,True,True,True,True,True
5694150523,cf805a66f306590bf637407d7ed8b098f9566e7f,1,True,Premium,data engineer,India,Senior,Not specified,Missing,1,,False,True,True,False,False,False,False
5711044180,12b4804a0fbb853a5f2c61bdfc8611ed15e3176d,1,True,Premium,data engineer,India,Senior,Not specified,6-10 years,2,10.0,False,False,True,True,False,True,False
5689759428,30aeaf3d7cc433d025fd6ccab96e5b68fdb9104f,1,False,Standard,data engineer,India,Mid,Not specified,Missing,2,,False,True,True,False,True,False,True
5710344783,e708383267550c66db7bd6e28687d2190602ba0c,1,False,Standard,data engineer,India,Mid,Not specified,11+ years,3,18.0,False,False,True,True,True,True,False
5703563310,cdfbbe3cd7ef8eff5efa3f22dd4dc473f7a24e61,1,True,Premium,data engineer,India,Senior,Not specified,6-10 years,1,6.0,False,False,True,False,False,True,False
5709942707,ef561a0022f8951d345e4005fb39d82e1452fc06,1,True,Premium,data engineer,India,Senior,Not specified,6-10 years,0,8.0,False,False,False,False,False,False,False
5697518256,10444369509b781d02ef23fb56994049e016666f,1,False,Standard,data engineer,India,Mid,Not specified,Missing,0,,False,True,False,False,False,False,False
5707161329,111108bd4f2bca877891a0ffceccc52d87c1fcae,1,False,Standard,data engineer,India,Mid,Not specified,11+ years,2,15.0,False,False,True,False,False,True,True
5683835120,2573b10716d2c40b7ff5d35fd951e4fbbe8affc0,1,False,Standard,data engineer,India,Mid,Not specified,6-10 years,0,10.0,False,False,False,False,False,False,False
5707958432,c54a32fc650dc5ec0768bf4230bf19bf4f8c6de9,1,False,Standard,data engineer,India,Mid,Not specified,Missing,0,,False,True,False,False,False,False,False
5707958429,0d06774ad9703c47f04fac5ee4dda8c47d87d9f9,1,True,Premium,data engineer,India,Senior,Not specified,Missing,0,,False,True,False,False,False,False,False
5701021240,5ad41b6c86d4aedb004e93b242ac4dc281bfb879,1,True,Premium,data engineer,India,Senior,Not specified,Missing,1,,False,True,True,False,False,False,False
5709069016,13af0115e5b49e696198bc7fa34b6c99818e5c0d,1,False,Standard,data engineer,India,Mid,Not specified,Missing,0,,False,True,False,False,False,False,False
5698667995,9027278ed3652640d248e877b17cac9163046013,1,False,Standard,data engineer,India,Mid,Not specified,Missing,0,,False,True,False,False,False,False,False
5701276191,d7184f0b4e09b51d161d6a0b9f96c5c7ec6213e4,1,False,Standard,data engineer,India,Mid,Not specified,Missing,0,,False,True,False,False,False,False,False
5699979172,2ba9c4a10a1a9b4a2aa1f4bd62fb3da43caa89e7,1,True,Premium,data engineer,India,Senior,Not specified,Missing,0,,False,True,False,False,False,False,False
5703563794,d17c7676d300f71068654b0fd5c5c25f75e02a43,1,False,Standard,data engineer,India,Mid,Not specified,3-5 years,0,5.0,False,False,False,False,False,False,False
5689759321,32524f32ac35f8ae2c1e75788d786abfb77cb68c,1,False,Standard,data engineer,India,Mid,Not specified,Missing,0,,False,True,False,False,False,False,False
5709942339,45049526ac9addbac41d67cabb8681b0bc4075cc,1,False,Standard,data engineer,India,Mid,Not specified,6-10 years,2,6.0,False,False,True,False,True,True,False
5710346755,43ac3e8eb49bed378883290f5b2bd3385ba2e183,1,True,Premium,data engineer,India,Senior,Not specified,3-5 years,0,5.0,False,False,False,False,False,False,False
5697206928,8b19d2155f7d533f9c0aa8ab057e892c90e10342,1,True,Premium,data engineer,India,Senior,Not specified,6-10 years,0,10.0,False,False,False,False,False,False,False
5699979950,b02d2713a832b3ba449cf830ca04b56b507cd0a1,1,False,Standard,data engineer,India,Mid,Not specified,6-10 years,0,8.0,False,False,False,False,False,False,False
5677688727,b4d15943469791f03b6ed2925a8f350358af8fb0,1,False,Standard,data engineer,India,Mid,Not specified,6-10 years,3,10.0,False,False,True,True,True,True,False
5697206574,f0ce5fff5e66a09edea6c98e4a86d89510993c5d,1,False,Standard,data engineer,India,Mid,Not specified,Missing,0,,False,True,False,False,False,False,False
5687248109,af5ddd3efe022602d5a6eb0f1ff693930aa81004,1,False,Standard,data engineer,India,Mid,Not specified,11+ years,3,14.0,False,False,True,True,True,True,False
5694091103,d20fe236246ac46c9251b2f40e07213d4a4835da,1,True,Premium,data engineer,India,Senior,Not specified,Missing,0,,False,True,False,False,False,False,False
5711045555,1e12fa373e5476cce3ca02bb5a59f6f58d9e369e,1,True,Premium,data engineer,India,Senior,Not specified,Missing,0,,False,True,False,False,False,False,False
5681942196,f2a332b393c128f5d52b5af782b2245568aed95c,1,False,Standard,data engineer,India,Mid,Not specified,6-10 years,2,10.0,False,False,True,True,False,True,False
5697395766,4aaa225af38286b654273bfdd343f08be3cf1c1e,1,False,Standard,machine learning engineer,India,Mid,Not specified,6-10 years,2,10.0,False,False,True,True,False,False,False
5688585216,e5f660396c69a08452170c1e11b985d4f07fdd8a,1,False,Standard,machine learning engineer,India,Mid,Not specified,3-5 years,1,5.0,False,False,True,False,False,False,False
5702251255,c9ad4b410035d5d0fbc1a0ae821eb248b1c08f4b,1,False,Standard,machine learning engineer,India,Mid,Not specified,Missing,0,,False,True,False,False,False,False,False
5707344910,543f40fcd60bfe35b077290404dba32574780285,1,False,Standard,machine learning engineer,India,Mid,Not specified,Missing,0,,False,True,False,False,False,False,False
5708450073,0c3663871ad6e3a95775a6e93b838418a6dacce9,1,False,Standard,machine learning engineer,India,Mid,Not specified,Missing,1,,True,True,True,False,False,False,False
5703781957,988056482895ce315449dd905dd8934fb2066f3d,1,False,Standard,machine learning engineer,India,Mid,Not specified,Missing,1,,False,True,True,False,False,False,False
5710346482,dbe4b5aae0386512e869975a4871d1c13364b9f7,1,False,Standard,machine learning engineer,India,Mid,Not specified,Missing,1,,True,True,True,False,False,False,False
5688585964,0a16067620e944c12c5c15301c0c9a36a69c381f,1,False,Standard,machine learning engineer,India,Mid,Not specified,6-10 years,1,10.0,True,False,True,False,False,False,False
5703782035,bc3a863706a6d76068fca4fa10c34d9e2478d2eb,1,False,Standard,machine learning engineer,India,Mid,Not specified,Missing,1,,True,True,True,False,False,False,False
5710345548,3e7da3f0bb8a3263a117ccb09fe1d7569cedfd7e,1,False,Standard,machine learning engineer,India,Mid,Not specified,3-5 years,1,5.0,False,False,True,False,False,False,False
5685854828,128b504e95a4704c96219524ab5941cb4c2eccb2,1,False,Standard,machine learning engineer,India,Mid,Not specified,6-10 years,1,7.0,False,False,True,False,False,False,False
5700379086,fb3f169b1716060e130f01d9522ea125d53ffda1,2,False,Standard,machine learning engineer,India,Mid,Not specified,3-5 years,1,3.0,False,False,True,False,False,False,False
5682212469,b4061cf8c594d4bcd4fadbd173f6199d88d743fa,1,False,Standard,machine learning engineer,India,Mid,Not specified,Missing,0,,False,True,False,False,False,False,False
5685854833,e20e8669fcd02ad46dca45f67bbb0ac34d509033,1,False,Standard,machine learning engineer,India,Mid,Not specified,Missing,0,,False,True,False,False,False,False,False
5709941138,5b177a1988b807fd4b8acc20541b03ec9da729f3,1,False,Standard,machine learning engineer,India,Mid,Not specified,Missing,1,,False,True,True,False,False,False,False
5704655740,582c8249a5f2d97d99b9cb884d841744af0ec83d,1,False,Standard,machine learning engineer,India,Mid,Not specified,6-10 years,1,7.0,False,False,True,False,False,False,False
5703782115,e20acd486ce267a3935b8f1c2e0b4d15e2e6dece,1,False,Standard,machine learning engineer,India,Mid,Not specified,0-2 years,0,2.0,False,False,False,False,False,False,False
5685849216,b0a77d16939d98b907715f9745442515bdc1a0a7,1,False,Standard,machine learning engineer,India,Mid,Not specified,Missing,2,,False,True,True,True,True,False,False
5702713603,c39979906a9aa1bc6bd67ad754cdd1146f1fa07b,1,False,Standard,machine learning engineer,India,Mid,Not specified,0-2 years,0,2.0,False,False,False,False,False,False,False
5707345019,185b1ac5c8592c54d7c9d7ef0de6aad81e08cd5d,1,False,Standard,machine learning engineer,India,Mid,Not specified,Missing,0,,False,True,False,False,False,False,False
5710338521,dad12e504adda24892faafaac74502b3446fd3bf,1,False,Standard,machine learning engineer,India,Mid,Not specified,6-10 years,1,6.0,False,False,True,True,False,False,False
5706155951,fb3f169b1716060e130f01d9522ea125d53ffda1,2,False,Standard,machine learning engineer,India,Mid,Not specified,3-5 years,1,3.0,False,False,True,False,False,False,False
5685849220,125711cf2328d52e1e345e00364e705e7a904f90,1,False,Standard,machine learning engineer,India,Mid,Not specified,Missing,2,,False,True,True,True,False,False,False
5707345867,9462dcd687bd40306c652e65571f7e2272119d33,1,False,Standard,machine learning engineer,India,Mid,Not specified,Missing,2,,False,True,True,True,False,False,False
5679966009,1864ea951941e4689f8e73e4b3619aca27539c96,1,True,Premium,machine learning engineer,India,Lead,Not specified,Missing,0,,False,True,False,False,False,False,False
5689759725,35918f478507265962e8be77919bf2a3eb3e0704,1,True,Premium,machine learning engineer,India,Senior,Not specified,Missing,2,,False,True,True,True,False,False,False
5711044969,c945921339e798dac873da53433ed281a57fed8b,1,True,Premium,machine learning engineer,India,Senior,Not specified,6-10 years,1,6.0,False,False,True,False,False,False,False
5699982897,51682f9431384a36e16ffdad44da659a9252963c,1,True,Premium,machine learning engineer,India,Senior,Not specified,6-10 years,1,8.0,False,False,True,False,False,False,False
5704480843,a97555d3d1c1dbc3d54840b5a8194f8a3fc99c5d,1,True,Premium,machine learning engineer,India,Senior,Master,3-5 years,1,5.0,True,False,True,False,False,False,False
5708302924,bed75333400ea726c5abee684a1a49116f39a7fb,1,True,Premium,machine learning engineer,India,Senior,Not specified,Missing,1,,False,True,True,False,False,False,False
5710344630,2bcaf399ce8943b014c2c3e6414a1160eb00cec3,1,False,Standard,machine learning engineer,India,Mid,Not specified,6-10 years,1,10.0,False,False,True,False,False,False,False
5711044379,aee53f2452514f41c225fece73c0849955d7bb48,1,True,Premium,machine learning engineer,India,Senior,Not specified,Missing,1,,False,True,True,False,False,False,False
5666094028,f16593afb4710027c03beab94f368b63790a7fbe,1,True,Premium,machine learning engineer,India,Senior,Not specified,6-10 years,1,10.0,False,False,True,False,False,False,False
5703782000,c9077a8a27ebb7501a9ee0e5683b8721ef8eed1c,1,False,Standard,machine learning engineer,India,Mid,Not specified,6-10 years,1,8.0,False,False,True,False,False,False,False
5691304203,7810b55f6ee7a1838f97bcb4936be63b19ce8467,1,False,Standard,machine learning engineer,India,Mid,Not specified,Missing,0,,False,True,False,False,False,False,False
5704500980,bdfe96eaec1e2f18ffd7d538426ef7c5903a88fc,1,True,Premium,machine learning engineer,India,Senior,Not specified,6-10 years,1,7.0,False,False,True,False,False,False,False
5709942833,b2522d50e171207c0d8bf0351de75403c51269fa,1,True,Premium,machine learning engineer,India,Senior,Not specified,11+ years,1,12.0,False,False,True,False,False,False,False
5687609467,5d37f5917e1820bc6802e3e40287123e3d8e91d2,1,False,Standard,machine learning engineer,India,Mid,Not specified,Missing,0,,False,True,False,False,False,False,False
5691676064,b27db0a335bd35b2bb2615c555c018e77c77f9c8,1,True,Premium,machine learning engineer,India,Senior,Not specified,3-5 years,0,3.0,False,False,False,False,False,False,False
5692063720,a2ee9c71e7003e6136784f586e984fdece350375,1,False,Standard,machine learning engineer,India,Mid,Not specified,Missing,0,,False,True,False,False,False,False,False
5702487502,7ec77a1a524e035bb081a066250f5bf08e1cb93d,1,True,Premium,machine learning engineer,India,Senior,Not specified,Missing,1,,False,True,True,False,False,False,False
5710346708,0084e01dd5ff68685a2051cda90746c3a53beb84,1,False,Standard,machine learning engineer,India,Mid,Not specified,Missing,1,,False,True,True,False,False,False,True
5705678651,ac0400259574a55a2fc2941ffb03d0539cfab394,1,True,Premium,machine learning engineer,India,Senior,Not specified,Missing,0,,False,True,False,False,False,False,False
5685315476,053ee1df1527d0a6a0364b3281e27c941a3ab45f,1,True,Premium,machine learning engineer,India,Senior,Not specified,Missing,0,,False,True,False,False,False,False,False
5699167070,e5f6e40e12e03ea812ef6fc94b404759c65eee64,1,True,Premium,machine learning engineer,India,Senior,Not specified,Missing,0,,False,True,False,False,False,False,False
5704655827,3e314ca93afa2e5ae8cbf2b1eae21249ab230e71,1,False,Standard,machine learning engineer,India,Mid,Not specified,Missing,0,,False,True,False,False,False,False,False
5401068127,af5c5bf693f29e22f60b52472210bd38ac15463f,1,False,Standard,machine learning engineer,India,Mid,PhD,Missing,1,,False,True,True,False,False,False,False
5704655830,0aaf795ffab6245c1c762dfffe29346911b59f83,1,False,Standard,machine learning engineer,India,Mid,Not specified,11+ years,3,12.0,False,False,True,True,True,False,False
5694091605,37331f039fc53a3b84e2d787b6f0ccb6dfb4b149,1,False,Standard,machine learning engineer,India,Mid,Not specified,Missing,1,,False,True,True,False,False,False,False
5694090158,02032482be8c918ee795284272f29f05124cb9d3,1,False,Standard,machine learning engineer,India,Mid,Not specified,Missing,1,,False,True,True,False,False,False,False
5688585182,ecf9039d01588b28ecc79f8e9812c6c163f40469,1,False,Standard,machine learning engineer,India,Mid,Not specified,Missing,0,,False,True,False,False,False,False,False
5699982568,da7b578518bad2819e8f54ff9adf218a7f7bfe6b,1,False,Standard,machine learning engineer,India,Mid,Not specified,3-5 years,1,5.0,False,False,True,False,False,False,False
5641169361,660f35b7f1dd48c987fa165f961e9a1a5a2e4189,1,True,Premium,machine learning engineer,India,Senior,Not specified,Missing,0,,False,True,False,False,False,False,False
5710339497,04f6f9375e736a2c1736ec6be1afafc705892609,1,False,Standard,machine learning engineer,India,Mid,Not specified,Missing,0,,False,True,False,False,False,False,False
5694092235,7275a6dd26e30176c420fa055e02d11012857935,1,True,Premium,machine learning engineer,India,Lead,Not specified,Missing,0,,False,True,False,False,False,False,False
5654937372,008273bc8f1ba39f2f07d80b91b7552c66755a9d,1,False,Standard,machine learning engineer,India,Mid,Not specified,Missing,0,,False,True,False,False,False,False,False
5707162380,9cb3dddf47b74f1e0b2d2bdd754c2654c88402a1,1,True,Premium,machine learning engineer,India,Lead,Not specified,Missing,1,,False,True,True,False,False,False,False
5699972448,b3fa804ee68017a7ca17f04f7bdd9a83531f8f81,1,True,Premium,machine learning engineer,India,Senior,Not specified,Missing,1,,False,True,True,False,False,False,False
5697209538,a85f2aec23df4bded7bb9e0e480db2a7467db654,1,False,Standard,machine learning engineer,India,Mid,Not specified,Missing,1,,False,True,True,False,False,False,False
5665333549,325b6f609594c3b304dd7b31517547ede6cdcefd,1,False,Standard,machine learning engineer,India,Mid,Not specified,Missing,1,,False,True,True,False,False,False,False
5659603481,f38d8af32543d35023dd734f11ae95f1cb966350,1,False,Standard,machine learning engineer,India,Mid,Not specified,6-10 years,1,6.0,False,False,True,False,False,False,False
5711043453,337c3e2aee23f76614ec69c07236b0e0d04c9b59,1,False,Standard,machine learning engineer,India,Mid,Not specified,Missing,0,,False,True,False,False,False,False,False
5711043827,1edefb63eb6cd9db845028ba6bcd4505e36a547e,1,False,Standard,machine learning engineer,India,Mid,Not specified,Missing,0,,False,True,False,False,False,False,False
5711043719,46ab6fdd41d640956f8a64dc28758f64bbc41e54,1,False,Standard,machine learning engineer,India,Mid,Not specified,Missing,0,,False,True,False,False,False,False,False
5711043682,719abfda48ad68822340e357be90dcec3c6be9f3,1,False,Standard,machine learning engineer,India,Mid,Not specified,Missing,0,,False,True,False,False,False,False,False
5711044016,958861c79f76ffadc13ffce54e814e9e87339c93,1,False,Standard,machine learning engineer,India,Mid,Not specified,Missing,0,,False,True,False,False,False,False,False
5711044286,f912383c1ab59652bdd261d9f439b53a41149b4c,1,False,Standard,machine learning engineer,India,Mid,Not specified,Missing,0,,False,True,False,False,False,False,False
5711043491,45aa7fd5bf0ac41589d6d109dad11f1809bdafb2,1,False,Standard,machine learning engineer,India,Mid,Not specified,Missing,0,,False,True,False,False,False,False,False
5711043711,6377477adedf8bfd7cc98a892f54345f4409d01c,1,False,Standard,machine learning engineer,India,Mid,Not specified,Missing,0,,False,True,False,False,False,False,False
5694088728,47edd330d8aa068cad3dfd476835f551fb55372a,1,True,Premium,machine learning engineer,India,Senior,Master,6-10 years,1,8.0,False,False,True,False,False,False,False
5702251440,2b975ca0ac646b440402081a1c727a1986c2f391,1,True,Premium,machine learning engineer,India,Lead,Not specified,Missing,1,,False,True,True,False,False,False,False
5704655847,611cdba338be9450e2d4d5e5eb8f1c2236da8942,1,True,Premium,machine learning engineer,India,Senior,Not specified,Missing,1,,False,True,True,False,False,False,False
5697207066,f373df5f80a7ad40faadcd50b214c46a97ea7445,1,True,Premium,machine learning engineer,India,Lead,Not specified,Missing,2,,False,True,True,False,False,False,True
5703564951,0b45e6f056bd3ffa0a3709e0c748c4a19b9d9d3c,1,False,Standard,machine learning engineer,India,Mid,Not specified,6-10 years,1,10.0,False,False,True,False,False,False,False
5701479766,99d2cd048bac819377ea80383f65c9051c8427c3,1,True,Premium,machine learning engineer,India,Lead,Not specified,Missing,1,,False,True,True,False,False,False,False
5702485375,2487c21a0d8de9c92057e965bdd8b4d65f8b1889,1,True,Premium,machine learning engineer,India,Lead,Not specified,11+ years,0,14.0,False,False,False,False,False,False,False
5691676616,bfca9c0936365f97fd9e256da4af6c8b1718c678,1,True,Premium,machine learning engineer,India,Senior,Not specified,Missing,1,,False,True,True,False,False,False,False
5692179329,367774a87ed6cfa3bfa2cadd0697b33dfa17106b,1,False,Standard,machine learning engineer,India,Mid,Not specified,3-5 years,1,4.0,False,False,True,False,False,False,False
5685814722,25d0bcbfa2e599d780d8f01c41f15bd22e10c534,1,False,Standard,machine learning engineer,India,Mid,Not specified,3-5 years,1,5.0,False,False,True,False,False,False,False
5415364109,ec7267b7676efd242e34b72f45b6606d9420d932,1,False,Standard,machine learning engineer,India,Mid,Not specified,Missing,1,,False,True,True,False,False,False,False
5689994010,66e7ca03ec9dfa46278dca37d238cf974b03e584,1,False,Standard,machine learning engineer,India,Mid,Not specified,Missing,1,,False,True,True,False,False,False,False
5697206836,e94b6a9fbdb844536ba2049fe78f7b512be3ad03,1,False,Standard,machine learning engineer,India,Mid,Not specified,Missing,0,,False,True,False,False,False,False,False
5661211199,63299b42ddf44c29030f8a36d5ec150039db851d,1,False,Standard,machine learning engineer,India,Mid,Not specified,0-2 years,2,1.0,False,False,True,True,False,False,False
5690884900,755e1e663d2dbe0655420bb1c2796a410bc74069,1,False,Standard,machine learning engineer,India,Mid,Not specified,Missing,1,,False,True,True,False,False,False,False
5594764545,b65fab2a5da2e9e3124f24d89da857203ec952da,1,False,Standard,machine learning engineer,India,Mid,Not specified,Missing,1,,False,True,True,False,False,False,False
5700815074,c123270bf9442c69497914fe7dc163558d4efc8b,1,False,Standard,machine learning engineer,India,Mid,Not specified,3-5 years,2,3.0,False,False,True,True,False,False,False
5700815068,7de0bee4bd425298e54e8ab018f0986f26c89c09,1,False,Standard,machine learning engineer,India,Mid,Not specified,3-5 years,2,3.0,False,False,True,True,False,False,False
5687990155,75e55b9191d78c8dc82967f04e6f28de893de5af,1,False,Standard,machine learning engineer,India,Mid,Not specified,3-5 years,2,5.0,False,False,True,True,False,False,False
5107621800,738b374c8f967778717198b8d0241140659c1dfa,1,False,Standard,machine learning engineer,India,Mid,Not specified,3-5 years,2,4.0,False,False,True,True,False,False,False
5646725572,83e387d1a14942643f428988e1273f3482c41e3a,1,False,Standard,machine learning engineer,India,Mid,Not specified,Missing,1,,False,True,True,False,False,False,False
5702933291,83e55562a50e2b2311e0682f67dcb52e3923c0dc,1,False,Standard,machine learning engineer,India,Mid,Not specified,Missing,0,,False,True,False,False,False,False,False
5682357527,2cc8c92495f627d2bd4bc0c119c89d7609c3fe6a,1,False,Standard,machine learning engineer,India,Mid,Not specified,Missing,1,,False,True,True,False,False,False,False
5673833063,f3ccb85ca635b492d86d2786e8731b951fca829f,1,False,Standard,machine learning engineer,India,Mid,Not specified,Missing,1,,False,True,True,False,False,False,False
5540047885,cee6b8261da6011e26004c55f1f8502180ad6baf,1,False,Standard,machine learning engineer,India,Mid,Not specified,6-10 years,1,10.0,True,False,True,False,False,False,False
5679492561,a1457552916b97eecc79a3911ccae2f95df05a0f,1,False,Standard,machine learning engineer,India,Mid,Not specified,Missing,0,,False,True,False,False,False,False,False
5664641950,79435ea85e0e324502aa97f7fda2ad20177c5c3a,1,False,Standard,machine learning engineer,India,Mid,Not specified,Missing,0,,False,True,False,False,False,False,False
5703906666,4cdf113f06a49941f6b9d6d0261eaf8e32315fe1,1,False,Standard,machine learning engineer,India,Mid,Not specified,Missing,0,,False,True,False,False,False,False,False
5671440982,a0dbd0439a1e0d0c5055e50bdd3f738a9cd31b01,1,False,Standard,machine learning engineer,India,Mid,Not specified,Missing,1,,False,True,True,False,False,False,False
5695000855,4f423f367eba5e44a973de6d78d04cc63d47287b,1,False,Standard,machine learning engineer,India,Mid,Not specified,Missing,1,,False,True,True,False,False,False,False
5635046286,59664abe194d0dfb08b893c1991857a166898983,1,False,Standard,machine learning engineer,India,Mid,Not specified,Missing,1,,False,True,True,False,False,False,False
5631092774,56518badc341a61746022d2eb08dd6fe6f1eb9bf,1,False,Standard,machine learning engineer,India,Mid,Not specified,Missing,0,,False,True,False,False,False,False,False
5702777888,7dfae263afa6e20df05dab2790a7b51000602610,1,False,Standard,machine learning engineer,India,Mid,Not specified,Missing,1,,False,True,True,False,False,False,False
5702201228,ddfb96603612410f02946d68d30f781864fa2f85,1,False,Standard,machine learning engineer,India,Mid,Not specified,Missing,1,,False,True,True,False,False,False,False
5702201225,181bcc32f8dd7143e1ef170df347e7f5dc54c3be,1,False,Standard,machine learning engineer,India,Mid,Not specified,Missing,1,,False,True,True,False,False,False,False
5701702274,a7406bac4b747f5ac59316900001fb94662c14a1,1,False,Standard,machine learning engineer,India,Mid,Not specified,Missing,0,,False,True,False,False,False,False,False
5680843891,2fde711b947a80d604ce519af9a91b53e9e568d3,1,False,Standard,machine learning engineer,India,Mid,Not specified,Missing,2,,False,True,True,True,False,False,False
2539490299,b032d02db28458438a8bf92e722164870ea16766,1,False,Standard,machine learning engineer,India,Mid,Not specified,Missing,0,,False,True,False,False,False,False,False
5568771385,d1b87b6f2c653dfa9567f77f83e22e82fe13f919,1,False,Standard,machine learning engineer,India,Mid,Not specified,Missing,0,,False,True,False,False,False,False,False
4899762229,b25260fb51802f4f909ecb80fecbbc9c4d3ff895,1,False,Standard,machine learning engineer,India,Mid,Not specified,Missing,0,,False,True,False,False,False,False,False
5628316573,609b54559b04b0d564135cd3493d84942cb7d30e,1,False,Standard,machine learning engineer,India,Mid,Not specified,Missing,0,,False,True,False,False,False,False,False
5555685275,cae8a8cf32b2935eff622b7989e09acd2de5e053,1,False,Standard,machine learning engineer,India,Mid,Not specified,Missing,0,,False,True,False,False,False,False,False
5658718210,dd17258c84542749b5f6a9d6fa5a546905a824fc,1,False,Standard,machine learning engineer,India,Mid,Not specified,Missing,0,,False,True,False,False,False,False,False
5662018463,123803f122147c75e556017a4375e666a06476c7,1,False,Standard,machine learning engineer,India,Mid,Not specified,3-5 years,2,5.0,False,False,True,True,False,False,True
5672787204,63e449f70f6fd4ae0eaeef554c002d7284f01c2c,1,False,Standard,machine learning engineer,India,Mid,Not specified,Missing,1,,False,True,True,False,False,False,False
5678666523,4bd25c2e9ec3d20b9d7fc092f2ccb8ed0a313341,1,False,Standard,machine learning engineer,India,Mid,Not specified,0-2 years,1,2.0,False,False,True,True,False,False,False
5679807559,e5c30e90fd31020ca4215be9def6535106992e80,1,False,Standard,machine learning engineer,India,Mid,Not specified,Missing,0,,False,True,False,False,False,False,False
5679807476,89f876c80f71dce5eb6e074744d5c7389f6b3af8,1,False,Standard,machine learning engineer,India,Mid,Not specified,Missing,0,,False,True,False,False,False,False,False
5679806781,99c1ffb8d935ddaa521c327d4bbd872371883f54,1,False,Standard,machine learning engineer,India,Mid,Not specified,11+ years,1,15.0,False,False,True,False,False,False,False
5679807517,2904fec9d862266c9c84f16390a3f3fb80e1265d,1,False,Standard,machine learning engineer,India,Mid,Not specified,Missing,0,,False,True,False,False,False,False,False
5679806349,1f749625d7922eb94bd7d84536f3759369c64a52,1,False,Standard,machine learning engineer,India,Mid,Not specified,Missing,1,,False,True,True,False,False,False,False
5683671000,f84782ea293e04c32d2ece79bb157b4ce24fb538,1,False,Standard,machine learning engineer,India,Mid,Not specified,Missing,0,,False,True,False,False,False,False,False
5703191574,b45d537d171d344008d5bd8f68e7f0893b0b19c9,1,False,Standard,machine learning engineer,India,Mid,Master,Missing,3,,False,True,True,True,False,False,True
5703140111,ca3415ab7f67295313ce5c6689c2f1bc1899206d,1,False,Standard,machine learning engineer,India,Mid,Not specified,Missing,0,,False,True,False,False,False,False,False
5703563446,72db661d036f2d714f68e504737c271585555e67,1,True,Premium,machine learning engineer,India,Lead,Not specified,6-10 years,1,8.0,False,False,True,False,False,False,False
5705681324,42e7803ab3eaaab68edc81f7de242e94836f2085,1,False,Standard,machine learning engineer,India,Mid,Not specified,3-5 years,0,5.0,False,False,False,False,False,False,False
5596428599,9d4429a4fe6a0d4cef0e657f6e09f75df42f4a7e,1,True,Premium,machine learning engineer,India,Lead,Not specified,11+ years,1,11.0,False,False,True,False,False,False,False
5704488358,a33ab5a780dbc202469862ca7718138838281640,1,True,Premium,machine learning engineer,India,Lead,Not specified,11+ years,2,12.0,False,False,True,True,False,False,False
5704478403,377adc8f37aa9af6635c6fb6602bb830f1a88a07,1,False,Standard,machine learning engineer,India,Mid,Not specified,Missing,1,,False,True,True,False,False,False,False
5659926214,81b796673994dc08fe129c628dd5f5ad1bea4613,1,True,Premium,machine learning engineer,India,Lead,Not specified,Missing,1,,False,True,True,False,False,False,False
5683278235,8f6629e39bccdc09edd219f85e2f6047d6626029,1,True,Premium,machine learning engineer,India,Senior,Not specified,Missing,1,,True,True,True,False,False,False,False
5636066384,aa7367a197ad09772818998cd4596d9f39fd9d77,1,False,Standard,machine learning engineer,India,Mid,Master,Missing,1,,False,True,True,False,False,False,False
5644812738,b3779b82e089903596eac5e5a584e567f825af8d,1,True,Premium,machine learning engineer,India,Senior,Not specified,Missing,0,,False,True,False,False,False,False,False
5694578350,e563cc13b0a420cf2b3d82ba66c088db806dd189,1,True,Premium,machine learning engineer,India,Senior,Not specified,Missing,0,,False,True,False,False,False,False,False
5678602917,aab5b05e82d42deec61db3eb1a98601ecdbaea65,1,True,Premium,machine learning engineer,India,Senior,Not specified,Missing,1,,False,True,True,False,False,False,False
5540259516,b970d22eb95baabe357d47c97ab00bebe2cfbaec,1,False,Standard,machine learning engineer,India,Mid,Not specified,3-5 years,2,5.0,False,False,True,True,False,False,False
5697641997,fad5d50dfdeeeb8c29c51215c00a38bba13ee97d,1,True,Premium,machine learning engineer,India,Senior,Not specified,3-5 years,2,5.0,False,False,True,False,False,False,False
5671432427,3b9d887b896f5efd2f40904cc27475be12060ea2,1,True,Premium,machine learning engineer,India,Lead,Not specified,Missing,2,,False,True,True,False,False,False,False
5329695975,45b28ea3d26e2e03e2a371ac3a04de86c354a4d5,1,True,Premium,machine learning engineer,India,Senior,Not specified,Missing,1,,False,True,True,False,False,False,False
5620891033,52792e3c1eec54b4ec9fa39896e7d2c775515d5f,1,False,Standard,machine learning engineer,India,Mid,Not specified,11+ years,1,12.0,False,False,True,False,False,False,False
5678663577,87e5efbb9cf2e9a37b263ebcf42b64d034c1fd07,1,False,Standard,machine learning engineer,India,Mid,Not specified,Missing,1,,False,True,True,False,False,False,False
5678663726,0082742c08717789418543cf4d3b9d7f425e90cd,1,False,Standard,machine learning engineer,India,Mid,Not specified,Missing,2,,False,True,True,False,False,False,False
5655308892,da5d0e6303bc7fca0c91e270dc3c06ac6429223c,2,False,Standard,machine learning engineer,India,Mid,Not specified,Missing,0,,False,True,False,False,False,False,False
5672307520,bf84bc12b77775a2def3013b27dc486a7e0f4b85,1,True,Premium,machine learning engineer,India,Senior,Not specified,Missing,1,,False,True,True,False,False,False,False
5693904656,519da5539357734c7f3d034eb0b2cf020df68900,1,True,Premium,machine learning engineer,India,Senior,Not specified,Missing,1,,False,True,True,False,False,False,False
5706407443,ac224a617d94b7a80d8e646dd39fa2d8c99008c6,1,True,Premium,machine learning engineer,India,Lead,Not specified,Missing,0,,False,True,False,False,False,False,False
5693740654,62dca0989d610c6cf12dc0786b5e9567aebcebe7,1,False,Standard,machine learning engineer,India,Mid,Not specified,Missing,1,,False,True,True,False,False,False,False
5576466881,da5d0e6303bc7fca0c91e270dc3c06ac6429223c,2,False,Standard,machine learning engineer,India,Mid,Not specified,Missing,0,,False,True,False,False,False,False,False
5643300962,63050c2ca69f102f2a55d93eac95ff0b8148b572,1,True,Premium,business analyst,India,Senior,Not specified,Missing,0,,False,True,False,False,False,False,False
5663139938,747545ab58563cfc82e66dd17304def68df70cdd,1,False,Standard,business analyst,India,Mid,Not specified,Missing,0,,False,True,False,False,False,False,False
5708301959,ccc4869a6b6f0cae886423754e6df7acead269c1,1,False,Standard,business analyst,India,Mid,Not specified,6-10 years,0,8.0,False,False,False,False,False,False,False
5653910418,bea7b504baa5ac8f84a13c99ba8711cefefb8921,1,False,Standard,business analyst,India,Mid,Not specified,Missing,0,,False,True,False,False,False,False,False
5709941670,4da7ac5cc1d1e0d604252297f7f4af091464cc09,1,False,Standard,business analyst,India,Mid,Not specified,Missing,0,,False,True,False,False,False,False,False
5699757392,db5ba6edb774cee54a6126457ef9090162ea6599,1,True,Premium,business analyst,India,Senior,Not specified,Missing,0,,False,True,False,False,False,False,False
5702198860,cf4f088170c99dd00423d162b4e82cf8642921f6,1,True,Premium,business analyst,India,Lead,Not specified,Missing,1,,False,True,True,False,False,False,False
5704477373,6b1b2c9f7c7b32e0047196615119b3b880f9c510,1,False,Standard,business analyst,India,Mid,Not specified,11+ years,0,12.0,False,False,False,False,False,False,False
5685304732,b906ee5a072fe0adbd9394ee41d88b78991dc658,1,False,Standard,business analyst,India,Mid,Not specified,Missing,0,,True,True,False,False,False,False,False
5701276232,bb48c7ea0dbbdf684fe2062915f8a27bd9d2c89d,1,False,Standard,business analyst,India,Mid,Not specified,6-10 years,0,10.0,False,False,False,False,False,False,False
5692783243,5caaab3a69dca657a3c8c237f23fddc2aa57b395,1,False,Standard,business analyst,India,Mid,Not specified,Missing,0,,False,True,False,False,False,False,False
5688079298,72722dbdfbe284742f0de64feb6ea93f92322e8a,1,False,Standard,business analyst,India,Mid,Not specified,Missing,0,,False,True,False,False,False,False,False
5697209781,3b28cd8ff7f8d6f794924d396f8d5a775d893366,1,False,Standard,business analyst,India,Mid,Not specified,Missing,0,,False,True,False,False,False,False,False
5272596129,8ebd1d40f1549f38ab96907daff044989d673ccd,1,False,Standard,business analyst,India,Mid,Not specified,Missing,0,,False,True,False,False,False,False,False
5709938855,1deb8d6593b53d7aa099acaffd746c4f62cdf1e7,1,False,Standard,business analyst,India,Mid,Not specified,Missing,0,,False,True,False,False,False,False,False
5681943934,193347c8b2a92c2af4283a4c7b7df91a884ff775,1,False,Standard,business analyst,India,Mid,Not specified,11+ years,0,12.0,False,False,False,False,False,False,False
5701276063,b844f6fb900364bdbebdb150c6deeaba0e3a51b8,1,False,Standard,business analyst,India,Mid,Not specified,Missing,0,,False,True,False,False,False,False,False
5671415907,105dfb0ed7e91574076a951b3e881c65097b71d0,1,True,Premium,business analyst,India,Lead,Not specified,Missing,0,,False,True,False,False,False,False,False
5331147667,b5bdb5a799444388ff884d0c7295f142e649ce30,1,True,Premium,business analyst,India,Senior,Not specified,Missing,0,,False,True,False,False,False,False,False
5699973640,4941120c6cbd8a55df171b1b932de0d1650052a1,1,True,Premium,business analyst,India,Senior,Not specified,Missing,0,,False,True,False,False,False,False,False
5708449515,80839846b4f9d14b95267c45fa204da11effc5ad,1,False,Standard,business analyst,India,Mid,Not specified,Missing,0,,False,True,False,False,False,False,False
5681942971,f6fff1f32e14093297cc5c42bc5ca43d922f6cb4,1,True,Premium,business analyst,India,Lead,Not specified,Missing,0,,False,True,False,False,False,False,False
5654633541,566e703bac075ccdf0baacb0bae18f351b2c9f19,1,False,Standard,business analyst,India,Mid,Not specified,Missing,0,,False,True,False,False,False,False,False
5709068989,f1f91c1057c23c47b7c51a8e3f661292a3c901f1,1,True,Premium,business analyst,India,Senior,Not specified,Missing,0,,False,True,False,False,False,False,False
5687609665,c4e64e45fa4579572be342c77d9bc8c827fb1cbb,1,False,Standard,business analyst,India,Mid,Not specified,Missing,0,,False,True,False,False,False,False,False
5701275961,8dfb82dff7ccb04f0361d30a86337c86427f8150,1,True,Premium,business analyst,India,Senior,Not specified,Missing,0,,False,True,False,False,False,False,False
5679965721,fc79daf0f3e516674a7930f211120f7d65b0a33f,1,False,Standard,business analyst,India,Mid,Not specified,Missing,0,,False,True,False,False,False,False,False
5702485343,78aa85d6231a04474d85e818f98d4d936588864a,1,False,Standard,business analyst,India,Mid,Bachelor,6-10 years,0,6.0,False,False,False,False,False,False,False
5689758245,2f2ae085f85c3510e5da3de6e36379ca6e7e4d4c,1,False,Standard,business analyst,India,Mid,Not specified,6-10 years,0,10.0,False,False,False,False,False,False,False
5699705677,28109ebc58d96d9522eb04a90b2d249145620c0f,1,True,Premium,business analyst,India,Senior,Not specified,Missing,0,,False,True,False,False,False,False,False
5689759287,8b5e133207485844ec3308e586b181032bc21199,1,False,Standard,business analyst,India,Mid,Not specified,Missing,1,,False,True,True,False,False,False,False
5626959356,45c82faa4b40f8ca3dd4a67b5e4a98ee805186cb,1,True,Premium,business analyst,India,Senior,Not specified,Missing,0,,False,True,False,False,False,False,False
5703563529,e68318db7db20467fc02c72a2ab87ebd18817dde,1,False,Standard,business analyst,India,Mid,Not specified,Missing,0,,False,True,False,False,False,False,False
5659926193,675c87c6ecf94fe9ca6167820d802a38e7cc023e,1,False,Standard,business analyst,India,Mid,Not specified,Missing,0,,False,True,False,False,False,False,False
5689757834,1b638a184a1ede27bfa19063c593d3ab8492d3e1,1,True,Premium,business analyst,India,Senior,Not specified,6-10 years,0,8.0,False,False,False,False,False,False,False
5711045674,f56ad3d70aff7460f4a4baa8cbd73d5d273af5c6,1,True,Premium,business analyst,India,Lead,Not specified,3-5 years,0,5.0,False,False,False,False,False,False,False
5709939595,1ed6cfbbb77c847135bdd46b97fdb0f480e282d7,1,False,Standard,business analyst,India,Mid,Not specified,Missing,0,,False,True,False,False,False,False,False
5707162222,5a3b229d4d43db40817d74f71c8052d03cf11a0e,1,False,Standard,business analyst,India,Mid,Not specified,Missing,0,,False,True,False,False,False,False,False
5705682165,690768d32ef845c5e9e5832079f28aa59c613b75,1,False,Standard,business analyst,India,Mid,Not specified,Missing,0,,False,True,False,False,False,False,False
5711044713,01546b22401e1b6b4fd88969ec09912cfb9e8de6,1,True,Premium,business analyst,India,Lead,Not specified,Missing,0,,False,True,False,False,False,False,False
5701282583,17cda1b021d20cb0183895ca1f282da440257765,1,False,Standard,business analyst,India,Mid,Not specified,3-5 years,0,4.0,False,False,False,False,False,False,False
5634049986,6940ec0ce6f3b7f7df4b299725fffc859f375376,1,False,Standard,business analyst,India,Mid,Not specified,Missing,0,,True,True,False,False,False,False,False
5704497203,6beeebfcf06a7ddab5bd8b6be78190b254aa6fa9,1,True,Premium,business analyst,India,Senior,Not specified,11+ years,0,20.0,False,False,False,False,False,False,False
5710437803,d29f4cd97ddf70011c533ad973f190e2659ce605,1,False,Standard,business analyst,India,Mid,Not specified,Missing,0,,False,True,False,False,False,False,False
5671631294,6bb31a82d316f34f796e4c29b9a19d2b3d821e49,1,False,Standard,business analyst,India,Mid,Not specified,Missing,0,,False,True,False,False,False,False,False
5708299570,f7c3a2c65fc5a9278579aca498c8b896bf6adecd,1,False,Standard,business analyst,India,Mid,Not specified,Missing,0,,False,True,False,False,False,False,False
5688585925,3ca9d713d358361b4745f5f486aa65f5c6fc2279,1,True,Premium,business analyst,India,Senior,Not specified,Missing,0,,False,True,False,False,False,False,False
5687248424,0fd8e1bd0f71bd0c18dd3fafa368c860b13471b5,1,False,Standard,business analyst,India,Mid,Not specified,Missing,0,,False,True,False,False,False,False,False
5693749619,4e29817a965b5aeda669dd19664bea1e9708a8a6,1,True,Premium,business analyst,India,Lead,Not specified,Missing,0,,True,True,False,False,False,False,False
5689759239,b65004c7fa773f0e4e13ac03096fe53ca93a24dd,1,False,Standard,business analyst,India,Mid,Not specified,Missing,0,,False,True,False,False,False,False,False
5704502598,10dc29213150828635de7ff46b8e3b04e24da89a,1,False,Standard,business analyst,India,Mid,Not specified,0-2 years,0,2.0,False,False,False,False,False,False,False
5693750441,1d921e825d9f734be5aef7befbb8ff1c91505496,1,True,Premium,business analyst,India,Lead,Not specified,Missing,0,,False,True,False,False,False,False,False
5699982921,892e86397299c23add3b8168311c10690a5ac264,1,False,Standard,business analyst,India,Mid,Not specified,Missing,0,,False,True,False,False,False,False,False
5711046284,bf6b19012866dc9f7619d0922237d8af5c7dfdf6,1,False,Standard,business analyst,India,Mid,Not specified,Missing,1,,False,True,True,False,False,False,True
5691677228,e45bae32c63a9867bcd5a14fa40ac0f12c860f86,1,True,Premium,business analyst,India,Lead,Not specified,Missing,0,,False,True,False,False,False,False,False
5710345753,8a7b818be3c93b1fc0266a4e78f9accc340d0087,1,False,Standard,business analyst,India,Mid,Not specified,Missing,1,,False,True,True,False,False,False,False
5697208583,d2e3c1435333fe70b2aff3867120df037c5e03ed,1,True,Premium,business analyst,India,Senior,Bachelor,Missing,1,,False,True,True,False,False,False,False
5604701495,c2ec5dd277da0afa9f53dc507db14ac379df8016,1,False,Standard,business analyst,India,Mid,Not specified,Missing,1,,False,True,True,False,False,False,True
5643596657,a74102bb106ef43fb1b301b49ba97bd7376e5b16,1,True,Premium,business analyst,India,Lead,Not specified,Missing,0,,False,True,False,False,False,False,False
5688585941,41ddb2077a3275566d07168c915f93ba4cdaa12e,1,False,Standard,business analyst,India,Mid,Not specified,Missing,0,,False,True,False,False,False,False,False
5711045977,44a21d7e784eaec287414638069d70504ead20cc,1,False,Standard,business analyst,India,Mid,Not specified,Missing,1,,False,True,True,False,True,False,False
5697210429,31e3fe7f7e6cc51a5022590ca032071ec5790e93,1,True,Premium,business analyst,India,Lead,Not specified,Missing,0,,False,True,False,False,False,False,False
5623816043,a502ae98b15d3597ff5c59fb8dc7ebabd9086f59,1,False,Standard,business analyst,India,Mid,Not specified,Missing,0,,False,True,False,False,False,False,False
5697210430,17bfd650372eec16d6d668998cdc66b1210d0803,1,False,Standard,business analyst,India,Mid,Not specified,Missing,0,,False,True,False,False,False,False,False
5708302903,0927bd8d724a6cf348ffbcc09fa88852aa669996,1,False,Standard,business analyst,India,Mid,Not specified,6-10 years,0,8.0,False,False,False,False,False,False,False
5711044711,5fa49a88676a734321a4d73da3dcf3dcbc3a826a,1,False,Standard,business analyst,India,Mid,Not specified,6-10 years,0,8.0,False,False,False,False,False,False,False
5681941871,219496a5ad548f8a45ffef601166559a5d3e1d4f,1,False,Standard,business analyst,India,Mid,Not specified,6-10 years,0,9.0,False,False,False,False,False,False,False
5708448850,e2c6e4af28eeb95722b671067cea054efe389201,1,False,Standard,business analyst,India,Mid,Not specified,Missing,0,,False,True,False,False,False,False,False
5697206173,15f1d50af1dfe5a650ad1ac58102bb470da7d321,1,True,Premium,business analyst,India,Senior,Not specified,11+ years,2,15.0,True,False,True,False,True,True,False
5711044272,f6820cbf5ecbf32d37e55224b56d1b8c841520be,1,False,Standard,business analyst,India,Mid,Not specified,Missing,1,,False,True,True,False,True,False,False
5364897580,f7a06a876143daa5a70141e3cc9641c48284b238,1,True,Premium,business analyst,India,Senior,Not specified,Missing,0,,False,True,False,False,False,False,False
5697206821,fd56e02244a3b80815e0ff776535b5ef5f129bf2,1,False,Standard,business analyst,India,Mid,Not specified,Missing,1,,False,True,True,False,True,False,False
5691677356,04b118005201a6fa5e1dce16601becf7de8cda9b,1,False,Standard,business analyst,India,Mid,Not specified,Missing,0,,False,True,False,False,False,False,False
5697395303,f359a25deee479ae2541d859b422929d2436a13d,1,False,Standard,business analyst,India,Mid,Not specified,Missing,0,,False,True,False,False,False,False,False
5635687162,dd1aaa78ead4edd2ef7b022827e0d150cdca7232,1,True,Premium,business analyst,India,Lead,Not specified,Missing,1,,False,True,True,False,False,False,False
5301587900,db1a36e1ba4fe0d196b986fd68fc7169253f103b,1,False,Standard,business analyst,India,Mid,Not specified,Missing,0,,False,True,False,False,False,False,False
5699983032,e0cde6395c0d77dbcf92ce4d13a9465e1288cb3e,1,False,Standard,business analyst,India,Mid,Not specified,6-10 years,0,6.0,False,False,False,False,False,False,False
5710345552,8a9fe28bd5d8fd95ee72a5ce8117b9c8db81d984,1,False,Standard,business analyst,India,Mid,Not specified,11+ years,0,15.0,False,False,False,False,False,False,False
5709944327,119241a96333a4bb890ff008be5a97949e14a764,1,True,Premium,business analyst,India,Lead,Not specified,11+ years,0,15.0,False,False,False,False,False,False,False
5687650639,a24e1fba06e88a5860a3b6c5e11a2344c74c8b80,1,False,Standard,business analyst,India,Mid,Not specified,3-5 years,0,3.0,False,False,False,False,False,False,False
5703782062,5dbf7d22525d67b5f97bd53d6175dec952b390b4,1,True,Premium,business analyst,India,Lead,Not specified,11+ years,0,15.0,False,False,False,False,False,False,False
5687246924,eb8269bd713d519b8b4ac49415a9ed0cced54c5e,1,False,Standard,business analyst,India,Mid,Not specified,11+ years,0,15.0,False,False,False,False,False,False,False
5697208653,82fdd3cefc87fbd5d1f5896b09a6e3e7e5342d8b,1,True,Premium,business analyst,India,Lead,Not specified,6-10 years,0,7.0,False,False,False,False,False,False,False
5694091854,3fef0e253b1f642061ddfeaa4a2b7f2811223867,1,False,Standard,business analyst,India,Mid,Not specified,6-10 years,0,8.0,True,False,False,False,False,False,False
5673832669,f572f86a900ae8f3456b77462458b919a409bd41,1,True,Premium,business analyst,India,Senior,Not specified,Missing,0,,False,True,False,False,False,False,False
5703565021,5d03dc7b78e07cc31aa5453ff9c6750fa8dabe5d,1,True,Premium,business analyst,India,Lead,Not specified,Missing,0,,False,True,False,False,False,False,False
5697210097,66d04791448520da74798051560c8e2dc824d031,1,False,Standard,business analyst,India,Mid,Not specified,Missing,0,,False,True,False,False,False,False,False
5697210641,432e7eccaa6139790a1a2de435e61be1d5fea57b,1,False,Standard,business analyst,India,Mid,Not specified,Missing,0,,False,True,False,False,False,False,False
5699168639,610e2664b1be691237a4252ffcb1bfb7609c1594,1,True,Premium,business analyst,India,Lead,Not specified,11+ years,0,12.0,False,False,False,False,False,False,False
5711046078,0513f9c8a6d9e61ce51361e07feac811d9443cd3,1,False,Standard,business analyst,India,Mid,Not specified,3-5 years,0,4.0,False,False,False,False,False,False,False
5525084435,bfeadef0b5b27f628842b266dac5e5329acfa497,1,True,Premium,business analyst,India,Lead,Not specified,Missing,0,,False,True,False,False,False,False,False
5709940619,e23aa9a2f1f058c502b6f3d75c2ffe531ce53e0d,1,False,Standard,business analyst,India,Mid,Not specified,3-5 years,0,5.0,False,False,False,False,False,False,False
5679965743,6f5108b1a3473a2974d83f66048de0030c3a886e,1,True,Premium,business analyst,India,Senior,Not specified,Missing,0,,False,True,False,False,False,False,False
4805045378,213f7f1cbf8929d88c275b269e5dde6d2814d25a,1,False,Standard,business analyst,India,Mid,Not specified,Missing,0,,False,True,False,False,False,False,False
5708450181,4bebfadc0550e8a7366dc3f4498a135f0e36c878,1,True,Premium,business analyst,India,Lead,Not specified,Missing,0,,False,True,False,False,False,False,False
5702487719,c5008d57f61eb55eb37f49019baa7b15747c4dc6,1,False,Standard,business analyst,India,Mid,Not specified,Missing,0,,False,True,False,False,False,False,False
5707161252,fd60fedb5eecc7ec4143f1ac0d2442a168ef5267,1,False,Standard,business analyst,India,Mid,Not specified,6-10 years,0,10.0,False,False,False,False,False,False,False
5689759392,e29e982db8f185096c453802defe5695501964f9,1,False,Standard,business analyst,India,Mid,Not specified,Missing,0,,False,True,False,False,False,False,False
5689993975,9c72b39a23328e330499b200dc0a802a24a0cf52,1,True,Premium,business analyst,India,Lead,Not specified,Missing,0,,False,True,False,False,False,False,False
5705682259,fb9087489459cd624ed18e990ef5bb6ba491b0cd,1,False,Standard,business analyst,India,Mid,Not specified,Missing,0,,False,True,False,False,False,False,False
5685914115,b131f437b312de2676f54d56a16f937a79393c20,1,False,Standard,business analyst,India,Mid,Not specified,Missing,0,,False,True,False,False,False,False,False
5702250464,0336753a960af0ca96b3ed6cd5473b6b041aeda9,1,True,Premium,business analyst,India,Lead,Not specified,Missing,0,,False,True,False,False,False,False,False
5694091994,e67f34b6b3bac4d188a8624b57751120aa5abae3,1,True,Premium,business analyst,India,Lead,Not specified,Missing,1,,False,True,True,False,False,False,False
5680963941,cf59972edf7cc7be49a12ee25b1180455f2f94c0,1,False,Standard,business analyst,India,Mid,Not specified,3-5 years,0,4.0,False,False,False,False,False,False,False
5687247804,b589bcacb8d8c8bf18de07456784921b7c7c7db5,1,True,Premium,business analyst,India,Senior,Not specified,6-10 years,1,10.0,False,False,True,True,False,False,False
5699982546,f954c20b83550d02fd166d1c69bf991a5987b30f,1,False,Standard,business analyst,India,Mid,Not specified,11+ years,0,12.0,False,False,False,False,False,False,False
5693751383,ee1892fd763df4f7172387aad336ff595db08292,1,True,Premium,business analyst,India,Lead,Not specified,Missing,0,,False,True,False,False,False,False,False
5677704473,f0cbac6ada3bf4d0bc078e1ba000bec8369a966d,1,False,Standard,business analyst,India,Mid,Not specified,Missing,1,,False,True,True,False,False,False,False
5693749561,0ca7c256e99894a6f7e951145336b861f6c44535,1,False,Standard,business analyst,India,Mid,Not specified,Missing,1,,False,True,True,False,False,False,False
5671626654,833f92218c9fab3258f64ce4a66d46963e79870e,1,False,Standard,business analyst,India,Mid,Not specified,Missing,0,,False,True,False,False,False,False,False
5688079476,446f11dba2b0a3afb4838cc6f851b96bde85d7b6,1,True,Premium,business analyst,India,Lead,Not specified,Missing,1,,True,True,True,False,False,False,True
5689996698,22977f68c372abc5a075a1ef6b85656598e7f4b7,1,False,Standard,business analyst,India,Mid,Not specified,Missing,0,,False,True,False,False,False,False,False
5699703598,25ec4682bc8908b6abc0cb4651772f67754e97c5,1,True,Premium,business analyst,India,Lead,Not specified,Missing,1,,False,True,True,False,False,False,False
5634050028,9915cb4fb580a5754e80d37376e38201f99ac659,1,True,Premium,business analyst,India,Senior,Not specified,Missing,0,,False,True,False,False,False,False,False
5709942093,61798b23fe76db8f0985e1b7d2ae447c9329526c,1,False,Standard,business analyst,India,Mid,Not specified,11+ years,1,18.0,False,False,True,False,False,True,False
5645148045,4560c7fd6aca34243250ade47db82a3209c86afe,1,False,Standard,business analyst,India,Mid,Not specified,Missing,0,,False,True,False,False,False,False,False
5706350559,2091512e5540b2613081fadd6aeef5ce24a81862,1,False,Standard,business analyst,India,Mid,Not specified,6-10 years,0,6.0,False,False,False,False,False,False,False
5653477188,b928f3c6be96e839ff584472c4392cf0ba062d35,1,False,Standard,business analyst,India,Mid,Not specified,Missing,0,,False,True,False,False,False,False,False
5703189158,cfc6b3f81aaa24e0fe3f9d9b38943d2b07a93cda,1,False,Standard,business analyst,India,Mid,Not specified,Missing,0,,False,True,False,False,False,False,False
5708299143,e2a2985d35f06355b2e1a8be0a59e2b3a7b1c107,1,False,Standard,business analyst,India,Mid,Not specified,Missing,0,,False,True,False,False,False,False,False
5676645789,77de2d4b8fedf820521d7a2bd1cbf037dc4b4f15,1,False,Standard,business analyst,India,Mid,Not specified,3-5 years,3,5.0,False,False,True,True,True,False,False
5699230678,bd593e249aa25890a2b624087b74285e0adde2c2,1,False,Standard,business analyst,India,Mid,Not specified,Missing,0,,False,True,False,False,False,False,False
4725867393,92e78b98cfd225fc8e7fd33a7f7ea579dd8d6485,1,False,Standard,business analyst,India,Mid,Not specified,Missing,0,,False,True,False,False,False,False,False
5271633275,939c75f17f3d9c1c054c414ddda63c2e117c6f78,1,False,Standard,business analyst,India,Mid,Not specified,Missing,0,,False,True,False,False,False,False,False
5707230903,58bf20adbdaf8c322ea5f1aa9935285115d221cc,1,False,Standard,business analyst,India,Mid,Not specified,Missing,0,,False,True,False,False,False,False,False
5703189149,1d6c1c7f69115c037190170287123edeb5e9a23a,1,False,Standard,business analyst,India,Mid,Not specified,Missing,0,,False,True,False,False,False,False,False
5694657088,c87aa224b7dc8d2dd5031ae3a8243cb66a7f9a94,1,False,Standard,business analyst,India,Mid,Not specified,Missing,0,,False,True,False,False,False,False,False
5694089072,0f0980b34e6802189efe5b9c377b1ea7d45434cf,1,False,Standard,business analyst,India,Mid,Not specified,Missing,0,,False,True,False,False,False,False,False
5694088729,373e9e1ba0b10387b838361b24f9d47d7951ff5f,1,True,Premium,business analyst,India,Lead,Not specified,Missing,1,,False,True,True,False,False,False,False
5689758281,679d077f686e0eb77fe670724acb2b89d96f4f4d,1,True,Premium,business analyst,India,Lead,Not specified,11+ years,0,18.0,False,False,False,False,False,False,False
5707161930,53776d7115bf93d5b49a07592f1f4747446328cd,1,False,Standard,business analyst,India,Mid,Not specified,6-10 years,0,10.0,False,False,False,False,False,False,False
5702489597,7fe712f7103b4940668e50b90032fdeb52a21c63,1,False,Standard,business analyst,India,Mid,Not specified,6-10 years,0,10.0,False,False,False,False,False,False,False
5641167328,b2f76dba05250757e100259a016628e8829ad9b1,1,False,Standard,business analyst,India,Mid,Not specified,Missing,0,,False,True,False,False,False,False,False
5693748798,2586ddef6c1a0a7a1a7ee28eff62503479046c3a,1,False,Standard,business analyst,India,Mid,Not specified,Missing,1,,False,True,True,False,True,False,False
5681940290,d0c1e1270647181aa8952450d73f6fc5fc7fcf25,1,False,Standard,business analyst,India,Mid,Not specified,3-5 years,0,4.0,False,False,False,False,False,False,False
5687525489,856c8d80f6bf547b286178b8ea628adf7f4f22da,1,True,Premium,business analyst,India,Lead,Not specified,Missing,1,,False,True,True,False,False,False,False
5678810691,b2376e088abb95f0c903dcc637d2a8b50b032443,1,False,Standard,business analyst,India,Mid,Not specified,Missing,0,,False,True,False,False,False,False,False
5709941399,98e9947d17e6358620d5a2cdc85197d98d310bbc,1,False,Standard,business analyst,India,Mid,Not specified,Missing,0,,False,True,False,False,False,False,False
5607258991,42e79c05de8715b7388b70f47c906cab6e7010b2,1,False,Standard,business analyst,India,Mid,Not specified,Missing,0,,False,True,False,False,False,False,False
5298975172,04f61a41e62e6cc3320045529c03812c766874b4,1,True,Premium,business analyst,India,Senior,Not specified,Missing,0,,False,True,False,False,False,False,False
5632723012,b3aa3692390157574007573d858c87a59c1bd7ec,1,False,Standard,business analyst,India,Mid,Not specified,Missing,0,,False,True,False,False,False,False,False
5703291529,e20bf24c9ff7f7640b5848e860da83ce778b2518,1,True,Premium,business analyst,India,Senior,Not specified,Missing,0,,False,True,False,False,False,False,False
5657219506,8a39032da41194c40a298a8bbe7aa858da6c25c3,1,False,Standard,business analyst,India,Mid,Not specified,Missing,1,,False,True,True,False,False,False,True
5701582816,55b9b954296837b28463114491ec87dfb77b3ace,1,True,Premium,business analyst,India,Lead,Not specified,Missing,0,,False,True,False,False,False,False,False
5681657687,1c20b3205c991e72b4b0b3c02ca6493b185a3df8,1,False,Standard,business analyst,India,Mid,Not specified,Missing,0,,False,True,False,False,False,False,False
5708544526,994f0e1b073da55fab3bf3a4d752ca170e06ab1d,1,False,Standard,business analyst,India,Mid,Not specified,3-5 years,0,4.0,False,False,False,False,False,False,False
5703110415,fc524e7d79b74fd9664d075ff73b1a0ce4443879,1,False,Standard,business analyst,India,Mid,Not specified,Missing,0,,False,True,False,False,False,False,False
4801532684,a33e9ca961014332f16b9cfbc11441e2d7d7e162,1,False,Standard,business analyst,India,Mid,Not specified,Missing,0,,False,True,False,False,False,False,False
5337950212,ade1c48f7d576c833cbcbd5258d1300178d79c4d,1,False,Standard,business analyst,India,Mid,Not specified,3-5 years,1,5.0,False,False,True,False,True,False,False
4686706417,94d2325ccff34bfc3664ef6341eb102f0518eea0,1,False,Standard,business analyst,India,Mid,Not specified,Missing,0,,False,True,False,False,False,False,False
5678666520,9854ec048a498c74238af1417f27954545d2d2c6,1,False,Standard,business analyst,India,Mid,Not specified,6-10 years,1,7.0,False,False,True,False,True,False,False
5508589909,5472e76d79e9405ff9b742131a61898b04375d18,1,False,Standard,business analyst,India,Mid,Not specified,Missing,0,,False,True,False,False,False,False,False
5503836817,46c17bd00961bb430952f15c49b033abe58a4f1d,1,False,Standard,business analyst,India,Mid,Not specified,Missing,0,,False,True,False,False,False,False,False
5679825901,499e8aef7eeaa746450fca1297f2d233d1fbdc07,1,False,Standard,business analyst,India,Mid,Not specified,Missing,1,,False,True,True,False,True,False,False
5695051362,a7d8f5531d204f7f60323a3b625d5281f8ff8bbc,1,False,Standard,business analyst,India,Mid,Not specified,Missing,0,,False,True,False,False,False,False,False
5707796372,e653e1944c751cd2924709366ea7e8e14e387873,1,False,Standard,business analyst,India,Mid,Not specified,Missing,0,,False,True,False,False,False,False,False
5632645712,9836f303c1839cd6839fbae69a51a26306f622f1,1,False,Standard,business analyst,India,Mid,Not specified,Missing,0,,False,True,False,False,False,False,False
5685203192,d7f039be90281505647868579dcda8e65d5da2fd,1,False,Standard,data scientist,Canada,Mid,Not specified,Missing,0,,False,True,False,False,False,False,False
5706574698,f67a1cf22b8deb32cdd46181fe0ac0563c35442a,1,False,Standard,data scientist,Canada,Mid,Not specified,Missing,1,,False,True,True,False,False,False,False
5329699114,ad96e716c96eae0c951866e075e69034e817fccc,1,False,Standard,data scientist,Canada,Mid,Not specified,Missing,0,,True,True,False,False,False,False,False
5696995284,0401e7432ba2c0fd9cf62320479e5263e31ed0c8,1,False,Standard,data scientist,Canada,Mid,Not specified,Missing,0,,False,True,False,False,False,False,False
5707031450,eb249e68707df27c57f21cb4fd1f9b286f73960c,1,False,Standard,data scientist,Canada,Mid,Not specified,Missing,1,,False,True,True,False,False,False,False
5695483722,74effcf49cf4c539562e547c5d922b76d24f338a,1,False,Standard,data scientist,Canada,Mid,Not specified,Missing,0,,False,True,False,False,False,False,False
5675506776,691da452c04ae96aa73529614c407d9e23df4b61,1,False,Standard,data scientist,Canada,Mid,Not specified,Missing,0,,False,True,False,False,False,False,False
5329708528,dee746ab056037a2c34665b4bbdb4d39ae77c921,1,False,Standard,data scientist,Canada,Mid,Not specified,3-5 years,1,5.0,True,False,True,False,True,False,False
5690519457,f381aac3f9f3b2ea12264795a3a05fc56591c11e,1,False,Standard,data scientist,Canada,Mid,Not specified,3-5 years,1,5.0,True,False,True,False,True,False,False
5690519540,1cbfbf905d02002c968bd63d54ce9cf449c87a9e,1,False,Standard,data scientist,Canada,Mid,Not specified,3-5 years,1,5.0,True,False,True,False,True,False,False
5690520624,6b1d39005fa550f26f8dd0d5a6a18279b3692713,1,False,Standard,data scientist,Canada,Mid,Not specified,3-5 years,1,5.0,True,False,True,False,True,False,False
5690520232,1c9a677f91a065aee22612461b5ccf9d28ab1ec0,1,False,Standard,data scientist,Canada,Mid,Not specified,3-5 years,1,5.0,True,False,True,False,True,False,False
5690517913,78e847accc917ee009ee76fd77ec48d4eaa4a6d3,1,False,Standard,data scientist,Canada,Mid,Not specified,3-5 years,1,5.0,True,False,True,False,True,False,False
5690519486,d034d3350a78e915d19a631516921354bc2d0070,1,False,Standard,data scientist,Canada,Mid,Not specified,3-5 years,1,5.0,True,False,True,False,True,False,False
5690520445,75b7183700ada97534096a9b71f0394634f83e31,1,False,Standard,data scientist,Canada,Mid,Not specified,3-5 years,1,5.0,True,False,True,False,True,False,False
5690517933,55176f86791648d89c51fc63e8a1d3a3f4b25b49,1,False,Standard,data scientist,Canada,Mid,Not specified,3-5 years,1,5.0,True,False,True,False,True,False,False
5690517239,26339c293e7862a6feafdd1663747483a3b42bd1,1,False,Standard,data scientist,Canada,Mid,Not specified,3-5 years,1,5.0,True,False,True,False,True,False,False
5690517396,10d23ab41157135afe06e4cfa5de83fa46534b96,1,False,Standard,data scientist,Canada,Mid,Not specified,3-5 years,1,5.0,True,False,True,False,True,False,False
5690519231,67616540c59cb82f2c8dd97ca048a75fe2af1273,1,False,Standard,data scientist,Canada,Mid,Not specified,3-5 years,1,5.0,True,False,True,False,True,False,False
5691215610,55e433c231901748063079c997b3dbe926d19d8b,1,False,Standard,data scientist,Canada,Mid,Not specified,3-5 years,1,5.0,True,False,True,False,True,False,False
5629107621,7c1117fd1d34800043ecdca3c4f53e8dac74d028,1,False,Standard,data scientist,Canada,Mid,Not specified,Missing,0,,False,True,False,False,False,False,False
5700449336,b7731e383b733657a3601960a947c4a89e6f6849,1,False,Standard,data scientist,Canada,Mid,Not specified,Missing,1,,False,True,True,False,False,False,False
5649427580,730cef7ce397d611b398d6b1d3e1aa94fecd524f,1,False,Standard,data scientist,Canada,Mid,Not specified,Missing,0,,False,True,False,False,False,False,False
5692428756,ce0d398c127e1bfa9ddb6ab7f1cef911c8f992b1,1,False,Standard,data scientist,Canada,Mid,Not specified,Missing,0,,False,True,False,False,False,False,False
5683541140,06fb6d40f505e5d40650672b1d5f444aea8d5dd1,1,False,Standard,data scientist,Canada,Mid,Not specified,Missing,0,,False,True,False,False,False,False,False
5183094089,77768bb1edaf1cb1150f43af6300fc688b5e7d3b,1,False,Standard,data scientist,Canada,Mid,Not specified,Missing,1,,False,True,True,False,False,False,False
5683549615,62ead9c4d7d7245bf4c5249f8e2dedd1bf6be474,1,False,Standard,data scientist,Canada,Mid,Not specified,Missing,0,,False,True,False,False,False,False,False
5588266862,11105bbcb827e108d78fcc0b6e2c6f26c51b3306,1,False,Standard,data scientist,Canada,Mid,Not specified,Missing,1,,False,True,True,False,False,False,False
5640673276,87537780d114ae687035bac7ac083e1a83b52603,1,False,Standard,data scientist,Canada,Mid,Not specified,Missing,0,,False,True,False,False,False,False,False
5682401255,3d0735d897318a38ba30ebbf031c525a05260032,1,False,Standard,data scientist,Canada,Mid,Not specified,Missing,1,,False,True,True,False,False,False,False
5682462400,0e691e4119f3d729e50d6d268cafb01d23543e13,1,False,Standard,data scientist,Canada,Mid,Bachelor,Missing,0,,False,True,False,False,False,False,False
5704757464,41e72c0c5e04766044d3e3e2e661f4ba6be0fd9d,1,False,Standard,data scientist,Canada,Mid,Not specified,Missing,0,,False,True,False,False,False,False,False
5707548834,c33718652d2c22b1d8f0475603cf82cfb1cea879,1,False,Standard,data scientist,Canada,Mid,Not specified,Missing,0,,False,True,False,False,False,False,False
4870513913,370e8919f8a5d958d514b31331549a899300a953,1,False,Standard,data scientist,Canada,Mid,Not specified,Missing,0,,False,True,False,False,False,False,False
5605176704,1f7d60541b13ab07006454e26fc5ddfac2055168,1,False,Standard,data scientist,Canada,Mid,Not specified,3-5 years,0,5.0,False,False,False,False,False,False,False
5518926147,2c377650ca32a587ae610ee97a5cf9f6d4c4cc74,1,True,Premium,data scientist,Canada,Senior,Not specified,Missing,1,,False,True,True,False,False,False,False
5698452356,f3eff4c4edee182fbccebb1167c7ae5d2e07747e,1,True,Premium,data scientist,Canada,Lead,Not specified,Missing,0,,False,True,False,False,False,False,False
5709783037,9497ec28f4a954f5e7c64b44f5a5d0cf1593f62b,1,False,Standard,data scientist,Canada,Mid,Not specified,Missing,0,,False,True,False,False,False,False,False
5680423426,687f997deb59be52939ca12da07309941cb3d63c,1,False,Standard,data scientist,Canada,Mid,Not specified,Missing,1,,False,True,True,False,False,False,False
5680423425,82542ffda9c4cd1a1c7222d263a105299bff5a41,1,False,Standard,data scientist,Canada,Mid,Not specified,Missing,1,,False,True,True,False,False,False,False
5680423416,5754da96f2fbbdfb94ae13c26be62cded8d6fd5c,1,False,Standard,data scientist,Canada,Mid,Not specified,Missing,1,,False,True,True,False,False,False,False
5670076428,e8ec55fbdcd4103a45b699efc09563fa4b73e2d0,1,True,Premium,data scientist,Canada,Senior,Not specified,Missing,0,,False,True,False,False,False,False,False
5682745183,cb8373b7105c65ad0d6763c63c201d23a485ee9d,1,True,Premium,data scientist,Canada,Senior,Not specified,Missing,0,,False,True,False,False,False,False,False
5708597608,bebc2d27c333d643d625ca5ead5361d33d68f3d6,1,True,Premium,data scientist,Canada,Senior,Not specified,Missing,0,,False,True,False,False,False,False,False
5077541910,afb130f7045cdc0247abb37fac1cb12200bd677c,1,False,Standard,data scientist,Canada,Junior,Not specified,Missing,1,,False,True,True,False,False,False,False
5708582746,6bd670f637cd1685110c0088c71a47631f2da4d7,1,False,Standard,data scientist,Canada,Mid,Not specified,Missing,0,,False,True,False,False,False,False,False
5635708279,2f946652dda10adaa78b5d2dcee020cddfaaf4c1,1,False,Standard,data scientist,Canada,Mid,Not specified,Missing,0,,False,True,False,False,False,False,False
5709257838,51b9967c19d7929d57a292c32afb23acae924dcd,1,True,Premium,data scientist,Canada,Senior,Not specified,11+ years,0,25.0,False,False,False,False,False,False,False
5709261570,d507a7c44401fdc44390bd2df016d71c0fc62f92,1,True,Premium,data scientist,Canada,Senior,Not specified,Missing,0,,False,True,False,False,False,False,False
5709739621,932785de4f54715dd7e30009699371f1b24dd1da,1,False,Standard,data scientist,Canada,Mid,Not specified,Missing,0,,False,True,False,False,False,False,False
5702865287,39504e887589d8df6913ae0e860f097c08eec615,1,True,Premium,data scientist,Canada,Senior,Not specified,Missing,1,,False,True,True,False,False,False,False
5703863890,6aee0da8a3a8f5933ca20ce27c5397ec8665a410,1,True,Premium,data scientist,Canada,Lead,Not specified,Missing,1,,False,True,True,False,False,False,False
5329711536,f27688f1eba72fbe1b48eaef1cd8fc5ad0401691,1,True,Premium,data scientist,Canada,Senior,Not specified,3-5 years,1,5.0,True,False,True,False,True,False,False
5690517868,b3bb176639e8fd1c5c6170018bf5bcfda38178d6,1,True,Premium,data scientist,Canada,Senior,Not specified,3-5 years,1,5.0,True,False,True,False,True,False,False
5690518859,acf19237c8fb59ecd5732c50072af58eaddcb417,1,True,Premium,data scientist,Canada,Senior,Not specified,3-5 years,1,5.0,True,False,True,False,True,False,False
5690516058,55c9b02c6de8fb9c8496b6a7fd4dfc40f4297b8a,1,True,Premium,data scientist,Canada,Senior,Not specified,3-5 years,1,5.0,True,False,True,False,True,False,False
5690520320,25e1c454259e7a4618c688c3f9e2b1b6178b1b24,1,True,Premium,data scientist,Canada,Senior,Not specified,3-5 years,1,5.0,True,False,True,False,True,False,False
5690517659,9cda278cde44260d7ca5e9f17be6cd57232c429d,1,True,Premium,data scientist,Canada,Senior,Not specified,3-5 years,1,5.0,True,False,True,False,True,False,False
5690520104,b0b4a3b9453232b74c96105dfa16ca2a31f66759,1,True,Premium,data scientist,Canada,Senior,Not specified,3-5 years,1,5.0,True,False,True,False,True,False,False
5690519982,b27eb5dcdd6cb0f3918d9223233f22f718445f75,1,True,Premium,data scientist,Canada,Senior,Not specified,3-5 years,1,5.0,True,False,True,False,True,False,False
5690518177,12e0c9212f004421bffd806faebb7115246e8ed2,1,True,Premium,data scientist,Canada,Senior,Not specified,3-5 years,1,5.0,True,False,True,False,True,False,False
5691215891,ee4990b6792dd84683dc741f2d4c1ecfc4b658c2,1,True,Premium,data scientist,Canada,Senior,Not specified,3-5 years,1,5.0,True,False,True,False,True,False,False
5690518056,5f3e786962e9665756bc9a4a6aba8d16adef3c77,1,True,Premium,data scientist,Canada,Senior,Not specified,3-5 years,1,5.0,True,False,True,False,True,False,False
5690519483,7ab10d4592f19a38e920ee37fb5efe2880dcaf07,1,True,Premium,data scientist,Canada,Senior,Not specified,3-5 years,1,5.0,True,False,True,False,True,False,False
5690520091,5151e3d3e91b4748387eb76ee592fd176076177b,1,True,Premium,data scientist,Canada,Senior,Not specified,3-5 years,1,5.0,True,False,True,False,True,False,False
5313583741,3dc004827ad8e13b064511dcba37a3f92ea4313f,2,True,Premium,data scientist,Canada,Senior,Not specified,Missing,0,,False,True,False,False,False,False,False
5692348679,ab4cb61e6c3890fe4dce6b34b78471696477617b,1,True,Premium,data scientist,Canada,Senior,Not specified,Missing,0,,False,True,False,False,False,False,False
5664824500,49d99210d7452b55ba03b034689550bf6827b80e,1,True,Premium,data scientist,Canada,Senior,Not specified,Missing,0,,False,True,False,False,False,False,False
5710994621,5386bff825e4ec5dab778c5177b84f5d2fd6c07a,1,False,Standard,data scientist,Canada,Mid,Not specified,Missing,0,,False,True,False,False,False,False,False
5531634990,063533809253c47a5e74365cdef25321cc9c6472,1,True,Premium,data scientist,Canada,Lead,Not specified,Missing,0,,False,True,False,False,False,False,False
5691771888,217878ee7627d0502cb8567a1f5196749b7049ca,1,True,Premium,data scientist,Canada,Senior,Not specified,Missing,0,,False,True,False,False,False,False,False
5691771918,f8f92d212eb824593baa15015ddeb60d2c92be2a,1,True,Premium,data scientist,Canada,Senior,Not specified,Missing,0,,False,True,False,False,False,False,False
5626762904,e75c17cbd1daf33b62128f249170454cd563e447,2,True,Premium,data scientist,Canada,Lead,Not specified,Missing,0,,False,True,False,False,False,False,False
5710656496,e75c17cbd1daf33b62128f249170454cd563e447,2,True,Premium,data scientist,Canada,Lead,Not specified,Missing,0,,False,True,False,False,False,False,False
5624722601,3dc004827ad8e13b064511dcba37a3f92ea4313f,2,True,Premium,data scientist,Canada,Senior,Not specified,Missing,0,,False,True,False,False,False,False,False
5661288113,76b1389c5a0585977cda3d1ed6aba39d4e3f450a,1,False,Standard,data scientist,Canada,Mid,Not specified,Missing,0,,False,True,False,False,False,False,False
5694710363,37c4433e265e2d65bfd4d55db3fb8d55d804bd20,1,True,Premium,data scientist,Canada,Senior,Not specified,Missing,0,,False,True,False,False,False,False,False
5650483286,c958fa3dc6a53793c823afffc4dd7fefd63083db,1,False,Standard,data scientist,Canada,Mid,Not specified,Missing,0,,False,True,False,False,False,False,False
5645786918,28faa9e39302f440e9f20282c943c44053800e10,1,False,Standard,data scientist,Canada,Mid,Not specified,Missing,0,,False,True,False,False,False,False,False
5578300475,6b55b998e6d1adf056706fb246452f2bea40ef98,1,False,Standard,data scientist,Canada,Mid,Not specified,Missing,0,,False,True,False,False,False,False,False
5436978383,de720567365200d1594d526438c8166e690a1320,1,True,Premium,data scientist,Canada,Senior,Not specified,Missing,1,,False,True,True,False,False,False,False
5477967073,c5b36faf0c03cdabcb485318fbd90654648a320b,2,False,Standard,data scientist,Canada,Mid,Not specified,Missing,0,,False,True,False,False,False,False,False
5705533718,3c7c3f63933667af885bf9688c910e9188f41143,1,False,Standard,data scientist,Canada,Mid,Not specified,Missing,1,,False,True,True,False,False,False,False
5694205872,af8eb69a5c0c62bf3e19b488906c8717fd0c5d25,1,True,Premium,data scientist,Canada,Senior,Not specified,Missing,0,,False,True,False,False,False,False,False
5690148806,8d2d61a6b0b51c4d78c6371ea1c5b8e982310e16,1,False,Standard,data scientist,Canada,Mid,Not specified,Missing,0,,False,True,False,False,False,False,False
5709261982,1631ddc441b96a1dddabbbc52db4e833110bbeea,1,False,Standard,data scientist,Canada,Mid,Not specified,Missing,0,,False,True,False,False,False,False,False
5699810087,36a07d542e233a2cdb6f8ebfa006afb6a31de345,1,True,Premium,data scientist,Canada,Senior,Not specified,Missing,1,,True,True,True,False,False,False,False
5510480702,c5b36faf0c03cdabcb485318fbd90654648a320b,2,False,Standard,data scientist,Canada,Mid,Not specified,Missing,0,,False,True,False,False,False,False,False
5702766037,3d24ab16b625cb794819ef481773b0311ad9b2a5,1,False,Standard,data scientist,Canada,Mid,Not specified,Missing,0,,False,True,False,False,False,False,False
5697606706,901ff8d91182eb551c46ef63afd59dc95b06a7b8,1,True,Premium,data scientist,Canada,Lead,Not specified,Missing,0,,False,True,False,False,False,False,False
5700498677,f1939acbf34166ca61c412fa12f09ca92b9ccc8c,1,True,Premium,data scientist,Canada,Senior,Not specified,Missing,1,,False,True,True,False,False,False,False
5709269551,f5ee21df76d114e819ff4eac31e5b7fe2a1be9a6,1,True,Premium,data scientist,Canada,Senior,Not specified,Missing,0,,False,True,False,False,False,False,False
5710514517,099761c8ec1996c5757cc820e5eadc36fb216d1a,1,False,Standard,data scientist,Canada,Mid,Not specified,Missing,1,,False,True,True,False,False,False,False
5701675951,52b7e45a08da7f88330a16c9a8979ccb8deb9e97,1,False,Standard,data scientist,Canada,Mid,Not specified,Missing,0,,False,True,False,False,False,False,False
5626762905,057de8d865378102218e43ee480e06b52c6b1299,1,True,Premium,data scientist,Canada,Senior,Not specified,Missing,0,,False,True,False,False,False,False,False
5710656392,a93a7188016f5841c30b06cedb2cf7ff92689d08,1,True,Premium,data scientist,Canada,Senior,Not specified,Missing,0,,False,True,False,False,False,False,False
5517863961,7c55590bb0c79c09a64264d197449edddd91c536,1,False,Standard,data scientist,Canada,Mid,Not specified,Missing,1,,False,True,True,False,False,False,False
5564891823,ce13972789b52012dec2557c75dec2c51d3ea0a1,1,False,Standard,data scientist,Canada,Mid,Not specified,Missing,0,,False,True,False,False,False,False,False
5641499741,0c45be6dc085fabe04e216a9c7964fc88f56e268,1,True,Premium,data scientist,Canada,Lead,Not specified,Missing,0,,False,True,False,False,False,False,False
5683843975,174552fb40904be1ff3c0ed471f23fb9163157fa,1,True,Premium,data scientist,Canada,Senior,Not specified,Missing,0,,False,True,False,False,False,False,False
5687640326,ba7a5a7f8480ade73c5e519d48a3fe8a5db22a08,1,True,Premium,data scientist,Canada,Lead,Not specified,6-10 years,0,10.0,False,False,False,False,False,False,False
5708624633,24130509ca39e848dafb9c667d98138d7b24f146,1,True,Premium,data scientist,Canada,Senior,Not specified,Missing,0,,False,True,False,False,False,False,False
5701805640,6b48674bd218ed496fcd4060e772ae6715f8c3ad,1,True,Premium,data scientist,Canada,Lead,Not specified,Missing,1,,False,True,True,False,False,False,False
5696907570,94ab3971bd755bb90bea17dd19c02587fa929de0,1,False,Standard,data scientist,Canada,Mid,Not specified,Missing,0,,False,True,False,False,False,False,False
5703900250,240787389bcfc9d89cc4257c811a9cc80a47e3af,1,False,Standard,data scientist,Canada,Mid,Not specified,Missing,0,,False,True,False,False,False,False,False
5699315718,77a1ed3e5b11be0f3fe951e953ac3043dfeed246,1,True,Premium,data scientist,Canada,Senior,Not specified,Missing,1,,False,True,True,False,False,True,False
5700852801,896eccaed9d9c54a6760482bcfb8b9a77db882d1,1,True,Premium,data scientist,Canada,Senior,Not specified,Missing,0,,False,True,False,False,False,False,False
5658742348,3ec9e9ad4537def68c7a0cd09013a1e5b4d6e807,1,True,Premium,data scientist,Canada,Senior,Not specified,Missing,0,,False,True,False,False,False,False,False
5539974998,cc175e8982db98c1c5d7f4517687706ae1e9bfe9,1,False,Standard,data scientist,Canada,Mid,Not specified,Missing,0,,False,True,False,False,False,False,False
5667935300,e7de0a5f175d48e374bf458364ecbb23ad073d4d,1,False,Standard,data scientist,Canada,Mid,Not specified,Missing,0,,False,True,False,False,False,False,False
5329713776,ee62cc41897445617a01fda22ec131d866532959,1,False,Standard,data scientist,Canada,Mid,Not specified,Missing,2,,False,True,True,False,False,False,True
5594444399,b9b2b0a7d6dc5f80f739f76511b345eb34108075,1,False,Standard,data scientist,Canada,Mid,Not specified,Missing,0,,False,True,False,False,False,False,False
5707465419,92668c1a884cf0107e5527fb9dff017f1ef8fca4,1,False,Standard,data scientist,Canada,Mid,Not specified,Missing,0,,False,True,False,False,False,False,False
5707542815,e60a045b256d3a0b74f71039670bfdec6ea9e914,1,True,Premium,data scientist,Canada,Lead,Not specified,Missing,0,,False,True,False,False,False,False,False
5702880905,3b26b4a754e6f23ed184466a1ae32c012a74d07d,1,True,Premium,data scientist,Canada,Senior,Bachelor,Missing,0,,False,True,False,False,False,False,False
5702438024,0e31783fc02fca94ba62b6e96d21ab74c5e2d86f,1,True,Premium,data scientist,Canada,Senior,Bachelor,Missing,0,,False,True,False,False,False,False,False
5664817655,862f00afa79b27a4c6a75dcc0afc4107474dc647,1,False,Standard,data scientist,Canada,Mid,Not specified,Missing,0,,False,True,False,False,False,False,False
5697948554,6793070ee8f72b987ffa3e66149be4f4196e7c89,1,False,Standard,data scientist,Canada,Mid,Not specified,Missing,0,,False,True,False,False,False,False,False
5548766702,c8db24e167a8bb6ea85be45f32f8e610271d632c,1,True,Premium,data scientist,Canada,Senior,Not specified,Missing,0,,False,True,False,False,False,False,False
5640877050,71ea335df9dc69224ee075d91551dc91be71171a,1,False,Standard,data scientist,Canada,Mid,Not specified,Missing,0,,False,True,False,False,False,False,False
5692809999,2466571d71e77edecae0ad4888b34019f013bb1a,1,False,Standard,data scientist,Canada,Mid,Not specified,Missing,0,,False,True,False,False,False,False,False
5688526527,b20eb57be4bc0c6344661b64e66311b398014a4c,1,True,Premium,data scientist,Canada,Lead,Not specified,6-10 years,0,10.0,False,False,False,False,False,False,False
5679591273,dd26effd1b75d5931b0827016a4b7448315bcc16,1,False,Standard,data scientist,Canada,Mid,Not specified,Missing,0,,False,True,False,False,False,False,False
5695307248,46aceca30df3ae01b8ecfdb54a0ab6957b631deb,1,False,Standard,data scientist,Canada,Mid,Not specified,Missing,1,,False,True,True,False,False,False,False
5682374132,0db47628628942147ac2dd5f2fe6d3d8b71f226f,1,False,Standard,data scientist,Canada,Mid,Not specified,Missing,0,,False,True,False,False,False,False,False
5710534736,42959ce1132d1e2cbc5305130cf13fd42f06c15e,1,False,Standard,data scientist,Canada,Mid,Not specified,Missing,1,,False,True,True,False,False,False,False
5694866365,b55ea2a269718c1b7c6b955c343c4bc6f1b386dc,1,False,Standard,data scientist,Canada,Mid,Not specified,Missing,0,,False,True,False,False,False,False,False
5495453407,f34fd37ee28caaba8937b0289a38de4d26a62843,1,False,Standard,data scientist,Canada,Mid,Not specified,Missing,0,,False,True,False,False,False,False,False
5689206606,9762118d9fae4595683f209d3429ffa7a6f38326,1,True,Premium,data scientist,Canada,Senior,Not specified,Missing,1,,False,True,True,False,False,False,False
5702439087,824955c392d377450c4247ab22a531342a9a9e39,1,True,Premium,data scientist,Canada,Senior,Not specified,3-5 years,2,5.0,False,False,True,True,True,False,False
5697587159,15124ea98bea2bbbc71610b3079f9ef9711d03dd,1,False,Standard,data scientist,Canada,Mid,Not specified,Missing,0,,False,True,False,False,False,False,False
5699054112,53f0fda662b23327d70467a4b68884aeb8e0e331,1,True,Premium,data scientist,Canada,Senior,Not specified,Missing,0,,True,True,False,False,False,False,False
5678225127,7361b346fc8ee48bc4cf542b480c4b8a8c380ba4,1,True,Premium,data scientist,Canada,Senior,Not specified,Missing,1,,False,True,True,False,False,False,False
5601291509,9ae6540d3f166e64a996400453e0fb83824fb380,1,False,Standard,data scientist,Canada,Mid,Not specified,Missing,0,,False,True,False,False,False,False,False
5654020051,d9454b9d58f5834226e975474161fecb403c99d3,1,True,Premium,data scientist,Canada,Senior,Not specified,Missing,1,,False,True,True,False,False,False,False
5701578477,24db9c37f68d786b431ecfcbd1a80ca56d5fcc0e,1,False,Standard,data analyst,Canada,Mid,Not specified,Missing,0,,False,True,False,False,False,False,False
5699603109,f18dca9cff49915853aa43b641dd82483aff7f2a,1,True,Premium,data analyst,Canada,Senior,Not specified,Missing,0,,False,True,False,False,False,False,False
5677066010,94d371e9c78b78ccfd83801bbfcdeadd87d125c2,1,False,Standard,data analyst,Canada,Mid,Not specified,Missing,0,,False,True,False,False,False,False,False
5694042063,f0503113e11cbade920a812d49cd2e1504dff08e,1,False,Standard,data analyst,Canada,Mid,Not specified,Missing,0,,False,True,False,False,False,False,False
5707883962,fc7a75140917c585d1ba7b6d5660bd421b6473f2,1,False,Standard,data analyst,Canada,Mid,Not specified,Missing,0,,False,True,False,False,False,False,False
5706461130,8576594654272f3b72ee767d57a7390e0f96097d,1,False,Standard,data analyst,Canada,Mid,Not specified,Missing,0,,False,True,False,False,False,False,False
5708663730,5906dbf535a7f51525a08a2339ca313ca2486aae,1,False,Standard,data analyst,Canada,Mid,Not specified,Missing,0,,False,True,False,False,False,False,False
5703538140,288b235f2017d5562ec70c4e77001a2be1e20882,1,False,Standard,data analyst,Canada,Mid,Not specified,Missing,0,,True,True,False,False,False,False,False
5701870512,bf675c2eabe8ba483a95c6240555906a897a91d1,1,False,Standard,data analyst,Canada,Mid,Not specified,Missing,0,,False,True,False,False,False,False,False
5710232785,1453c2945aae15c0b272f83f6dc83a6af2989d8a,1,False,Standard,data analyst,Canada,Mid,Not specified,Missing,0,,False,True,False,False,False,False,False
5615854538,ef4e189f3af6884d0efaf314a7abb4fa218edb2b,1,False,Standard,data analyst,Canada,Mid,Not specified,Missing,0,,False,True,False,False,False,False,False
5648925676,13f39f8064f0885a6312a6fa1569ace347d5e620,1,False,Standard,data analyst,Canada,Mid,Not specified,Missing,2,,False,True,True,False,False,False,False
5696977340,e1a21f07c17a2a1f2e7e3253c56d70451beaab16,1,False,Standard,data analyst,Canada,Mid,Not specified,Missing,0,,False,True,False,False,False,False,False
5658791218,5bb9b97c0c5630fafb799ce09195d64b896bac4d,1,False,Standard,data analyst,Canada,Mid,Not specified,Missing,0,,False,True,False,False,False,False,False
5658791211,7e098faefc339d6868572f8317651d6f657aa5d3,1,False,Standard,data analyst,Canada,Mid,Not specified,Missing,0,,False,True,False,False,False,False,False
4801371680,cf129adf56aa440dbb97d68d093dfd173d58c69d,1,False,Standard,data analyst,Canada,Mid,Not specified,3-5 years,1,4.0,False,False,True,True,False,False,False
5609227776,9af494a118dfc66ae6fe5e9b058b1b5c488e7448,1,False,Standard,data analyst,Canada,Mid,Not specified,Missing,0,,False,True,False,False,False,False,False
5708902927,90b623698db7dc828cf5090f37e3aa9ada84e0ae,1,False,Standard,data analyst,Canada,Mid,Not specified,Missing,0,,False,True,False,False,False,False,False
5704439681,ccc8a8799f953027bc6487738d0d778f93c5f6ba,1,False,Standard,data analyst,Canada,Mid,Not specified,Missing,1,,False,True,True,False,False,False,False
5701644632,0c6caf276f39049b1911656e244ae82f16fa314c,1,False,Standard,data analyst,Canada,Mid,Not specified,Missing,1,,False,True,True,False,False,False,False
5701788510,7bc16403d3129a562030c7e2ced0b47b85ba0684,1,False,Standard,data analyst,Canada,Mid,Not specified,Missing,0,,False,True,False,False,False,False,False
5699994188,410d88f6c89b39b4b7ced84d49c8c6e0723b0518,1,False,Standard,data analyst,Canada,Mid,Not specified,Missing,0,,False,True,False,False,False,False,False
5650423213,c37ab717f91efac945f0ed9592b97b441a0d7428,1,False,Standard,data analyst,Canada,Mid,Not specified,Missing,1,,False,True,True,False,False,False,False
5657181242,cc0eb67fc1cd9ab50f361097b1a43cb2852f0338,1,False,Standard,data analyst,Canada,Mid,Not specified,Missing,0,,False,True,False,False,False,False,False
5185880064,a077ab97f4ac29c4c6ac5d4a4b4b35dee7de3ba2,1,False,Standard,data analyst,Canada,Mid,Not specified,Missing,2,,False,True,True,False,False,False,False
5692428660,461c3c00abccd9a123d60b7407cf2e82bcce4e91,1,False,Standard,data analyst,Canada,Mid,Not specified,Missing,0,,False,True,False,False,False,False,False
5692981881,32f8f1e5fb10120344a46b80e5e237c70088bf20,1,False,Standard,data analyst,Canada,Mid,Not specified,Missing,0,,False,True,False,False,False,False,False
5701265972,af353ca7de0ed73f1864287deb758bb48b5552d3,1,False,Standard,data analyst,Canada,Mid,Not specified,Missing,0,,False,True,False,False,False,False,False
5696971883,553183b8ae79dadc0efe43555eed6599ca07ced7,1,False,Standard,data analyst,Canada,Mid,Not specified,Missing,0,,False,True,False,False,False,False,False
5696584813,fc7e1f0c024565ab5d80b163a091099a1f3b812f,1,False,Standard,data analyst,Canada,Mid,Not specified,Missing,0,,False,True,False,False,False,False,False
5710564643,cda7efdd482c67a99e16a1a22d0d4d8cdbcb2b5d,1,False,Standard,data analyst,Canada,Mid,Not specified,Missing,0,,False,True,False,False,False,False,False
5671168261,c715d7d9ca0651a9f9fd009d5292b5050180f12c,1,False,Standard,data analyst,Canada,Mid,Not specified,Missing,0,,False,True,False,False,False,False,False
5709269211,8d74e6e02ec8bd4f1da988edc9f932bf05853f3d,1,False,Standard,data analyst,Canada,Mid,Not specified,11+ years,0,20.0,False,False,False,False,False,False,False
5710627949,ac61331c83c7094ff3df3fb7b487e6520919330a,1,False,Standard,data analyst,Canada,Mid,Not specified,Missing,0,,False,True,False,False,False,False,False
5707625778,d0f085fd0474d72380d73c2b79e0cfb7ea8eeac2,1,False,Standard,data analyst,Canada,Mid,Not specified,Missing,0,,False,True,False,False,False,False,False
5703324123,173d91a995620d6fd662919eaf599b4da10f88d9,1,False,Standard,data analyst,Canada,Mid,Not specified,Missing,0,,False,True,False,False,False,False,False
5694974209,cab4b4bcf9bef488193a53397791d348848ef774,2,True,Premium,data analyst,Canada,Senior,Not specified,11+ years,0,17.0,False,False,False,False,False,False,False
5683197772,ae9ea81fab4e9aeef3195bc9a9818c4077cb9d16,1,False,Standard,data analyst,Canada,Junior,Not specified,Missing,0,,False,True,False,False,False,False,False
5556122996,87326ef7fb39771b0b960aca9ff560fd5cd82b30,1,False,Standard,data analyst,Canada,Mid,Not specified,Missing,0,,False,True,False,False,False,False,False
5687917020,faeed561f02bc1b8bf5445c84ccb31c7fece0c56,1,False,Standard,data analyst,Canada,Mid,Not specified,Missing,0,,False,True,False,False,False,False,False
5704756226,17933e8a6e761af20c4b1e455238fc19d1724d25,1,False,Standard,data analyst,Canada,Mid,Not specified,Missing,1,,False,True,True,False,False,False,False
5704445753,0ac5ab7bf564ec2145ada0a92520aed8de0d96fe,1,False,Standard,data analyst,Canada,Mid,Not specified,Missing,1,,False,True,True,False,False,False,False
5708607978,dd4c0474e2b7e24a34df6a49d3f1b5e6972bcc3c,1,True,Premium,data analyst,Canada,Senior,Not specified,Missing,0,,False,True,False,False,False,False,False
5709615203,03a2860bcac08ddd9881df56ebcd9bf83025f0a9,1,True,Premium,data analyst,Canada,Senior,Not specified,Missing,0,,False,True,False,False,False,False,False
5698901746,a6dd3dee7ea44655228e70bf564b5c3b6c3ec5ae,1,True,Premium,data analyst,Canada,Senior,Not specified,Missing,0,,False,True,False,False,False,False,False
5688289434,d0df07339c58eb0d559d287a7d1cd89bdeed1a7c,1,False,Standard,data analyst,Canada,Mid,Master,Missing,0,,False,True,False,False,False,False,False
5709594338,10ec489066d844fe0f66501370fbd364b4012b8e,1,False,Standard,data analyst,Canada,Mid,Not specified,Missing,0,,False,True,False,False,False,False,False
5709621803,58b0f7216b6ac8c23cb1b03e4ad67c7481443137,1,True,Premium,data analyst,Canada,Senior,Not specified,Missing,1,,False,True,True,False,False,False,False
5687926125,9791bcbf04d9c438d318917736cb2041f1acac46,1,False,Standard,data analyst,Canada,Mid,Not specified,Missing,0,,False,True,False,False,False,False,False
5694816190,cab4b4bcf9bef488193a53397791d348848ef774,2,True,Premium,data analyst,Canada,Senior,Not specified,11+ years,0,17.0,False,False,False,False,False,False,False
5697404003,269b7226ac7b12a2251e07e577e2e31c641c6267,1,True,Premium,data analyst,Canada,Senior,Not specified,11+ years,0,17.0,False,False,False,False,False,False,False
5628304413,377b8e2b8e22327cabcd04ad3e59473eb8962cf2,1,True,Premium,data analyst,Canada,Senior,Not specified,Missing,0,,True,True,False,False,False,False,False
5707412176,7325fda42e3e08858926df2f47bc496c0bf21a5b,1,False,Standard,data analyst,Canada,Mid,Not specified,Missing,0,,False,True,False,False,False,False,False
5709572660,f0f5ab6cbd87875cceb6d98d492822f797584e80,1,True,Premium,data analyst,Canada,Senior,Not specified,Missing,0,,False,True,False,False,False,False,False
5645282476,0331cb8afaef0fe473a8eaa1ef7519ade3776e15,1,False,Standard,data analyst,Canada,Mid,Not specified,Missing,0,,False,True,False,False,False,False,False
5708619752,6f258c6f076dcea81653e9a43f708a25d725429e,1,False,Standard,data analyst,Canada,Mid,Not specified,Missing,0,,False,True,False,False,False,False,False
5262971415,93f70407a683e2ddf096f51717063cdbc5b78781,1,True,Premium,data analyst,Canada,Senior,Not specified,Missing,0,,False,True,False,False,False,False,False
5696900143,48c6397a47f300112ec468d1480231d9494bf0e1,1,False,Standard,data analyst,Canada,Mid,Not specified,Missing,0,,False,True,False,False,False,False,False
5706693004,78687bf1860e7a34bb19c1b846fb7b708302f1bd,1,False,Standard,data analyst,Canada,Mid,Not specified,Missing,0,,False,True,False,False,False,False,False
5678310926,8fc831ef2ad6f4aa9d27d732784da22b78cf04ca,1,False,Standard,data analyst,Canada,Mid,Not specified,Missing,0,,False,True,False,False,False,False,False
5664125483,2c86e4c9b8a55f6bffca39084f343ffbbd388f78,1,False,Standard,data analyst,Canada,Mid,Not specified,Missing,0,,False,True,False,False,False,False,False
5697290461,1b769584eafc25d75d73b79abcfc1e84bd52bbdb,1,False,Standard,data analyst,Canada,Mid,Not specified,Missing,0,,True,True,False,False,False,False,False
5689182310,c2feb066f83a51b7c8b2fbe70209f15da8aba8d2,1,False,Standard,data analyst,Canada,Mid,Not specified,Missing,0,,False,True,False,False,False,False,False
5693737615,4291830322a7d02a0f20af7f6dcc8c6a59ee26ea,1,False,Standard,data analyst,Canada,Mid,Not specified,Missing,0,,False,True,False,False,False,False,False
5708653262,f820d2c4811eaee0d17624d056bd2b85b71141b0,1,False,Standard,data analyst,Canada,Mid,Not specified,Missing,0,,False,True,False,False,False,False,False
5665598206,0b3891fbc961344e7ab67a964056d8ef60917430,1,False,Standard,data analyst,Canada,Mid,Not specified,Missing,0,,False,True,False,False,False,False,False
5696843103,431b70937bf565da262b82ec6b417caa53db2262,1,True,Premium,data analyst,Canada,Senior,Not specified,Missing,0,,False,True,False,False,False,False,False
5687768676,6e6e71d72cc0001856b4c592f1ec9e3cc0e9bb9a,1,False,Standard,data analyst,Canada,Mid,Not specified,Missing,0,,False,True,False,False,False,False,False
5704743671,5027e00803b3797e34c46b568e14be12e74d0c25,1,False,Standard,data analyst,Canada,Mid,Not specified,Missing,0,,False,True,False,False,False,False,False
5706529098,a228e5bcf1d46d76a8d29a3a4af624cd088d7742,1,False,Standard,data analyst,Canada,Mid,Not specified,Missing,0,,False,True,False,False,False,False,False
5709600971,a1cfb10f1e0b21ec6cf1f8cc713d9bac57bd01d3,1,False,Standard,data analyst,Canada,Mid,Not specified,Missing,0,,False,True,False,False,False,False,False
5442632661,141d1fa2e37584c502f77aed778b865ebfe21509,1,False,Standard,data analyst,Canada,Mid,Not specified,Missing,0,,False,True,False,False,False,False,False
5700647207,287dffd73292f20f709f05614d0822097d34b1b0,1,True,Premium,data analyst,Canada,Senior,Not specified,Missing,0,,False,True,False,False,False,False,False
5709262092,d164a0abd2d0724fbd48d67411992ba1e94fb256,1,False,Standard,data analyst,Canada,Junior,Not specified,Missing,0,,False,True,False,False,False,False,False
5697405040,2990dc737713f9ba9668afe959508dd0c91c2e6a,1,True,Premium,data analyst,Canada,Senior,Not specified,Missing,0,,False,True,False,False,False,False,False
5691941002,4a22f754fdd21e255cc6f6701d6f72302bd973dc,1,False,Standard,data analyst,Canada,Mid,Not specified,Missing,0,,False,True,False,False,False,False,False
5691216421,934578d50658d31a9e82b459d4217db4d672642d,1,False,Standard,data analyst,Canada,Mid,Not specified,Missing,0,,False,True,False,False,False,False,False
5704445600,b28e7f954a39ca687ecfe057cc99deb5d84d598f,1,False,Standard,data analyst,Canada,Mid,Not specified,Missing,0,,False,True,False,False,False,False,False
5702433614,648f647284056566a0e25fb2586de64542d19b40,1,False,Standard,data analyst,Canada,Mid,Not specified,Missing,0,,False,True,False,False,False,False,False
4801364754,19fce57c1cc69e6fe19acab638344be9a6fc809d,1,False,Standard,data analyst,Canada,Mid,Not specified,Missing,0,,True,True,False,False,False,False,False
5623648231,79aa3992962c4f7e56d09cc9b6422e21d876d026,1,True,Premium,data analyst,Canada,Senior,Not specified,Missing,0,,False,True,False,False,False,False,False
5701290324,d0fda499bbcfa87a45a034472661504b4a063beb,1,False,Standard,data analyst,Canada,Mid,Not specified,Missing,0,,False,True,False,False,False,False,False
5700532459,2004e3e8fefe5cf404b683bc8cba678873a3c5db,1,False,Standard,data analyst,Canada,Mid,Not specified,Missing,0,,False,True,False,False,False,False,False
5588159525,bc185e8541c54fb300a91ca186f87133962e03e4,1,True,Premium,data analyst,Canada,Senior,Not specified,Missing,0,,False,True,False,False,False,False,False
5700644306,f82eb7311b87f981c897a03dfb0063f65baeb27f,1,False,Standard,data analyst,Canada,Mid,Not specified,Missing,0,,False,True,False,False,False,False,False
5699991988,474629dbc8e549d0ba7b8c3201d23a7a4c6f42cb,1,True,Premium,data analyst,Canada,Senior,Not specified,Missing,1,,False,True,True,False,False,False,False
5648994614,ec74d96a70892c28b758698593ec9a195f3d1ef2,1,False,Standard,data analyst,Canada,Mid,Not specified,Missing,0,,False,True,False,False,False,False,False
5649039956,1631ff52329908d85ce121823f5b717574cf40e1,1,False,Standard,data analyst,Canada,Mid,Not specified,Missing,0,,False,True,False,False,False,False,False
5689708369,50998bdf004820ebc615c2ccf927db8a070a6284,1,False,Standard,data analyst,Canada,Mid,Not specified,Missing,0,,False,True,False,False,False,False,False
5687744931,6ed1862ad7c8e91a183fe44c627b7796fe1a69bf,1,True,Premium,data analyst,Canada,Senior,Not specified,Missing,0,,False,True,False,False,False,False,False
5686612058,748453b59667224c599f594b9c7e5a8d78c7d273,1,True,Premium,data analyst,Canada,Senior,Not specified,Missing,0,,False,True,False,False,False,False,False
5687191639,3100502d78f90a711962837ff68cc3530494a89b,1,True,Premium,data analyst,Canada,Senior,Not specified,Missing,0,,False,True,False,False,False,False,False
4870514812,71f077524e8607c5ae3a9d0fbcf7369d236ca06a,1,False,Standard,data analyst,Canada,Mid,Not specified,Missing,0,,False,True,False,False,False,False,False
5694799267,fb12f71069ac858bcec9a769e9f361a19d93850a,1,True,Premium,data analyst,Canada,Senior,Not specified,Missing,0,,False,True,False,False,False,False,False
4801364839,b92586733e02fc9d0deef6c6d39ccbad4185ac16,1,False,Standard,data analyst,Canada,Mid,Not specified,Missing,0,,False,True,False,False,False,False,False
5696070973,49de87624e9fd0518dc62b5c99a2469e006f4e2c,1,False,Standard,data analyst,Canada,Mid,Not specified,Missing,0,,False,True,False,False,False,False,False
5709567247,d41745e3e83b1a0891fabe9ced09d92d2d3b5ad2,1,False,Standard,data analyst,Canada,Mid,Not specified,Missing,0,,False,True,False,False,False,False,False
5700578397,365c6207a5a2999b26f64f358b70b596ae1f635a,1,True,Premium,data analyst,Canada,Senior,Not specified,Missing,0,,False,True,False,False,False,False,False
5650428492,e0b047e3aa58a2fa34e1c4a704a7da0010424881,1,False,Standard,data analyst,Canada,Mid,Not specified,Missing,1,,False,True,True,False,False,False,False
5696572325,8fee16b2efea763e07800562a809f441f87c672e,1,False,Standard,data analyst,Canada,Mid,Not specified,Missing,0,,False,True,False,False,False,False,False
5688523631,fb7effbeb7645917b94e50e70debe662187eb5bc,1,False,Standard,data analyst,Canada,Mid,Not specified,Missing,0,,False,True,False,False,False,False,False
5710588338,7ecb3cfdff68660472b45503b5f8f1311217f320,1,False,Standard,data analyst,Canada,Mid,Not specified,Missing,0,,False,True,False,False,False,False,False
5552056954,dce7c6ec4ada263332f153e3640c44bc98fbe297,1,True,Premium,data analyst,Canada,Lead,Not specified,Missing,0,,False,True,False,False,False,False,False
5671109653,bc088b94622ec8e762a4d3da084f4ab4c12ce83f,1,False,Standard,data analyst,Canada,Mid,Not specified,Missing,1,,False,True,True,False,False,False,False
5665737202,7626f5f69e3c14c8250bf5e19749c1e55a79254c,1,False,Standard,data analyst,Canada,Mid,Not specified,Missing,0,,False,True,False,False,False,False,False
5686146841,fed7edc0bd382edc125717a72bda0343d08942e6,1,False,Standard,data analyst,Canada,Mid,Not specified,Missing,0,,False,True,False,False,False,False,False
5697291255,2a3c2a13a3d9113fe935dd3de46c689af0988934,1,False,Standard,data analyst,Canada,Mid,Not specified,Missing,0,,False,True,False,False,False,False,False
5704766653,e99e80b3922af8fb2185010df26f17f72ce320aa,1,False,Standard,data analyst,Canada,Mid,Not specified,Missing,0,,False,True,False,False,False,False,False
5481714305,56cee164efcd7993b4b60b49ef3ef3fa15dea793,1,False,Standard,data analyst,Canada,Mid,Not specified,Missing,0,,False,True,False,False,False,False,False
5709605968,e65c18c5ce96290cc3e6b65ab63b42838fd72071,1,False,Standard,data analyst,Canada,Mid,Not specified,Missing,0,,False,True,False,False,False,False,False
5623648232,5342d84312de3efb166ee7c5968ed9691fcf3b93,1,True,Premium,data analyst,Canada,Senior,Not specified,Missing,0,,False,True,False,False,False,False,False
5670365164,d67504ba94272883fcbc144b328e38580d15e5a1,1,True,Premium,data analyst,Canada,Senior,Not specified,Missing,0,,False,True,False,False,False,False,False
5707521649,0d1be339dd52fd32b124c7efdfec45d2c33a0513,1,True,Premium,data analyst,Canada,Senior,Not specified,Missing,0,,False,True,False,False,False,False,False
5690230811,25c20a0f47fb935e732e33afbb3f371357cd6a3c,1,False,Standard,data analyst,Canada,Mid,Not specified,Missing,1,,False,True,True,False,False,False,False
5667879186,63f2cc569046b6b54b3ac2914853c0003fcbff3a,1,True,Premium,data analyst,Canada,Senior,Not specified,Missing,0,,True,True,False,False,False,False,False
5565034086,c146acf5ecd9825f1c2e9cef383f774cb16bfbf1,1,False,Standard,data analyst,Canada,Mid,Not specified,Missing,0,,False,True,False,False,False,False,False
5696937534,815938b0eb1bb7f1649339602a8f59740d8cfb3b,1,False,Standard,data analyst,Canada,Mid,Not specified,Missing,0,,False,True,False,False,False,False,False
5700649205,368638a44364530060062fdea0c24d6c8f14bde4,1,False,Standard,data analyst,Canada,Mid,Not specified,Missing,0,,False,True,False,False,False,False,False
5701646118,e4d48b03c3764dd59dae0c928f8f84211a43cc5c,1,False,Standard,data analyst,Canada,Mid,Not specified,Missing,0,,False,True,False,False,False,False,False
5695995820,9cede9e764cac484829553071f76f1c5d3b09937,1,False,Standard,data analyst,Canada,Mid,Not specified,Missing,0,,False,True,False,False,False,False,False
5702983820,eea62c6acb1800fe4cb18a7a864591fb9a7340ac,1,False,Standard,data analyst,Canada,Mid,Not specified,Missing,0,,False,True,False,False,False,False,False
5457175360,9f0485d25ace738ebbc986a7082ec6d4dc7427c1,1,False,Standard,data analyst,Canada,Mid,Not specified,Missing,0,,False,True,False,False,False,False,False
5690517936,0a6e1f0ac816b2a802b7a711ab3ad6072f3425c4,1,False,Standard,data analyst,Canada,Mid,Not specified,Missing,0,,False,True,False,False,False,False,False
5678337546,3799ac09fd1dceef6f22dfe26e9e904641257ce9,1,False,Standard,data analyst,Canada,Mid,Not specified,Missing,0,,False,True,False,False,False,False,False
5711009460,d8b240ff7f1a9910f9838b6a1db5f9e6b250e79c,1,False,Standard,data analyst,Canada,Mid,Not specified,Missing,0,,False,True,False,False,False,False,False
5681653309,17ab2e7309cc89d89c7429b8ddb7a37a5b81c4ed,1,False,Standard,data analyst,Canada,Mid,Not specified,Missing,0,,False,True,False,False,False,False,False
5680693427,68c73c221b9bd68e77fee30fc1019572013a7feb,1,False,Standard,data analyst,Canada,Mid,Not specified,Missing,0,,False,True,False,False,False,False,False
5674535695,73ac0ad124960cfb4bc325bc0240c65cf500f309,1,False,Standard,data analyst,Canada,Mid,Not specified,Missing,0,,False,True,False,False,False,False,False
5615880324,7cdf2fdc28eba0bbbea6a10ec413a45061a7bb4c,1,False,Standard,data analyst,Canada,Mid,Not specified,Missing,0,,False,True,False,False,False,False,False
5707629702,4120e93c150eb5a99b59c88a234a9d9c02f27fd4,1,True,Premium,data analyst,Canada,Senior,Not specified,Missing,0,,False,True,False,False,False,False,False
5710225487,222ca32d5a8e5fbfc80e51782433b65f9c968877,1,False,Standard,data analyst,Canada,Mid,Not specified,Missing,0,,False,True,False,False,False,False,False
5696847053,86c90c03eab48435d0137fec0491827673ed3071,1,False,Standard,data analyst,Canada,Mid,Not specified,Missing,0,,False,True,False,False,False,False,False
5600389355,00a0bc16167fbf421c87efd4cfbb2be2500151ff,1,True,Premium,data analyst,Canada,Senior,Not specified,Missing,0,,False,True,False,False,False,False,False
5680601751,e9b863cb8358febaedaa1ee46c3e9787bc0c5e96,1,False,Standard,data analyst,Canada,Mid,Not specified,Missing,0,,False,True,False,False,False,False,False
5672347036,466179e0286571fbb893669255a6ee0ad5f2b07b,1,True,Premium,data analyst,Canada,Lead,Not specified,Missing,0,,False,True,False,False,False,False,False
5702718928,f3036f45795b3372e96ecc93cbb0e8d69d620a3d,1,False,Standard,data engineer,Canada,Mid,Not specified,Missing,0,,False,True,False,False,False,False,False
5677053558,09bc6e1e7b0da18eb0721d515be071d071728676,1,False,Standard,data engineer,Canada,Mid,Not specified,Missing,0,,False,True,False,False,False,False,False
5699176571,a34fa5401ec3198ca802c1b845e647419966dc72,1,False,Standard,data engineer,Canada,Mid,Not specified,Missing,0,,True,True,False,False,False,False,False
5709447797,8f9a8354a39ba2d3c73a6a43d313aafa83475a66,1,False,Standard,data engineer,Canada,Mid,Not specified,Missing,3,,False,True,True,False,True,True,True
5636064529,9e33841cffa4e850750748c351e82f0d0620b42b,1,False,Standard,data engineer,Canada,Mid,Not specified,Missing,1,,False,True,True,False,False,False,False
5708924481,c21816ddb49bae868898b5c1973d505902129cd5,1,False,Standard,data engineer,Canada,Mid,Master,Missing,1,,False,True,True,True,False,False,False
5688049345,ddbb65851d182e40db708470426f08c54857398a,2,False,Standard,data engineer,Canada,Mid,Not specified,Missing,0,,False,True,False,False,False,False,False
5710225433,01874d96ad5078b45da3a1aea81b6c9380285e51,1,False,Standard,data engineer,Canada,Mid,Not specified,Missing,1,,True,True,True,False,False,False,True
5708741360,9972b5f0f5d2f1a65363bd5c249e109646055f7b,1,False,Standard,data engineer,Canada,Mid,Not specified,Missing,0,,False,True,False,False,False,False,False
5650479304,be6ac56293cae2a1c9422408d5cb3ad0a72207d2,1,False,Standard,data engineer,Canada,Mid,Not specified,Missing,0,,False,True,False,False,False,False,False
5699988077,1135d6dbb03f22d0a31947a7260d40f8a78f59f5,1,False,Standard,data engineer,Canada,Mid,Not specified,Missing,0,,True,True,False,False,False,False,False
5700645369,f840ce6c7a633ec1395de5e87fa84ee28afc9c2d,1,False,Standard,data engineer,Canada,Mid,Not specified,Missing,0,,False,True,False,False,False,False,False
5329714499,ec675678893541fecdec232d2f3db0f2ae3b5e56,1,False,Standard,data engineer,Canada,Mid,Not specified,3-5 years,2,3.0,True,False,True,True,True,False,False
5664122029,7886391b6e7838f8d5cb9b9d85da41587756ed6c,1,False,Standard,data engineer,Canada,Mid,Not specified,Missing,0,,False,True,False,False,False,False,False
5664121625,bb0debe2ee588d81e8fd8408473513113f67365c,1,False,Standard,data engineer,Canada,Mid,Not specified,Missing,0,,False,True,False,False,False,False,False
5695317806,3f4ff63f8661a900a4cd99b5b5efbf97eeef1f81,1,False,Standard,data engineer,Canada,Mid,Not specified,Missing,0,,False,True,False,False,False,False,False
5105916777,988218f1c82911ef92933ae163eb3ef5969fc48f,1,False,Standard,data engineer,Canada,Mid,Not specified,Missing,1,,False,True,True,False,False,False,False
5501914598,dbacd2e793275127486be9c0e0b51906265ccd61,1,False,Standard,data engineer,Canada,Mid,Not specified,Missing,0,,False,True,False,False,False,False,False
5687178482,f34cd1a4cae32254174db9e3bf3fff399fcb779b,1,False,Standard,data engineer,Canada,Mid,Not specified,Missing,1,,False,True,True,False,False,False,False
4870092386,f75b1811e301842ead682353aaaa32aa11eb9b14,1,False,Standard,data engineer,Canada,Mid,Not specified,3-5 years,1,5.0,False,False,True,False,True,False,False
5261336643,42178c4695c4b6cc0c13b4c4037c6ff6d66c27a1,1,False,Standard,data engineer,Canada,Mid,Not specified,Missing,0,,True,True,False,False,False,False,False
5700556024,85cce3baaa124cae3c732419892a6663bc4880e0,1,False,Standard,data engineer,Canada,Mid,Not specified,Missing,0,,False,True,False,False,False,False,False
5105916782,3ff5896d34a7ba516b6d83312b6abd78d2933b15,1,False,Standard,data engineer,Canada,Mid,Not specified,Missing,1,,False,True,True,False,False,False,False
5697606747,9ab2cc097c036ef7a6f0fbdabe50202114d2f7c5,1,False,Standard,data engineer,Canada,Mid,Not specified,Missing,1,,False,True,True,False,False,False,False
5081274811,31cf78a2aa5fd6209767390bb46bfcc3095414a3,1,False,Standard,data engineer,Canada,Mid,Not specified,Missing,0,,False,True,False,False,False,False,False
5682125064,130e6bbc73b635c87869abb9afd2014543fe0348,1,False,Standard,data engineer,Canada,Mid,Not specified,Missing,0,,False,True,False,False,False,False,False
5658006529,1ae3d66d2739056cba4174c54e500cf7bd60019e,1,False,Standard,data engineer,Canada,Mid,Not specified,Missing,0,,False,True,False,False,False,False,False
5668810781,84799665ef9a33ca4175ce81e723c95318051f40,1,False,Standard,data engineer,Canada,Mid,Not specified,Missing,2,,False,True,True,True,True,False,False
5694738333,e082bee9f0fb0f07739bed94aa9b17d14a36545d,1,False,Standard,data engineer,Canada,Mid,Not specified,Missing,0,,False,True,False,False,False,False,False
4801414966,de7feabbbd0c15a6e1324cecf95e2ab763080932,1,False,Standard,data engineer,Canada,Mid,Not specified,Missing,0,,False,True,False,False,False,False,False
5630544511,73a40c7866a751a8b46d141e0b63a36100a89a1d,1,False,Standard,data engineer,Canada,Mid,Not specified,Missing,0,,False,True,False,False,False,False,False
5707476013,17782e46124d41c3cec6bc31fc69f55fb60828f3,2,False,Standard,data engineer,Canada,Mid,Not specified,Missing,0,,False,True,False,False,False,False,False
5682433266,5a56622faa49721c06e3c44fb54d00ace65fb222,1,False,Standard,data engineer,Canada,Mid,Not specified,Missing,0,,False,True,False,False,False,False,False
5667933927,cce85073ad658ac532f582c68fcf1c5c91c9355d,1,False,Standard,data engineer,Canada,Mid,Not specified,Missing,0,,False,True,False,False,False,False,False
5687821618,17782e46124d41c3cec6bc31fc69f55fb60828f3,2,False,Standard,data engineer,Canada,Mid,Not specified,Missing,0,,False,True,False,False,False,False,False
5711002515,7e094ade876a85f985fbd8b2f2564fbc542202b5,1,False,Standard,data engineer,Canada,Mid,Not specified,Missing,0,,False,True,False,False,False,False,False
5711005391,94c4d3ce6aa3f6219b38690a46540579115b69b4,1,False,Standard,data engineer,Canada,Mid,Not specified,Missing,0,,False,True,False,False,False,False,False
5703336398,720d106e969dc3c61790af8cba30a6fed20c38e9,1,False,Standard,data engineer,Canada,Mid,Not specified,Missing,3,,False,True,True,True,False,True,False
5699790950,af1264bd65d6be6f3c5391d1f7a2d950480988f1,1,False,Standard,data engineer,Canada,Mid,Not specified,Missing,0,,False,True,False,False,False,False,False
5690215909,798da15d72c49b5ec5830fd2d767106c4ee5420c,1,False,Standard,data engineer,Canada,Mid,Not specified,Missing,0,,False,True,False,False,False,False,False
5536365555,c538ced5f0cb1486f2dcfdec64c37ef14df21e32,1,False,Standard,data engineer,Canada,Mid,Not specified,11+ years,0,25.0,False,False,False,False,False,False,False
5709262375,fb69cd1b2ac99ae465455e24e12dd960e26a0fa0,1,False,Standard,data engineer,Canada,Mid,Not specified,Missing,0,,False,True,False,False,False,False,False
5662067821,11037c064294d41a3c22d5d0ceb746c7a72e4939,1,False,Standard,data engineer,Canada,Mid,Not specified,Missing,0,,False,True,False,False,False,False,False
5704007798,4cd59c193eebe298a89151859470b72a123d99f9,1,False,Standard,data engineer,Canada,Mid,Not specified,Missing,0,,False,True,False,False,False,False,False
5699795559,25e6fe59eb9a2c6c2ac0f42b33b7e0b2fbf5ce16,1,True,Premium,data engineer,Canada,Senior,Not specified,6-10 years,3,7.0,True,False,True,True,True,True,False
5604775086,bdde3b37f220bcc0c3b71276f1ba0e830193686a,1,False,Standard,data engineer,Canada,Mid,Not specified,Missing,1,,False,True,True,False,False,False,False
5481165980,f95bbde029423bd0ba7b4e6dcce342a02c2ec13a,1,True,Premium,data engineer,Canada,Senior,Not specified,Missing,0,,False,True,False,False,False,False,False
5669676088,774722dbe2d5c26c600d85c50193d5ce2cd32b49,1,False,Standard,data engineer,Canada,Mid,Not specified,Missing,1,,False,True,True,False,False,False,False
5706574669,0d7a30b33e0b6d0e0f6c193e52e18f363fdda8ff,1,False,Standard,data engineer,Canada,Mid,Not specified,Missing,0,,False,True,False,False,False,False,False
5676358166,3154af73c80456aed3bdcf5f6f300b5e5d3c956c,1,False,Standard,data engineer,Canada,Mid,Not specified,Missing,1,,False,True,True,False,False,False,False
4801455576,3fe3b3bf3b3a0d30ad8cecb2c4a03916b7e4ebc5,1,True,Premium,data engineer,Canada,Lead,Not specified,Missing,0,,False,True,False,False,False,False,False
5626527842,1667c9aeb405046891036768ec72c2ea2758e6f5,1,True,Premium,data engineer,Canada,Senior,Not specified,11+ years,1,15.0,False,False,True,False,False,False,False
5574853127,1a64e75cf4e361076312a12f5de46153d487641a,1,False,Standard,data engineer,Canada,Junior,Not specified,Missing,0,,False,True,False,False,False,False,False
5588167939,181f5e02390020bfc06355970d72b5d642fdfbfc,1,True,Premium,data engineer,Canada,Lead,Not specified,Missing,0,,False,True,False,False,False,False,False
5708741361,7251af883da9d741fcbaaefe6b7be1c769e516c6,1,True,Premium,data engineer,Canada,Senior,Not specified,Missing,0,,False,True,False,False,False,False,False
5329722746,a560eaef11fac15329e161a1935c7f48d9cb45be,1,True,Premium,data engineer,Canada,Senior,Not specified,3-5 years,0,5.0,True,False,False,False,False,False,False
5694365035,5517b14e8e64c73ee7a4effe121916f4ccc5d588,1,True,Premium,data engineer,Canada,Senior,Not specified,Missing,0,,True,True,False,False,False,False,False
5694381783,e3130dca827308bb0ce0a656f3a43b826f80aba7,1,True,Premium,data engineer,Canada,Senior,Not specified,Missing,0,,True,True,False,False,False,False,False
5696574355,5b11cd2c749a430d41e3da479ecc593218bf993d,1,True,Premium,data engineer,Canada,Senior,Not specified,Missing,0,,True,True,False,False,False,False,False
5694373264,672bc5b6d4f7caff74bd5d8761e27b0902b83633,1,True,Premium,data engineer,Canada,Senior,Not specified,Missing,0,,True,True,False,False,False,False,False
5694380979,64e2008be2344f5cffaeb2b7ce2cbeb1813029e5,1,True,Premium,data engineer,Canada,Senior,Not specified,Missing,0,,True,True,False,False,False,False,False
5694381617,ae89ddbe7760cea3ed8538cb5942bd2d8019d8b3,1,True,Premium,data engineer,Canada,Senior,Not specified,Missing,0,,True,True,False,False,False,False,False
5694377249,9c5d707b1ebfacb600b922da58623fe025bbaa35,1,True,Premium,data engineer,Canada,Senior,Not specified,Missing,0,,True,True,False,False,False,False,False
5694374230,1bf86a9aacf68b138e6e81350ac17307e313f7b4,1,True,Premium,data engineer,Canada,Senior,Not specified,Missing,0,,True,True,False,False,False,False,False
5694366528,878244e26c896e7fa51aefbcc286610d82b20183,1,True,Premium,data engineer,Canada,Senior,Not specified,Missing,0,,True,True,False,False,False,False,False
5691210457,f2c93c03a70154931fef99d4f205f8e1742c956c,1,True,Premium,data engineer,Canada,Senior,Not specified,Missing,0,,True,True,False,False,False,False,False
5694381054,f1a64deb97c5776b4fdaa85a9e4d01addde7d638,1,True,Premium,data engineer,Canada,Senior,Not specified,Missing,0,,True,True,False,False,False,False,False
5694374803,e4ba38907b99f8300c487e962098144b7907e873,1,True,Premium,data engineer,Canada,Senior,Not specified,Missing,0,,True,True,False,False,False,False,False
5694366122,5ec829a3e69c2a225237a5fce80251fa89ee13dd,1,True,Premium,data engineer,Canada,Senior,Not specified,Missing,0,,True,True,False,False,False,False,False
5694382326,b52df10d5cd72d72601601f14573409877bb9748,1,True,Premium,data engineer,Canada,Senior,Not specified,Missing,0,,True,True,False,False,False,False,False
5694373487,7dc130470861bb70bf00e1a78314cc464662c10c,1,True,Premium,data engineer,Canada,Senior,Not specified,Missing,0,,True,True,False,False,False,False,False
5694381097,dfb714ae42e40428fe79e090be98552b12d0e942,1,True,Premium,data engineer,Canada,Senior,Not specified,Missing,0,,True,True,False,False,False,False,False
5694381861,739991e8d3ed540cb288a09e5900c313fa0a8548,1,True,Premium,data engineer,Canada,Senior,Not specified,Missing,0,,True,True,False,False,False,False,False
5694376541,70a387eef70b0992fbddf692cb9db21915a278fc,1,True,Premium,data engineer,Canada,Senior,Not specified,Missing,0,,True,True,False,False,False,False,False
5675505999,e20db971ebfd7e6868bb273c28d60ef5ba83f18c,1,False,Standard,data engineer,Canada,Mid,Not specified,Missing,0,,False,True,False,False,False,False,False
5619416117,91dc46359a2e9322e9488023249e3d6e48620fda,1,True,Premium,data engineer,Canada,Lead,Not specified,Missing,0,,True,True,False,False,False,False,False
5619400543,88b0a9eff4576e8b4932cfc841de919e3b0f4dfa,1,True,Premium,data engineer,Canada,Senior,Not specified,Missing,0,,True,True,False,False,False,False,False
5696022191,f721bd669c0d47048666e0f25a1f84e4fa2a5e90,1,True,Premium,data engineer,Canada,Senior,Not specified,Missing,1,,False,True,True,False,False,False,False
5564908350,6b1be2b5d91fc38d9c4ff8db5c244ddafdbff60c,1,False,Standard,data engineer,Canada,Mid,Not specified,11+ years,1,12.0,False,False,True,False,False,False,False
5672202860,2509b1059b2082850b6dbe3652c6a00a7dc915cc,1,True,Premium,data engineer,Canada,Senior,Not specified,Missing,0,,False,True,False,False,False,False,False
5329707165,95e3857848b38179bac7510dc7a48f272320a5a5,1,False,Standard,data engineer,Canada,Junior,Not specified,0-2 years,2,2.0,True,False,True,True,True,False,False
5692995386,141b7eff9c2fb09008b44166d7026e85cd815ff4,1,False,Standard,data engineer,Canada,Junior,Not specified,0-2 years,2,2.0,True,False,True,True,True,False,False
5691940162,b03f81566b4cfb4ef10cc2a0200c8b81da8d0e84,1,False,Standard,data engineer,Canada,Junior,Not specified,0-2 years,2,2.0,True,False,True,True,True,False,False
5691948975,cc42f6c452c53204c511864e9c7206fdeaa3df43,1,False,Standard,data engineer,Canada,Junior,Not specified,0-2 years,2,2.0,True,False,True,True,True,False,False
5691947667,383df00f3f195147a167d4c557d28298eae9fb1c,1,False,Standard,data engineer,Canada,Junior,Not specified,0-2 years,2,2.0,True,False,True,True,True,False,False
5691939987,b53cb43a4e59c4cace95d6b6c7efb080819f8826,1,False,Standard,data engineer,Canada,Junior,Not specified,0-2 years,2,2.0,True,False,True,True,True,False,False
5691940155,6ca7e1a3dc6d22050bbff2ba13948252467a511c,1,False,Standard,data engineer,Canada,Junior,Not specified,0-2 years,2,2.0,True,False,True,True,True,False,False
5691948891,5f3048dd97aaae4a973247ae47d584703432fae9,1,False,Standard,data engineer,Canada,Junior,Not specified,0-2 years,2,2.0,True,False,True,True,True,False,False
5691948836,1d8c33ece8ddaefe24aa22d70666137b94ccc2cf,1,False,Standard,data engineer,Canada,Junior,Not specified,0-2 years,2,2.0,True,False,True,True,True,False,False
5691948731,3eb0ee0f90e275d7d39f72cd9636b454ed65ca4a,1,False,Standard,data engineer,Canada,Junior,Not specified,0-2 years,2,2.0,True,False,True,True,True,False,False
5691948376,859407f21ca5cc49ac1d6d4906e9dfee89f376f0,1,False,Standard,data engineer,Canada,Junior,Not specified,0-2 years,2,2.0,True,False,True,True,True,False,False
5691948712,d1070b5fb4c681004616d208f47d87ac8b9efad6,1,False,Standard,data engineer,Canada,Junior,Not specified,0-2 years,2,2.0,True,False,True,True,True,False,False
5691948417,329098aea76f43fe7c22fc786c9ca1e5126803d1,1,False,Standard,data engineer,Canada,Junior,Not specified,0-2 years,2,2.0,True,False,True,True,True,False,False
5691947396,00a40d27ece19e6bad2dc7827551b2c6fc0e8e12,1,False,Standard,data engineer,Canada,Junior,Not specified,0-2 years,2,2.0,True,False,True,True,True,False,False
5691948429,80b1b43aa03d4314407c2f2e36b90b7ff2d37b34,1,False,Standard,data engineer,Canada,Junior,Not specified,0-2 years,2,2.0,True,False,True,True,True,False,False
5691205674,a0c214b2be011c3bdcdf2a066f3832dd5a613a76,1,False,Standard,data engineer,Canada,Junior,Not specified,0-2 years,2,2.0,True,False,True,True,True,False,False
5691940993,67478feb13b461a5e3bcb8b7184fda752e3d9e77,1,False,Standard,data engineer,Canada,Junior,Not specified,0-2 years,2,2.0,True,False,True,True,True,False,False
5691946877,abd2c1a4e0a4abda93465c07173b8e2c3de135dd,1,False,Standard,data engineer,Canada,Junior,Not specified,0-2 years,2,2.0,True,False,True,True,True,False,False
5691948926,5afb67c4eb8bc2f0598d3279ce68b9eb6c2ff525,1,False,Standard,data engineer,Canada,Junior,Not specified,0-2 years,2,2.0,True,False,True,True,True,False,False
5708673781,13d917d78a875eed70ad11dea9144a1c7443669e,1,True,Premium,data engineer,Canada,Lead,Not specified,Missing,0,,False,True,False,False,False,False,False
5698042511,a8c77d1490476bad688c6c32feb3d4e2d91f614f,1,True,Premium,data engineer,Canada,Senior,Not specified,6-10 years,0,7.0,True,False,False,False,False,False,False
5699238957,8818d66f2fd3765dade8b0bb417ee949fa1b8ad0,1,True,Premium,data engineer,Canada,Senior,Not specified,Missing,0,,False,True,False,False,False,False,False
5686093112,e397fb1daa4f8b84f89dc2742c7ce8bb0b905a82,1,False,Standard,data engineer,Canada,Mid,Not specified,11+ years,0,20.0,False,False,False,False,False,False,False
5685180467,941227f59c7948a7cef7795defcd36f27cdd5f31,1,False,Standard,data engineer,Canada,Mid,Not specified,11+ years,0,20.0,False,False,False,False,False,False,False
5703918757,b00505a0825803da8bb42bf0f2212aba0db1ef7b,1,False,Standard,data engineer,Canada,Mid,Not specified,Missing,0,,False,True,False,False,False,False,False
5682124804,9624d8b99ad07513a95071305bf49cf42716a6b5,1,True,Premium,data engineer,Canada,Senior,Not specified,Missing,0,,False,True,False,False,False,False,False
5687917408,bf81514ede4099bb57a1e8b4ab38771565af96de,1,True,Premium,data engineer,Canada,Senior,Not specified,Missing,0,,False,True,False,False,False,False,False
5686165575,0229ead0479db8c571c92654f736bb7473787ef4,1,True,Premium,data engineer,Canada,Lead,Not specified,Missing,0,,False,True,False,False,False,False,False
5672238322,b789f2fc4c7187e6e509e4de2346ce85e4362382,1,True,Premium,data engineer,Canada,Senior,Not specified,Missing,1,,False,True,True,False,False,False,False
5702424587,904ae5e5dd21a702aaea08492de65a5e1e939bea,1,True,Premium,data engineer,Canada,Senior,Not specified,Missing,1,,False,True,True,False,False,False,False
5628438833,180ce09156b038761603a95ed71c7b02569561fc,1,False,Standard,data engineer,Canada,Mid,Not specified,Missing,1,,False,True,True,False,False,False,False
5677243374,7c1a01f8b97d7cfbdf3da1ec07cca432e1b6c0de,1,True,Premium,data engineer,Canada,Senior,Not specified,Missing,0,,False,True,False,False,False,False,False
5664826254,f244230251ea7a869d6b323586fc465da0414a09,1,True,Premium,data engineer,Canada,Senior,Not specified,Missing,0,,False,True,False,False,False,False,False
5691516402,1ee42c06a678f7271a02cd323598729f19a80026,1,True,Premium,data engineer,Canada,Senior,Not specified,Missing,0,,False,True,False,False,False,False,False
5677259884,3274ec54f3a0dbaa90f1a142ac5c41e4e94abb73,1,True,Premium,data engineer,Canada,Senior,Not specified,Missing,0,,False,True,False,False,False,False,False
5687191292,85e851402a8eb5bc80e72112cb5514f423f52559,1,False,Standard,data engineer,Canada,Mid,Not specified,Missing,1,,False,True,True,False,False,False,False
5677266217,d0e3da970f8d6dd4000e4d8872d91f1654724f31,1,True,Premium,data engineer,Canada,Senior,Not specified,Missing,0,,False,True,False,False,False,False,False
5686122891,24b479dd2bc6d0a6e7cab85ed01f99f133f403ef,1,True,Premium,data engineer,Canada,Lead,Not specified,Missing,0,,False,True,False,False,False,False,False
5588227520,904c10eeab6d80070c3e0790ca3b58c0550bfcfc,1,False,Standard,data engineer,Canada,Mid,Not specified,Missing,0,,True,True,False,False,False,False,False
5574857591,d84f44e9c1be076cc4609f9aab2d8889fba044b2,1,False,Standard,data engineer,Canada,Mid,Not specified,Missing,0,,False,True,False,False,False,False,False
5703515393,9ba7e6555838cd8d96270c6b18af33b90d6bed80,1,False,Standard,data engineer,Canada,Mid,Not specified,Missing,0,,True,True,False,False,False,False,False
5543248584,bea5c0b7ef3f9ba09d1a2cf3dc1f6aef457878d2,1,True,Premium,data engineer,Canada,Senior,Not specified,Missing,0,,False,True,False,False,False,False,False
5541791023,14e1a3e3fca294384912740a91b611cd0046f9a7,1,True,Premium,data engineer,Canada,Senior,Not specified,Missing,0,,False,True,False,False,False,False,False
5679990215,e59d85b0f4c95da8bdab589b3decc3636974c766,1,True,Premium,data engineer,Canada,Senior,Not specified,Missing,0,,True,True,False,False,False,False,False
5616848914,bb84af8d1413e44abf839e9332e1f712a8ecbb94,1,True,Premium,data engineer,Canada,Senior,Not specified,Missing,0,,False,True,False,False,False,False,False
5708608316,c7db3c9155c23e658e5aa94066df637ca868b827,1,True,Premium,data engineer,Canada,Senior,Not specified,Missing,0,,False,True,False,False,False,False,False
5690848854,6eb58a60923db5df51aa77f574423c74cea3663b,1,False,Standard,data engineer,Canada,Mid,Not specified,Missing,2,,False,True,True,True,True,False,False
5702771256,1497c8184d25dc5a47970589891f2ba792bf7edc,1,False,Standard,data engineer,Canada,Mid,Not specified,Missing,0,,False,True,False,False,False,False,False
5703512783,34f2fdbb732eca6257838a882dab069d8157c75d,1,False,Standard,data engineer,Canada,Mid,Not specified,Missing,1,,False,True,True,False,False,False,False
5697631181,896f9a3dc21ec6630bc6270fd89d4821fc642964,1,True,Premium,data engineer,Canada,Senior,Not specified,Missing,0,,False,True,False,False,False,False,False
5619548894,0ffc36743e2afe8405c7a4f8dc7ffb2498e91a18,1,True,Premium,data engineer,Canada,Senior,Not specified,Missing,0,,False,True,False,False,False,False,False
5707027554,e43014801955730d0925905b58925cb9f89197ff,1,False,Standard,data engineer,Canada,Mid,Not specified,Missing,0,,False,True,False,False,False,False,False
5701085770,394c396973294dbbf12042d35cef6e7466bf8c13,1,False,Standard,data engineer,Canada,Mid,Not specified,Missing,0,,False,True,False,False,False,False,False
5709687711,a9efc809d9017fc1d55654c5c8cacc4d57e3064e,1,True,Premium,data engineer,Canada,Senior,Not specified,Missing,0,,False,True,False,False,False,False,False
5678351774,7b163f84983e778d75f8a2138e9a23fc78ee28bf,1,True,Premium,data engineer,Canada,Lead,Not specified,Missing,0,,False,True,False,False,False,False,False
5700489813,d74430d79a5ae2eac91b64aefa9b3b768f11e6b9,1,True,Premium,data engineer,Canada,Senior,Not specified,Missing,0,,False,True,False,False,False,False,False
5468816508,5620fe16980656a8daab8ccb03e7f7711ea71946,1,True,Premium,data engineer,Canada,Senior,Not specified,Missing,0,,True,True,False,False,False,False,False
5629115444,76a73d5355d5be163d0adda09c9207009c793dc1,1,False,Standard,data engineer,Canada,Mid,Not specified,Missing,0,,False,True,False,False,False,False,False
5590123936,7a60eadfcffafb1d0ce42d81c3958df62a62be92,1,False,Standard,data engineer,Canada,Mid,Not specified,Missing,0,,False,True,False,False,False,False,False
5705533496,5bcb946dbed9e60f3433ce366221c04d47650182,1,False,Standard,data engineer,Canada,Mid,Not specified,Missing,0,,False,True,False,False,False,False,False
5707481956,3466f56c9b0894fbcd81813c30bf6f72b128da46,1,False,Standard,data engineer,Canada,Mid,Not specified,Missing,0,,False,True,False,False,False,False,False
5702878452,1a0c01306dca881f3a59fdd7ce7c4b802c79accc,1,False,Standard,data engineer,Canada,Mid,Not specified,Missing,4,,False,True,True,True,True,True,True
5654060186,f78b23e0045b4e05703ba61676f86ddb2caad165,1,True,Premium,data engineer,Canada,Lead,Master,Missing,0,,False,True,False,False,False,False,False
5697633248,d563030d16130756a966ef0b1073614e398bce75,1,False,Standard,data engineer,Canada,Mid,Not specified,Missing,0,,False,True,False,False,False,False,False
5697638828,12a6ccc1d8346342201e289facf80aaa5d03d224,1,False,Standard,data engineer,Canada,Mid,Not specified,Missing,0,,False,True,False,False,False,False,False
5706430911,32e5285c521b6f129c13d85c8d6a709cfa42c2d3,1,True,Premium,data engineer,Canada,Lead,Not specified,Missing,0,,False,True,False,False,False,False,False
5640330321,19fa2ce7798a77315a25a1006e21b5688d9781be,1,True,Premium,data engineer,Canada,Senior,Not specified,Missing,0,,False,True,False,False,False,False,False
5677071026,6a51c567fbd722fffee85c747c82a768c912ba2d,1,False,Standard,machine learning engineer,Canada,Mid,Not specified,Missing,0,,False,True,False,False,False,False,False
4801466889,48914df63e035d98417602a0836c67eeefea9242,1,False,Standard,machine learning engineer,Canada,Mid,Not specified,Missing,1,,False,True,True,False,False,False,False
5706526783,362b65afc4ff26d85525f89309f0723ac3c6393a,1,False,Standard,machine learning engineer,Canada,Mid,Not specified,Missing,1,,False,True,True,False,False,False,False
5298024867,be81cff83396ea13d61da406929ebec549ace4b7,1,False,Standard,machine learning engineer,Canada,Mid,Not specified,Missing,1,,False,True,True,False,False,False,False
5703336396,92b4b899308379ecabfa099bcad620a5a344ab17,1,False,Standard,machine learning engineer,Canada,Mid,Not specified,Missing,1,,False,True,True,False,False,False,False
5703657188,044fbfe9007592af0e1bf3057257898c21ff5409,1,False,Standard,machine learning engineer,Canada,Mid,Not specified,Missing,1,,False,True,True,False,False,False,False
5329710314,8d2bf2a48002b0e67c348087181fbf4275e0775e,1,False,Standard,machine learning engineer,Canada,Mid,Not specified,Missing,1,,False,True,True,False,False,False,False
5704444073,91eb568e21942721e4bbd6e978550810ba181c48,1,False,Standard,machine learning engineer,Canada,Mid,Not specified,Missing,1,,False,True,True,False,False,False,False
4801395357,8f200918700d73bf9d27a10c0a610766aaf6692c,1,False,Standard,machine learning engineer,Canada,Mid,Not specified,Missing,1,,False,True,True,False,False,False,False
5692988818,861c4a7c9b003d4beb1cd20d4ab75836362edb7a,1,False,Standard,machine learning engineer,Canada,Mid,Not specified,Missing,1,,False,True,True,False,False,False,False
5710656803,987af7347a105caef5f9b16d2c5080fca9f761c8,1,False,Standard,machine learning engineer,Canada,Mid,Not specified,Missing,0,,False,True,False,False,False,False,False
5673405474,00faa753bce0b84ff5c89ba8a58bd375c9120cb5,1,False,Standard,machine learning engineer,Canada,Mid,Not specified,Missing,0,,False,True,False,False,False,False,False
5431053711,7a60341e2c4178a4a8c7ac6353ed67c2152709ca,1,False,Standard,machine learning engineer,Canada,Mid,Not specified,Missing,1,,False,True,True,False,False,False,False
5687363940,7c2d1d9df9aa21657aad59c91594d22bd65b09e7,1,False,Standard,machine learning engineer,Canada,Mid,Not specified,Missing,1,,False,True,True,False,False,False,False
5552108945,69dd2fac72e1a82cfb03d4127ab8b5dffeb245b2,1,False,Standard,machine learning engineer,Canada,Mid,Not specified,Missing,0,,False,True,False,False,False,False,False
5636064480,c6a6bc50d25d42fa5ae9524e262ce06240d056b8,1,False,Standard,machine learning engineer,Canada,Mid,Master,3-5 years,2,4.0,True,False,True,True,False,False,False
5636064487,98378ece645ef8c4266222d009d08d80fa17c476,1,False,Standard,machine learning engineer,Canada,Mid,Not specified,Missing,1,,False,True,True,False,False,False,False
5702341549,ed8d25072c1d62f28f5dfd40fe88e6cb243d79d6,1,False,Standard,machine learning engineer,Canada,Mid,Not specified,Missing,0,,False,True,False,False,False,False,False
5702341547,b1b9a792e57cdda8b498c6027861764ece2cb328,1,False,Standard,machine learning engineer,Canada,Mid,Not specified,Missing,0,,False,True,False,False,False,False,False
5702341546,fc11c402a6463e16acac9da94f12bb8094a4e07b,1,False,Standard,machine learning engineer,Canada,Mid,Not specified,Missing,0,,False,True,False,False,False,False,False
5706068463,58e8592cc5459a13cd4a483254d5395e3c59bdbc,1,False,Standard,machine learning engineer,Canada,Mid,Not specified,Missing,1,,False,True,True,False,False,False,False
5706068464,d5d5952c0329b2a163d4f4c669bfb90d624cdb97,1,False,Standard,machine learning engineer,Canada,Mid,Not specified,Missing,1,,False,True,True,False,False,False,False
5626512043,a8dc5225f5534f166597c2e758ecb41579c2de99,1,True,Premium,machine learning engineer,Canada,Senior,Not specified,11+ years,1,15.0,False,False,True,False,False,False,False
5329721872,2c1ad6290683b4d0dc7659824c087236d00f7c35,1,True,Premium,machine learning engineer,Canada,Senior,Not specified,Missing,1,,False,True,True,False,False,False,False
5679538441,122e5d6214530b067e676dd052a801d9b630c0a5,1,False,Standard,machine learning engineer,Canada,Mid,Not specified,Missing,0,,False,True,False,False,False,False,False
5704756960,493e059d44e863007d209a7f1987aa0c828b7916,1,True,Premium,machine learning engineer,Canada,Senior,Not specified,Missing,1,,False,True,True,False,False,True,False
5696900381,d0e9a105ebf327a889c3fdd31772980b5ad02024,1,False,Standard,machine learning engineer,Canada,Mid,Not specified,Missing,0,,False,True,False,False,False,False,False
5288019614,f5e8de898070ab2fbe932261b14a8d88d5b1a117,1,False,Standard,machine learning engineer,Canada,Mid,Not specified,Missing,1,,False,True,True,False,False,False,False
5684010700,c657c2df3e119e38422bb9506d419c1d3cb01d7b,1,False,Standard,machine learning engineer,Canada,Mid,Not specified,Missing,1,,False,True,True,False,False,False,False
5576178276,56f0e948865d9f10c5fce0ca9db45d2b7932a0b8,1,True,Premium,machine learning engineer,Canada,Senior,Not specified,Missing,0,,False,True,False,False,False,False,False
5681524538,87ec270e89a965695c564c8558150de5fc73da76,1,True,Premium,machine learning engineer,Canada,Senior,Not specified,Missing,1,,False,True,True,False,False,False,False
5696950428,7dfc1ffbeb3fbc8ad7a697c726bb7f8a68c15e11,1,False,Standard,machine learning engineer,Canada,Mid,Not specified,Missing,0,,False,True,False,False,False,False,False
5708654556,06a0ac56ecf6c8ee063e8cf4446b5e3cca1f52f5,1,False,Standard,machine learning engineer,Canada,Mid,Not specified,Missing,1,,False,True,True,False,False,False,False
5700542839,c09ff96d8c33b17a7068acc078f250895c5a23fc,1,True,Premium,machine learning engineer,Canada,Senior,Not specified,Missing,0,,False,True,False,False,False,False,False
5681178492,dd47793a162ac5d2562061d54667007af3642245,1,False,Standard,machine learning engineer,Canada,Mid,Not specified,Missing,1,,False,True,True,False,False,False,False
5689540348,c47837fb47703947ea1557d650443dec9f5b1064,3,False,Standard,machine learning engineer,Canada,Mid,Not specified,Missing,0,,False,True,False,False,False,False,False
5261754942,e11d1aabfbcb20d439e41c40853314a8a25b7ca1,1,False,Standard,machine learning engineer,Canada,Mid,Not specified,Missing,0,,False,True,False,False,False,False,False
5685182538,afad15d3c7bfba21bc56fd10fe0842bae39adc45,1,False,Standard,machine learning engineer,Canada,Mid,Not specified,Missing,0,,False,True,False,False,False,False,False
5685192933,fa39f989d37087c5cadc0e743825d0e5b6f10ad8,1,False,Standard,machine learning engineer,Canada,Mid,Not specified,Missing,0,,False,True,False,False,False,False,False
5664124069,c0deb6bacaa28dda211eec85cb80b2da4e8f3dde,1,True,Premium,machine learning engineer,Canada,Senior,Not specified,Missing,0,,False,True,False,False,False,False,False
5688527743,28da103a2dffc7c61e419de751d5a9b7c7ce008a,1,False,Standard,machine learning engineer,Canada,Mid,Master,Missing,0,,False,True,False,False,False,False,False
5570163135,6bcba8405fdafa280b98fda1d200b28a5dc06706,1,True,Premium,machine learning engineer,Canada,Senior,Not specified,Missing,0,,False,True,False,False,False,False,False
5616848772,30dde87718d5807d3c325ab6c1e101505910af3b,1,True,Premium,machine learning engineer,Canada,Senior,Not specified,Missing,0,,False,True,False,False,False,False,False
5700557792,0727d4c07edeb5cabdc82b110f670940f6fc7af7,1,False,Standard,machine learning engineer,Canada,Mid,Not specified,Missing,1,,False,True,True,False,False,False,False
5682414582,82ca04b882582cf58274d61ca3ff449fbf750427,1,False,Standard,machine learning engineer,Canada,Mid,Not specified,Missing,0,,False,True,False,False,False,False,False
5710492075,a59e1fdcee3b95618a7c31b493023a71eb84e8bf,1,True,Premium,machine learning engineer,Canada,Senior,Not specified,Missing,0,,False,True,False,False,False,False,False
5699809536,f7d52a4f2a75db0bb4d36118c3d93fbcbcdf8be2,1,True,Premium,machine learning engineer,Canada,Senior,Not specified,Missing,0,,False,True,False,False,False,False,False
5700646659,6e094e8b67c020a8c8a1a99f9e36953a4e20e85c,1,True,Premium,machine learning engineer,Canada,Senior,Not specified,Missing,0,,False,True,False,False,False,False,False
5332365805,51fbd5a3a1c312b6cc6571e04339096eecb765d7,1,True,Premium,machine learning engineer,Canada,Senior,Not specified,Missing,1,,False,True,True,False,False,False,False
5467695217,73c76dd9659e90076aaae9d93e4ebbe2aa440415,1,False,Standard,machine learning engineer,Canada,Mid,Not specified,Missing,1,,False,True,True,False,False,False,False
5442647887,8ba5f584c7d36138ebc334097b5e5a6cc3b8481f,1,True,Premium,machine learning engineer,Canada,Senior,Not specified,Missing,0,,False,True,False,False,False,False,False
5709597439,35e1f82ff8da2a2c4bf579f2c37bea4259f33676,1,False,Standard,machine learning engineer,Canada,Mid,Not specified,Missing,2,,False,True,True,False,False,False,True
5709262504,88831dde86f24912ef555e49bb10088c71c7920a,1,False,Standard,machine learning engineer,Canada,Mid,Not specified,Missing,1,,False,True,True,False,False,False,False
5638580729,89d588d675a4c7d58f5a98e405527214ea385847,1,False,Standard,machine learning engineer,Canada,Mid,Not specified,Missing,0,,False,True,False,False,False,False,False
5702849697,e136d117e9c10324969f66c71f68709d0dbf72da,1,False,Standard,machine learning engineer,Canada,Mid,Not specified,Missing,0,,False,True,False,False,False,False,False
5697626191,79b2559e41953017e5f399dd77a9e87e7e5d268a,1,True,Premium,machine learning engineer,Canada,Senior,Not specified,Missing,1,,False,True,True,False,False,True,False
5690423632,22f236d204e0b177f0c71220ae4fcf3ee619a272,1,True,Premium,machine learning engineer,Canada,Senior,Not specified,Missing,1,,False,True,True,False,False,False,False
5690423744,5736f1e7d79e4c8ab8a8f010d93d49cd5fd08fea,1,True,Premium,machine learning engineer,Canada,Senior,Not specified,Missing,1,,False,True,True,False,False,False,False
5690423682,b17655aaa93644d9778376e1ba8cc12ef57ec37c,1,True,Premium,machine learning engineer,Canada,Senior,Not specified,Missing,1,,False,True,True,False,False,False,False
5690423667,7edcd84ef5b1db407efdadfdcda8f491ca4aa587,1,True,Premium,machine learning engineer,Canada,Senior,Not specified,Missing,1,,False,True,True,False,False,False,False
5681178846,74e125767394bcfeedf4ed6715bf96ac04ddf49f,1,False,Standard,machine learning engineer,Canada,Mid,Not specified,Missing,0,,False,True,False,False,False,False,False
5707456461,384f68f0150dd99334622db379d0fdd3d0ba69fb,1,True,Premium,machine learning engineer,Canada,Senior,Not specified,Missing,1,,False,True,True,False,False,False,False
5702433807,dca7cf96c680bd549e020c35cb8ae78fd38ce57a,1,False,Standard,machine learning engineer,Canada,Mid,Not specified,Missing,0,,False,True,False,False,False,False,False
5467676994,215403854a97bc4b5cdf76db75cbb2d1f7628a9b,1,False,Standard,machine learning engineer,Canada,Mid,Not specified,Missing,0,,False,True,False,False,False,False,False
5692428962,98769f0aa79902fcf4f4a35c853a0ba22d82da2b,1,False,Standard,machine learning engineer,Canada,Mid,Not specified,Missing,0,,False,True,False,False,False,False,False
5702439015,226e613c8f941afd9f903c96c0fcd0ad5deca962,1,False,Standard,machine learning engineer,Canada,Mid,Not specified,Missing,0,,False,True,False,False,False,False,False
5707529031,65f4647f465ab2af31840590a6b9858378de1781,1,True,Premium,machine learning engineer,Canada,Lead,Not specified,Missing,0,,False,True,False,False,False,False,False
5506609908,bd457310caade7443bd08f67f9ddb780af94d80a,1,False,Standard,machine learning engineer,Canada,Mid,Not specified,Missing,1,,False,True,True,False,False,False,False
5617012729,569a5e0c5d1992633caf3427954f50742579e2af,2,False,Standard,machine learning engineer,Canada,Mid,Not specified,Missing,0,,False,True,False,False,False,False,False
5549492661,c89fe83bd09b8c1f555622fe58009546a754287f,1,True,Premium,machine learning engineer,Canada,Senior,Not specified,Missing,1,,False,True,True,False,False,False,False
5696895934,907cc13e40d6c99d06c5e96671faca47150d6f95,1,False,Standard,machine learning engineer,Canada,Mid,Not specified,Missing,0,,False,True,False,False,False,False,False
5696873856,b89ccc6ef9cac1aa9d5eb0385eb1851203cd2a67,1,False,Standard,machine learning engineer,Canada,Mid,Not specified,Missing,0,,False,True,False,False,False,False,False
5619396308,569a5e0c5d1992633caf3427954f50742579e2af,2,False,Standard,machine learning engineer,Canada,Mid,Not specified,Missing,0,,False,True,False,False,False,False,False
5691946850,d2ce73bd6e52533200070b6debe286c9b3797a52,1,False,Standard,machine learning engineer,Canada,Mid,Not specified,Missing,0,,False,True,False,False,False,False,False
5653275339,1a461778220da86826ba5446ae9b36839ac4b7cd,1,True,Premium,machine learning engineer,Canada,Lead,Not specified,Missing,2,,False,True,True,False,False,False,False
5653275771,32ef963895f44c07e9ffa765f9c2659c4c3fa3a7,1,True,Premium,machine learning engineer,Canada,Lead,Not specified,Missing,2,,False,True,True,False,False,False,False
5671059189,958605d3c5bb570fa42605106f008163fdc09293,1,False,Standard,machine learning engineer,Canada,Mid,Not specified,Missing,0,,False,True,False,False,False,False,False
5583493134,dd183b21dd1f9e7d535ca92a85d40e9943ab0de2,1,True,Premium,machine learning engineer,Canada,Senior,Not specified,Missing,1,,False,True,True,False,False,False,False
5583493099,9e30db0417eade113155cd1aa563616d8dd9297f,1,True,Premium,machine learning engineer,Canada,Senior,Not specified,Missing,1,,False,True,True,False,False,False,False
5583500277,84c536bdcd5368b47714b8dc0a323a814ba38ef4,1,True,Premium,machine learning engineer,Canada,Senior,Not specified,Missing,1,,False,True,True,False,False,False,False
5583493295,22a0549ba4ec8997135bfc0acb7487bd780b622a,1,True,Premium,machine learning engineer,Canada,Senior,Not specified,Missing,1,,False,True,True,False,False,False,False
5583493163,2ff3492e53de11be13a3e4115f6a904832176c7b,1,True,Premium,machine learning engineer,Canada,Senior,Not specified,Missing,1,,False,True,True,False,False,False,False
5583493294,84ded72444a80a6d5b8c54c3254dcb14f61eb23c,1,True,Premium,machine learning engineer,Canada,Senior,Not specified,Missing,1,,False,True,True,False,False,False,False
5583492122,806c7770ba70256f60bc37093dcb3daf553a0ed6,1,True,Premium,machine learning engineer,Canada,Senior,Not specified,Missing,1,,False,True,True,False,False,False,False
5583491899,e5da7362c5afa81974839eb83a7d9c98463ffbab,1,True,Premium,machine learning engineer,Canada,Senior,Not specified,Missing,1,,False,True,True,False,False,False,False
5583492121,873b42f5329f313f6dab7658b5c489853dd036f3,1,True,Premium,machine learning engineer,Canada,Senior,Not specified,Missing,1,,False,True,True,False,False,False,False
5710999000,f8050c1b7765f067f9e154ccc8c28d19c29f284c,1,False,Standard,machine learning engineer,Canada,Mid,Not specified,Missing,1,,False,True,True,False,False,False,False
5678365852,4fe0ff6d4a1d12b8f43edeecc7ed8daa2f314f90,1,False,Standard,machine learning engineer,Canada,Mid,Not specified,Missing,1,,False,True,True,False,False,False,False
5341585362,e6ab03155b97291e4c1884b2c4892acade55544c,1,False,Standard,machine learning engineer,Canada,Mid,Not specified,Missing,2,,False,True,True,True,False,False,False
5693620631,9bfa99857122977911a8f48d006554a75cdd6fdf,1,False,Standard,machine learning engineer,Canada,Mid,Not specified,Missing,0,,False,True,False,False,False,False,False
5646940226,98a8413b87bd71868809642789b403414148eb6c,1,True,Premium,machine learning engineer,Canada,Senior,Not specified,Missing,1,,False,True,True,False,False,False,False
5696965720,6ec5322d1e6f001c431a4fcbe1a3ce36d8764d2f,1,True,Premium,machine learning engineer,Canada,Senior,Not specified,Missing,0,,False,True,False,False,False,False,False
5673355101,5eff016012d1b6e9c9e669f4d245fe7a5155588a,1,False,Standard,machine learning engineer,Canada,Mid,Not specified,Missing,1,,False,True,True,False,False,False,False
5609181468,09494e555ac3ffe57b91093dac0c3093a0748b5f,1,True,Premium,machine learning engineer,Canada,Lead,Not specified,Missing,0,,False,True,False,False,False,False,False
5696943741,5427c30c0e7df53bead45b99f836a6b777442f0a,1,False,Standard,machine learning engineer,Canada,Mid,Not specified,Missing,0,,False,True,False,False,False,False,False
5697404631,054b72a5cbb28dac1671b1db967cafac7bebdf5b,1,False,Standard,machine learning engineer,Canada,Mid,Not specified,Missing,0,,False,True,False,False,False,False,False
5706455966,b59b930f6c5ccbf6366211bd97cbf1df14f9a63c,1,False,Standard,machine learning engineer,Canada,Mid,Not specified,Missing,1,,False,True,True,False,False,False,False
5696836095,bdcaf4b6b783641a4c390f9529d4b90cf0d2f7b1,1,True,Premium,machine learning engineer,Canada,Lead,Not specified,Missing,0,,False,True,False,False,False,False,False
5617895303,0ae86af86d8e1e3ad36c968477d39bdbed5fdade,1,True,Premium,machine learning engineer,Canada,Senior,Not specified,Missing,1,,False,True,True,False,False,False,False
5696935615,fefa700c85ba6f742bf812048d215edd2ec41ac2,1,False,Standard,machine learning engineer,Canada,Mid,Not specified,Missing,0,,False,True,False,False,False,False,False
5704689508,7540a315a217b29da8e1d5358a792a7f483ce688,1,False,Standard,machine learning engineer,Canada,Mid,Not specified,Missing,1,,False,True,True,False,False,False,False
5571998978,81acad9a0d1c4caf2ee11ee7306ca65dd5cbb733,1,False,Standard,machine learning engineer,Canada,Mid,Not specified,Missing,1,,False,True,True,False,False,False,False
5684012872,e9e47fc6b0f021eb203edfe4b102093e20e4407a,1,False,Standard,machine learning engineer,Canada,Mid,Not specified,Missing,1,,False,True,True,False,False,False,False
5426367621,cd3bd7a8cda9c81b7840766933cf0249af953f34,1,True,Premium,machine learning engineer,Canada,Senior,Not specified,Missing,1,,False,True,True,False,False,False,False
5705382930,2aabf28a6938123eb9b27c329a878d83a73ef8e3,1,True,Premium,machine learning engineer,Canada,Lead,Not specified,Missing,1,,False,True,True,False,False,False,False
5639290560,5ca4af56eab4adf5ea61c71f1a37b8bf8f0739b9,1,False,Standard,machine learning engineer,Canada,Mid,Not specified,Missing,1,,False,True,True,False,False,False,False
5710616750,6394fb7a8517807990f7be7499e929ce2eb3f32e,1,False,Standard,machine learning engineer,Canada,Mid,Not specified,Missing,1,,False,True,True,False,False,False,False
5710222316,a61c0ea8582c38afce9d3ca1c81039237025dfd7,1,False,Standard,machine learning engineer,Canada,Mid,Not specified,Missing,1,,False,True,True,False,False,False,False
5701285310,0afa1fd37c88fcf0b9699e252355361f0e1e756a,1,False,Standard,machine learning engineer,Canada,Mid,Not specified,Missing,1,,False,True,True,False,False,False,False
5165642359,5d036be4f1c98e320f3610a6516929503b75db2b,1,False,Standard,machine learning engineer,Canada,Mid,Not specified,Missing,0,,False,True,False,False,False,False,False
5706019536,4019527ac6840b2c2d481ea2aa3969bcc4e78c56,1,True,Premium,machine learning engineer,Canada,Lead,Not specified,Missing,1,,False,True,True,False,False,False,False
5707018247,401d8f1beced09f014538038c729cb9fdb3f977a,1,False,Standard,machine learning engineer,Canada,Mid,Not specified,Missing,1,,False,True,True,False,False,False,False
5683520162,6bf4b763eab7458e873bbfbc4a72b31901f80edf,1,False,Standard,machine learning engineer,Canada,Mid,Not specified,Missing,0,,False,True,False,False,False,False,False
5688383874,a0dda373bebba1846bf80f2b8c10580ec1ae1f98,1,True,Premium,machine learning engineer,Canada,Senior,Not specified,Missing,0,,False,True,False,False,False,False,False
5657920301,3fe03f02c88801db9f796c004d72803b702d74b4,1,False,Standard,machine learning engineer,Canada,Mid,Not specified,Missing,1,,False,True,True,False,False,False,False
5509812858,66ebe9cda435f3c53e05a18d4f8d39bbab7f0e39,1,True,Premium,machine learning engineer,Canada,Lead,Not specified,Missing,0,,False,True,False,False,False,False,False
5681563887,b101a542ab32dbd4f1c21b258b62f910214da308,1,False,Standard,machine learning engineer,Canada,Mid,Not specified,Missing,1,,False,True,True,False,False,False,False
5703514512,7a9c839877910e7438f434e8ead9ac3bbd0c9f06,1,True,Premium,machine learning engineer,Canada,Lead,Not specified,Missing,1,,False,True,True,False,False,False,False
5681625000,e5107a8d059bd8b0764d4d4d0aeb2db32a093dae,1,False,Standard,machine learning engineer,Canada,Mid,Not specified,Missing,0,,False,True,False,False,False,False,False
5650484446,33346dadc71b3a17eb4332a39488a01274fc43ec,1,False,Standard,machine learning engineer,Canada,Mid,Not specified,Missing,0,,False,True,False,False,False,False,False
5682740491,da3a26acac5a06dcba41aee8743e01987237fa52,1,False,Standard,machine learning engineer,Canada,Mid,Not specified,Missing,0,,False,True,False,False,False,False,False
5703334501,04169964985ef77e47445674184bead6c85a3375,1,False,Standard,machine learning engineer,Canada,Mid,Not specified,Missing,0,,False,True,False,False,False,False,False
5696902041,1998b22efee3099f1f1a203792b41a7b9f7271e1,1,False,Standard,machine learning engineer,Canada,Mid,Not specified,Missing,0,,False,True,False,False,False,False,False
5510432820,ec1adde700f3cfb532383691b16ec356b2586fcb,1,True,Premium,machine learning engineer,Canada,Senior,Not specified,Missing,0,,False,True,False,False,False,False,False
5709644779,4d5b53439c82795c505f5647fb4c65155ee8da77,1,False,Standard,machine learning engineer,Canada,Mid,Not specified,Missing,0,,False,True,False,False,False,False,False
5686529440,8926ef3c7291f52f3a5592acbe99958c89abc671,1,False,Standard,business analyst,Canada,Mid,Not specified,Missing,0,,False,True,False,False,False,False,False
5677052575,eddc9fe1acb3868ab981a2da102fb5ac02404409,1,False,Standard,business analyst,Canada,Mid,Not specified,Missing,1,,False,True,True,False,False,False,False
5698452374,2c660da30c32e62b9773ad23b64631995eb4f8ae,1,False,Standard,business analyst,Canada,Mid,Not specified,11+ years,0,20.0,False,False,False,False,False,False,False
5677043544,712e46fa60e40d82795d971c633aa8b52bfd4223,1,False,Standard,business analyst,Canada,Mid,Not specified,Missing,0,,False,True,False,False,False,False,False
5677057460,661c9efe5974dee03bfe616e6106596c463cc741,1,False,Standard,business analyst,Canada,Mid,Not specified,Missing,0,,False,True,False,False,False,False,False
5694029905,aa6b9af8539237963db6603b571e3c3bf32d79f0,1,True,Premium,business analyst,Canada,Senior,Not specified,Missing,0,,False,True,False,False,False,False,False
5677060139,ab5936b58275025192a20609f7e3015127510c92,1,False,Standard,business analyst,Canada,Mid,Not specified,Missing,1,,False,True,True,False,False,False,False
5710021634,6dc9c304c98e53c69f80d171b69142bb7de3c572,1,False,Standard,business analyst,Canada,Mid,Not specified,Missing,0,,False,True,False,False,False,False,False
5655725767,de114c933ce05b40f53c20eb351322fcff2bacb1,2,False,Standard,business analyst,Canada,Mid,Not specified,Missing,0,,False,True,False,False,False,False,False
5690074873,f0e913a712221eaf95c5caac0095f4cc5e61cb47,1,False,Standard,business analyst,Canada,Mid,Not specified,Missing,0,,False,True,False,False,False,False,False
5697290956,761ad4e3fb22b44d340b278697bcffeb527327ae,1,False,Standard,business analyst,Canada,Mid,Not specified,Missing,0,,False,True,False,False,False,False,False
5704005297,14cb45758527e2368949d559e24be3afa40b69bc,1,False,Standard,business analyst,Canada,Mid,Not specified,Missing,0,,False,True,False,False,False,False,False
5702892762,cdfcd8f173df737029854eff5dcd1d1f3c16148b,1,False,Standard,business analyst,Canada,Mid,Not specified,Missing,0,,False,True,False,False,False,False,False
5705533151,73d38b469fd1ad2957b2f03254f5f2e0871b778d,1,False,Standard,business analyst,Canada,Mid,Not specified,Missing,0,,False,True,False,False,False,False,False
5284261833,3fb30c21ecb7dd37ee18fb1456945f96e7cea5b7,1,False,Standard,business analyst,Canada,Mid,Not specified,Missing,0,,False,True,False,False,False,False,False
5607780820,430a8aa3dcaab31d1be27b118cdf839aa79f28d8,1,False,Standard,business analyst,Canada,Mid,Not specified,Missing,0,,False,True,False,False,False,False,False
5686885147,e14bd1b245dc703c4271f254574e9ddb06d943c8,1,False,Standard,business analyst,Canada,Mid,Not specified,Missing,0,,False,True,False,False,False,False,False
5677741913,7a1c7c7ef39329b130c4feedff2326f119ff2790,1,False,Standard,business analyst,Canada,Mid,Not specified,Missing,0,,False,True,False,False,False,False,False
5677517867,2c69ec72ab100b43677ea3d9f9219f397b6b1840,1,False,Standard,business analyst,Canada,Mid,Not specified,6-10 years,0,7.0,False,False,False,False,False,False,False
5690097422,1b196afa298f7adb5e4e2818b0e7bc395aca5097,1,False,Standard,business analyst,Canada,Mid,Not specified,Missing,0,,False,True,False,False,False,False,False
5119983359,f26ada6e6a3128571473478d4b10f081e4be2721,1,False,Standard,business analyst,Canada,Mid,Not specified,Missing,0,,False,True,False,False,False,False,False
5710656218,c7a59f411d11cb0dedbf04080b98ac3735eba139,1,False,Standard,business analyst,Canada,Mid,Not specified,Missing,0,,False,True,False,False,False,False,False
5649427660,9b82539cbffc3660e56e1e27ae9e867cb1efbe5c,1,False,Standard,business analyst,Canada,Mid,Not specified,Missing,0,,False,True,False,False,False,False,False
5694811490,5b7a52f887c65fabd19db9cc61f9d617dc436660,1,False,Standard,business analyst,Canada,Mid,Not specified,Missing,0,,False,True,False,False,False,False,False
5681172995,46f52c46e41af5238735d8ecbecbf39b6d575d26,1,False,Standard,business analyst,Canada,Mid,Not specified,Missing,0,,False,True,False,False,False,False,False
5666145641,93827163ce463b9c9cd37b724334d024c8c2075b,1,False,Standard,business analyst,Canada,Mid,Not specified,Missing,0,,False,True,False,False,False,False,False
5617894278,f3c2ff11cfdfca4d5797279c592da9c2928c0901,1,False,Standard,business analyst,Canada,Mid,Not specified,Missing,0,,False,True,False,False,False,False,False
5709260699,7c2b8de5a5e29ccb4e8e3a4c73fa3aaf1e59d2ae,1,False,Standard,business analyst,Canada,Mid,Not specified,Missing,0,,False,True,False,False,False,False,False
5686249555,c95f91af178dcb89738c33c2a099b7d20601a151,1,False,Standard,business analyst,Canada,Mid,Not specified,Missing,0,,False,True,False,False,False,False,False
4801479758,9b793c0000ad191aaa0e074fa79796e1aab2eb6c,1,False,Standard,business analyst,Canada,Mid,Not specified,Missing,0,,False,True,False,False,False,False,False
5686027253,a907584ffc5963a9a11035648509bb6f24c0189d,1,False,Standard,business analyst,Canada,Mid,Not specified,Missing,0,,False,True,False,False,False,False,False
5685196190,bcadfd3cb583831e0d446f6fcfb01b0992c60284,1,False,Standard,business analyst,Canada,Mid,Not specified,Missing,0,,False,True,False,False,False,False,False
5694709384,65bcb2322bdb7d8e52cecc6f1f0bcfcd9d5682f9,1,False,Standard,business analyst,Canada,Mid,Not specified,Missing,0,,False,True,False,False,False,False,False
5699989136,c0612f35c67829be62ec1a34765502c7acc5bf24,1,False,Standard,business analyst,Canada,Mid,Not specified,Missing,0,,False,True,False,False,False,False,False
5654098578,bf79ce449ddb105af2d1aa6a2ce4124cb6fef65f,1,False,Standard,business analyst,Canada,Mid,Master,Missing,0,,False,True,False,False,False,False,False
5693581222,468c1bdcba6df8d0d254065c9917fdec5029aea1,1,False,Standard,business analyst,Canada,Mid,Not specified,Missing,0,,False,True,False,False,False,False,False
5706017821,6b83522399af56a0b69af160dd104662160eca10,1,False,Standard,business analyst,Canada,Mid,Not specified,Missing,0,,False,True,False,False,False,False,False
5633472417,ad63c62f65c644816674fd7c0b67ad59cad51b9c,1,False,Standard,business analyst,Canada,Mid,Not specified,Missing,0,,False,True,False,False,False,False,False
5641498832,d07f16d3f785670e83a1d1f1b075c40d725c20c0,1,False,Standard,business analyst,Canada,Mid,Not specified,11+ years,0,14.0,False,False,False,False,False,False,False
5694906540,f37c19bf9a57cb31aa790995bec900530d55d3b7,1,False,Standard,business analyst,Canada,Mid,Not specified,Missing,0,,False,True,False,False,False,False,False
5700439261,7bf286ba03db9ab04b2510bb19198bd2bfa50ce0,1,False,Standard,business analyst,Canada,Mid,Not specified,Missing,0,,False,True,False,False,False,False,False
5603713181,1e484e862940fab20ed34768714502c7849cf4b6,3,False,Standard,business analyst,Canada,Mid,Not specified,Missing,1,,False,True,True,False,False,False,False
5709107939,3f0dbcdb4b9b65a68b9cdb426928708afa78e4ca,1,False,Standard,business analyst,Canada,Mid,Not specified,Missing,0,,False,True,False,False,False,False,False
5674609807,1e484e862940fab20ed34768714502c7849cf4b6,3,False,Standard,business analyst,Canada,Mid,Not specified,Missing,1,,False,True,True,False,False,False,False
5636537220,69ed1aa8a2b2e815c6520a67c55a0737f4c4629c,1,False,Standard,business analyst,Canada,Mid,Not specified,Missing,0,,False,True,False,False,False,False,False
5661284574,1cc4563dbecda96ca0f7013a21c1e29b498f0b7f,1,False,Standard,business analyst,Canada,Mid,Not specified,Missing,0,,False,True,False,False,False,False,False
5547395987,4bc61cb9aad6de21a9d1a1b4f283439da2270d9f,1,False,Standard,business analyst,Canada,Mid,Not specified,Missing,0,,False,True,False,False,False,False,False
5656642717,99fee61c8b2747c7bbf7474faabe920e67d7ce8d,1,False,Standard,business analyst,Canada,Mid,Not specified,Missing,0,,True,True,False,False,False,False,False
5585567537,71e8a015ab556e7f786b31fa6ca6539dc8f0597b,1,False,Standard,business analyst,Canada,Mid,Not specified,Missing,0,,False,True,False,False,False,False,False
5693701248,7445be2065c9f3c494bb09c907486eebbc3bea79,1,False,Standard,business analyst,Canada,Mid,Not specified,Missing,0,,False,True,False,False,False,False,False
5687889930,e6f0da787a255cb372731d3eee64c810d14badd4,1,False,Standard,business analyst,Canada,Mid,Not specified,Missing,0,,False,True,False,False,False,False,False
4801415631,18ca599fbad827207247fb3ebbd6239a9b2f38c9,1,False,Standard,business analyst,Canada,Mid,Not specified,Missing,0,,False,True,False,False,False,False,False
5707503552,515d9613ac75ab9f2b39a5855e482eadf19e63c7,1,False,Standard,business analyst,Canada,Mid,Not specified,Missing,0,,False,True,False,False,False,False,False
5586377550,fd347170a820934075fc6931bfd720af38627a64,1,False,Standard,business analyst,Canada,Mid,Not specified,Missing,0,,False,True,False,False,False,False,False
5687917072,a91c47f92eab98779e444eeb9f8845613c4fcab1,1,False,Standard,business analyst,Canada,Mid,Not specified,Missing,0,,False,True,False,False,False,False,False
5662075987,1e484e862940fab20ed34768714502c7849cf4b6,3,False,Standard,business analyst,Canada,Mid,Not specified,Missing,1,,False,True,True,False,False,False,False
5693762518,5ecda672b14d99b693bba08298e0faee08cea562,1,False,Standard,business analyst,Canada,Mid,Not specified,Missing,0,,False,True,False,False,False,False,False
5551094379,cc5a349a4f69a34f150642ac9da99a2ae1130e49,1,False,Standard,business analyst,Canada,Mid,Not specified,Missing,0,,False,True,False,False,False,False,False
5682744393,8459f220192329c492a40880b51f4627d2e23512,1,False,Standard,business analyst,Canada,Mid,Not specified,Missing,0,,False,True,False,False,False,False,False
5692428303,d95453822c6ac853b8eaf1f4a59b8882a5094134,1,False,Standard,business analyst,Canada,Mid,Not specified,Missing,0,,False,True,False,False,False,False,False
5703820341,1ca0497f3cac198eee22432f1a23227f8be1f827,1,False,Standard,business analyst,Canada,Mid,Not specified,Missing,0,,False,True,False,False,False,False,False
5702435106,e2b50334441aec530937063fb2fec34285271ade,1,False,Standard,business analyst,Canada,Mid,Not specified,Missing,0,,False,True,False,False,False,False,False
5702433937,d248412399c7b09daf353b79a9f05f6936d02f19,1,False,Standard,business analyst,Canada,Mid,Not specified,Missing,0,,False,True,False,False,False,False,False
5709268857,7e7fe5b4c42a26b840a6ea43a15b0d0235f6aa25,1,False,Standard,business analyst,Canada,Mid,Not specified,Missing,0,,False,True,False,False,False,False,False
5702436499,288e448026c8501b2fa1f6d317801c1767ac8f79,1,False,Standard,business analyst,Canada,Mid,Not specified,Missing,0,,False,True,False,False,False,False,False
5702433632,4cd8113f59ce7205396f670e05d7dba6663d5acd,1,False,Standard,business analyst,Canada,Mid,Not specified,Missing,0,,False,True,False,False,False,False,False
5709262412,eba4145d8337b339a1b19e670f99ab69c2f684c7,1,False,Standard,business analyst,Canada,Mid,Not specified,Missing,0,,False,True,False,False,False,False,False
5709245039,c80d12b4875c7e14ddbcaf3b453bf005b9ca853e,1,False,Standard,business analyst,Canada,Mid,Not specified,Missing,0,,False,True,False,False,False,False,False
5572127424,82b776c6686be978be718f005acc18eb521d9cd3,1,False,Standard,business analyst,Canada,Mid,Not specified,Missing,0,,False,True,False,False,False,False,False
5638518027,6b061d6f32f47143002db94c428018f29bbad41d,1,False,Standard,business analyst,Canada,Mid,Not specified,Missing,0,,False,True,False,False,False,False,False
4330094488,504821e9a40a04fe55e9d71296a0b311e0884e8b,1,False,Standard,business analyst,Canada,Mid,Not specified,Missing,0,,False,True,False,False,False,False,False
5703813823,482212434eb44016edb653e3a16ec92879bf88b7,1,False,Standard,business analyst,Canada,Mid,Bachelor,0-2 years,0,2.0,False,False,False,False,False,False,False
5702860191,91e6c8feec201f932c177c8fccfa371c7cd4549e,1,False,Standard,business analyst,Canada,Mid,Not specified,Missing,0,,False,True,False,False,False,False,False
5710517365,a3491030ee6f5e3c537e4df04725ffc9a72a47ed,1,False,Standard,business analyst,Canada,Mid,Not specified,Missing,0,,False,True,False,False,False,False,False
5704727679,5ded9b3961744f868566c4a37ae4c4f1b3bbc9cb,1,False,Standard,business analyst,Canada,Mid,Not specified,Missing,0,,False,True,False,False,False,False,False
5678225121,a1f9655c354650284b04cffc381ccc8c51a67ab2,1,False,Standard,business analyst,Canada,Mid,Not specified,Missing,0,,False,True,False,False,False,False,False
5689191664,177cb5cdc16a68aec946e0bee28f99e9f75510ab,1,False,Standard,business analyst,Canada,Mid,Not specified,Missing,0,,False,True,False,False,False,False,False
5253336493,26ab18d33cfb9b993fb77c308d7194d34620b462,1,False,Standard,business analyst,Canada,Mid,Not specified,Missing,0,,False,True,False,False,False,False,False
4725862821,b568cce2826e76b7b57431f53030aa03c9a813e5,1,False,Standard,business analyst,Canada,Mid,Not specified,Missing,0,,False,True,False,False,False,False,False
5326494957,e5dd014ba143afde2eb3aa662fa0c12ec35a1217,1,True,Premium,business analyst,Canada,Senior,Not specified,Missing,1,,False,True,True,False,False,False,False
5600228580,a792cccc8865094b17dc6a88b04d7eaeac406060,1,True,Premium,business analyst,Canada,Senior,Not specified,Missing,0,,False,True,False,False,False,False,False
5682367626,3d08d134ecdc4bfd27e9a733023645f4571c2e26,1,False,Standard,business analyst,Canada,Mid,Not specified,Missing,0,,False,True,False,False,False,False,False
5682117411,67cb2904e9cf315d7588ab1f68bb3e16dd4c999f,1,False,Standard,business analyst,Canada,Mid,Not specified,Missing,0,,False,True,False,False,False,False,False
4801375490,4114a8ba3c3b2b65ed3f2eedd657d1223ac9e420,2,False,Standard,business analyst,Canada,Mid,Not specified,Missing,0,,False,True,False,False,False,False,False
5604067861,4114a8ba3c3b2b65ed3f2eedd657d1223ac9e420,2,False,Standard,business analyst,Canada,Mid,Not specified,Missing,0,,False,True,False,False,False,False,False
5695469448,0be34da1a50e75a6de63426e6c80742da8f22c91,1,False,Standard,business analyst,Canada,Mid,Not specified,Missing,0,,False,True,False,False,False,False,False
5700645355,27692f8ee2a255e9555c61593dd12c048355136f,1,False,Standard,business analyst,Canada,Mid,Not specified,Missing,0,,False,True,False,False,False,False,False
5560151901,6f0c14298cece9cb25b9501fdb33766735ee7545,1,False,Standard,business analyst,Canada,Mid,Not specified,Missing,0,,False,True,False,False,False,False,False
5704759478,3b0fa1b9da76c1728db957930e6fe38a15af8763,1,True,Premium,business analyst,Canada,Senior,Not specified,Missing,0,,False,True,False,False,False,False,False
5702874140,fd1dc72e8c01b479ab181fa6fe3ffc1edd829fbc,1,False,Standard,business analyst,Canada,Mid,Not specified,Missing,1,,False,True,True,False,False,False,False
5693720998,705bf6d4da23cd23598aa48189f7d9e6921dd8ef,1,False,Standard,business analyst,Canada,Mid,Not specified,Missing,0,,False,True,False,False,False,False,False
5689181999,f69a1783f8f016dcd3341ad821410e4039af752d,1,False,Standard,business analyst,Canada,Mid,Not specified,Missing,0,,False,True,False,False,False,False,False
5635058506,dff6c8defb219eec4856bbaa34b4cc197171a062,1,False,Standard,business analyst,Canada,Mid,Not specified,Missing,0,,False,True,False,False,False,False,False
5680693125,26fbbb1afb360d786ad1e8a6ee1404a8e9aca8c6,1,False,Standard,business analyst,Canada,Mid,Not specified,Missing,1,,False,True,True,False,False,False,False
5701281336,10871fe3a9ad2ee6807ad533dcd06dbbc12d2b64,1,False,Standard,business analyst,Canada,Mid,Not specified,Missing,0,,False,True,False,False,False,False,False
5701293268,a1a42d293148f08c0d1c97e3e06df6d5fa541ecd,1,False,Standard,business analyst,Canada,Mid,Not specified,Missing,0,,False,True,False,False,False,False,False
5681693477,0a907f2f404666c72ae12f45a6d71c6aaff4d5ae,1,False,Standard,business analyst,Canada,Mid,Not specified,Missing,0,,False,True,False,False,False,False,False
5173117133,07f21d78ecef052230951c4b1f62535f0ad855ce,1,False,Standard,business analyst,Canada,Mid,Not specified,Missing,0,,False,True,False,False,False,False,False
5686199932,7f4780f69af13a7f7c655f45f81efbaab40e751b,1,True,Premium,business analyst,Canada,Senior,Not specified,Missing,0,,False,True,False,False,False,False,False
5689714369,b3dd2a48734f4ca281ee1d2ee8f0743cdd43c374,1,False,Standard,business analyst,Canada,Mid,Not specified,Missing,0,,False,True,False,False,False,False,False
5695317833,6b3e5479ff10372d90217dbb26f8ec31be9047c9,1,True,Premium,business analyst,Canada,Senior,Not specified,Missing,0,,False,True,False,False,False,False,False
5696899918,d4ca3e2c22ac56c8489e658bc85428780cf868fa,1,False,Standard,business analyst,Canada,Mid,Not specified,Missing,1,,False,True,True,False,False,False,False
5635017137,5b0339dd6f600c3ce638be3d0b4f8ad8d64ea487,1,False,Standard,business analyst,Canada,Mid,Not specified,Missing,0,,False,True,False,False,False,False,False
5674903315,5ebe93671e2688ba339773f54f6864c40ac526f2,1,False,Standard,business analyst,Canada,Mid,Not specified,Missing,0,,False,True,False,False,False,False,False
5509240342,98526c58b10115fb28444d7b30adc4e069c4dbbf,1,False,Standard,business analyst,Canada,Mid,Not specified,Missing,0,,False,True,False,False,False,False,False
5701781907,795273fefdda1d27880fc8f5bd3acb7729bffdd1,1,False,Standard,business analyst,Canada,Mid,Not specified,Missing,0,,False,True,False,False,False,False,False
5708654729,47604bd64d583d5e92ff44903572057eea8b86ff,1,True,Premium,business analyst,Canada,Senior,Not specified,Missing,0,,False,True,False,False,False,False,False
5667915648,2fd5c7e8a3acf06e4dbc93abd87931d6cab10a39,1,False,Standard,business analyst,Canada,Mid,Not specified,Missing,0,,False,True,False,False,False,False,False
5120006969,90700449fab3f5a800e9dc48cede72e59dde1e13,1,False,Standard,business analyst,Canada,Mid,Not specified,3-5 years,0,3.0,False,False,False,False,False,False,False
5692809921,248e6b6333ff80b0bd7a5e7a87140e34198a4769,1,False,Standard,business analyst,Canada,Mid,Not specified,3-5 years,0,3.0,True,False,False,False,False,False,False
5697640648,7a7155b336d8f4613cfcf7e75c1db03682e97890,1,True,Premium,business analyst,Canada,Senior,Not specified,Missing,0,,False,True,False,False,False,False,False
5619492176,a7b8227b53f2feb4ff96467c969e0ff513aa4df4,1,False,Standard,business analyst,Canada,Mid,Not specified,Missing,0,,False,True,False,False,False,False,False
5708499807,e7c5b86cd17d159bfea397c6fd7d2f7b0d816119,1,False,Standard,business analyst,Canada,Mid,Not specified,Missing,0,,False,True,False,False,False,False,False
5655337210,b46c5b47e735592d6dca4c8b355931926864d2a0,1,True,Premium,business analyst,Canada,Senior,Not specified,Missing,0,,False,True,False,False,False,False,False
5687916541,39e658291761de87353489854a37c948ae162d45,1,False,Standard,business analyst,Canada,Mid,Not specified,Missing,0,,False,True,False,False,False,False,False
5605176915,5e6f77450cae92f0dd1ef7df633aba536f3c04a7,1,True,Premium,business analyst,Canada,Senior,Not specified,Missing,0,,False,True,False,False,False,False,False
5675438858,2fc4c50ca7177e15fbd78fc563ec2486c6d33f88,1,True,Premium,business analyst,Canada,Senior,Not specified,Missing,0,,False,True,False,False,False,False,False
5704688914,742e00a05fc6c6be3174531ac280b6d820a3edf9,1,True,Premium,business analyst,Canada,Senior,Not specified,Missing,0,,False,True,False,False,False,False,False
5711002470,c4225684296f3596f0c635b4b5bd5f68608f4786,1,False,Standard,business analyst,Canada,Mid,Not specified,Missing,0,,False,True,False,False,False,False,False
5628360003,8a5e4006f71fef62a676c25083ab605b96fe2a8f,1,True,Premium,business analyst,Canada,Senior,Not specified,Missing,0,,False,True,False,False,False,False,False
4801359829,b2743e6d440c68ff2be36ce1a5a04c5d2f1aa5c3,1,False,Standard,business analyst,Canada,Mid,Not specified,Missing,0,,False,True,False,False,False,False,False
5698046372,8f5ca20f4a27e8423bd1171cebd18d8371de4363,1,True,Premium,business analyst,Canada,Senior,Not specified,Missing,0,,False,True,False,False,False,False,False
5695902334,332b668f8689ab4f7bd3580df1bf90a294160ca7,1,True,Premium,business analyst,Canada,Senior,Not specified,Missing,0,,False,True,False,False,False,False,False
5675443772,bcace5b438bdf5fc3dc55de7761047d91db6a7c1,1,True,Premium,business analyst,Canada,Senior,Not specified,Missing,0,,False,True,False,False,False,False,False
5428985125,c313291227fc72b7fbe6539e642176151cff14eb,1,False,Standard,business analyst,Canada,Mid,Not specified,Missing,0,,False,True,False,False,False,False,False
5635395234,9ae16d8ed296c0e1713b3aa4bb53f4c916e17acf,1,True,Premium,business analyst,Canada,Lead,Not specified,Missing,0,,False,True,False,False,False,False,False
5696405911,de6c6be5f9637c4c05d794f6b282dce3f5d0f1d6,1,True,Premium,business analyst,Canada,Senior,Not specified,Missing,0,,False,True,False,False,False,False,False
5696949428,5513b78259a9d803842419dfd2ecd648544f9b74,1,True,Premium,business analyst,Canada,Senior,Not specified,Missing,0,,False,True,False,False,False,False,False
5708566270,002814d19ba0eaec65beaf0c73d6bcf303a41567,1,True,Premium,business analyst,Canada,Senior,Not specified,Missing,0,,False,True,False,False,False,False,False
5645786344,08fb2cbe946b13a3ad066c856bc04df26288e25e,1,True,Premium,business analyst,Canada,Senior,Not specified,Missing,0,,False,True,False,False,False,False,False
5694364133,a217d2c97397b48c063c9ef638bd805ba7129db6,1,False,Standard,business analyst,Canada,Mid,Not specified,Missing,0,,False,True,False,False,False,False,False
5695933128,d68754c2d97173dfbd1f42984cbd5df508fb0658,1,False,Standard,business analyst,Canada,Mid,Not specified,Missing,0,,False,True,False,False,False,False,False
5620790322,2e8b24cd2881f53d341f08a4c0ffe88f3625b42c,1,True,Premium,business analyst,Canada,Senior,Not specified,Missing,0,,False,True,False,False,False,False,False
5659603446,b1e173a0a73d19bd4fc76f9e8efd7a4e2013a3c4,1,True,Premium,business analyst,Canada,Senior,Not specified,Missing,0,,False,True,False,False,False,False,False
5706530649,e218155d996af2b2561f73d068598a964f1ecc30,1,False,Standard,business analyst,Canada,Mid,Not specified,Missing,0,,False,True,False,False,False,False,False
5682745153,eed8d7c98adc0bbc59971031bf1c2369b3ccef2e,1,False,Standard,business analyst,Canada,Mid,Not specified,Missing,0,,False,True,False,False,False,False,False
5133573863,c528b90163cac4aeb09bc484c8619135079a7734,1,False,Standard,business analyst,Canada,Mid,Not specified,Missing,0,,False,True,False,False,False,False,False
5679561937,8e116dbb1925d6d2e13666ade09a806aa45150fc,1,False,Standard,business analyst,Canada,Mid,Not specified,Missing,0,,False,True,False,False,False,False,False
5680506313,05544e6507ef4cfce2332f5a9a7cd4c46bd3b83e,1,True,Premium,business analyst,Canada,Senior,Not specified,Missing,0,,False,True,False,False,False,False,False
5675440322,8bbfe0bbc2c258f0a885c2eabfb23bd60686d6b3,1,False,Standard,business analyst,Canada,Mid,Not specified,Missing,0,,False,True,False,False,False,False,False
5668828120,5965d4b37bcce527dd1f9bc362faf9cae0292162,1,False,Standard,business analyst,Canada,Mid,Not specified,Missing,0,,False,True,False,False,False,False,False
5694813035,20f71f88059e2a5b2df5c3008bced9434a1b1588,1,True,Premium,business analyst,Canada,Senior,Not specified,Missing,0,,False,True,False,False,False,False,False
5708180644,bdfd4daec646567a00b3e30a9daf574250958e2e,1,False,Standard,business analyst,Canada,Mid,Not specified,Missing,0,,False,True,False,False,False,False,False
5680501965,19872e1c1ae4c00003d57f6c80fecc2305116a71,1,False,Standard,business analyst,Canada,Mid,Not specified,Missing,0,,False,True,False,False,False,False,False
5693762325,a9d901aefb3ba59a438cf212d9087280d82a38f2,1,True,Premium,business analyst,Canada,Senior,Not specified,Missing,0,,False,True,False,False,False,False,False
5709621932,13c0ba591673f7a0293fc24dc5767a0719e16edd,1,False,Standard,business analyst,Canada,Mid,Not specified,Missing,0,,False,True,False,False,False,False,False
5698896468,f97d82f3ad87539c8e3a89fcff084b9947182378,1,True,Premium,business analyst,Canada,Senior,Not specified,Missing,0,,False,True,False,False,False,False,False
5688530367,4298d6c135229528af9189c7e360ce7a6dffd03b,1,True,Premium,business analyst,Canada,Senior,Not specified,Missing,0,,False,True,False,False,False,False,False
5682462309,d3f47588a6430b67f10dc125cdf8ca701b4ed708,1,False,Standard,business analyst,Canada,Mid,Not specified,Missing,0,,False,True,False,False,False,False,False
5671068229,ab677b2bf186c7ecab850c1ddd6ca98021507e1f,1,False,Standard,business analyst,Canada,Mid,Not specified,Missing,1,,False,True,True,False,False,False,False
5670372121,d18f550f5c6dd4c157456191c03274326a0a8de6,1,False,Standard,business analyst,Canada,Mid,Not specified,Missing,1,,False,True,True,False,False,False,False
5329700170,d41845aa055bb2a652b5a756f4eac998824317a8,1,False,Standard,business analyst,Canada,Mid,Not specified,Missing,0,,False,True,False,False,False,False,False
5636568883,88c19966fcbf8f91be0463d807ce76f8ada06943,1,False,Standard,business analyst,Canada,Mid,Not specified,Missing,0,,False,True,False,False,False,False,False
5650823227,0a7dc027170629f78df2cf6164d65c947a8e839f,1,False,Standard,data scientist,Australia,Mid,Not specified,Missing,4,,False,True,True,True,True,False,True
5710700697,864792a38da65000e3b1c6afb8207489c5081105,1,False,Standard,data scientist,Australia,Mid,Not specified,Missing,0,,False,True,False,False,False,False,False
5709087114,57c39faa7a1cba1aa6c706cee9ced74f22c5f1df,1,False,Standard,data scientist,Australia,Mid,Not specified,Missing,0,,False,True,False,False,False,False,False
5693927795,d3be4a34a81990a9b2c86dc834d8f8555edd622c,1,False,Standard,data scientist,Australia,Mid,Not specified,Missing,0,,False,True,False,False,False,False,False
5605376098,fc5ccf300b973c9f137fc4066a0d4d208f45b6d9,1,False,Standard,data scientist,Australia,Mid,Not specified,Missing,0,,False,True,False,False,False,False,False
5689283615,c96f9a3acf6bd409e6056fbc1f20e97970b95a84,1,False,Standard,data scientist,Australia,Mid,Not specified,Missing,0,,False,True,False,False,False,False,False
5710776892,0210ccf4b6b4374324853cc23d41fa5b12169fd9,1,False,Standard,data scientist,Australia,Mid,Not specified,Missing,0,,False,True,False,False,False,False,False
5711024304,11445bbed54d4b070b71d864d7f1fb2f4478961b,1,False,Standard,data scientist,Australia,Mid,Not specified,Missing,0,,False,True,False,False,False,False,False
5650851311,250d34becb852691482135ab8388b0ac5c412483,1,False,Standard,data scientist,Australia,Mid,Not specified,Missing,0,,False,True,False,False,False,False,False
5650851220,97f3f72ba307dcd970567faa50d5bee61b2901d9,1,False,Standard,data scientist,Australia,Mid,Not specified,Missing,0,,False,True,False,False,False,False,False
5699680405,cf67495ad1a2b1b49d5fb2919f7fc588100ac925,1,False,Standard,data scientist,Australia,Mid,Not specified,Missing,0,,False,True,False,False,False,False,False
5654251411,753df62619fd9ac787fc5d44ea3d7725f8d9f351,1,False,Standard,data scientist,Australia,Mid,Not specified,Missing,0,,False,True,False,False,False,False,False
5650829569,44093ac97dd98aaba343b2497ee48adc710dc806,1,False,Standard,data scientist,Australia,Mid,Not specified,Missing,0,,False,True,False,False,False,False,False
5704075292,ce75b0d50c7d950a00519d5a94c27adc791dcf40,1,False,Standard,data scientist,Australia,Mid,Not specified,Missing,0,,False,True,False,False,False,False,False
5691907288,964f87b8ca81434aa8988859f49ce83c969a74c7,1,True,Premium,data scientist,Australia,Senior,Not specified,Missing,1,,False,True,True,False,False,False,False
5679991683,9e6b74a07f53ef7adab1c27f5a43a385c753a20f,1,True,Premium,data scientist,Australia,Senior,Not specified,Missing,0,,False,True,False,False,False,False,False
5659774878,017bc8071c8e617728af1223ee5a695229ce2d00,1,True,Premium,data scientist,Australia,Senior,Not specified,Missing,0,,False,True,False,False,False,False,False
5580103751,5b414accc92c461b72c4b0f70c3650e17bf1318f,1,True,Premium,data scientist,Australia,Lead,Not specified,Missing,0,,False,True,False,False,False,False,False
5668327112,8afa05a6162359495e2be40ec1f33462969311d4,1,True,Premium,data scientist,Australia,Senior,Not specified,Missing,0,,False,True,False,False,False,False,False
5702986048,a2ea1e878f670c83bf9fdab4dee23d4f703efaff,1,False,Standard,data scientist,Australia,Mid,Not specified,Missing,1,,False,True,True,False,False,False,False
5703084050,0b4f2433ec9399180d998b8e4d2ec1d672db3e7e,2,False,Standard,data scientist,Australia,Mid,Not specified,Missing,1,,False,True,True,False,False,False,False
5702139203,b1e33d9a55869cad0d7c50bacbd00079c6d832e9,1,False,Standard,data scientist,Australia,Mid,Not specified,Missing,1,,False,True,True,False,False,False,False
5702139111,d057baba733768b703f82ac937ad413d823c8ca5,1,False,Standard,data scientist,Australia,Mid,Not specified,Missing,1,,False,True,True,False,False,False,False
5703084529,0b4f2433ec9399180d998b8e4d2ec1d672db3e7e,2,False,Standard,data scientist,Australia,Mid,Not specified,Missing,1,,False,True,True,False,False,False,False
5669113903,4fa4deebfbc0caf039284c11ad4f7552b7916b5c,1,True,Premium,data scientist,Australia,Senior,Not specified,Missing,1,,False,True,True,False,False,False,False
5341709146,fc9a55244c91dea84b34faa53813602832a6f978,1,False,Standard,data scientist,Australia,Mid,Not specified,Missing,0,,False,True,False,False,False,False,False
5672678852,1ebf1f4e780b1ac14a09d709834afac5c800e852,1,False,Standard,data scientist,Australia,Mid,Not specified,Missing,0,,False,True,False,False,False,False,False
5684743245,b6040525d7aa9688deff25fba2d59dffcebb5d8e,1,False,Standard,data scientist,Australia,Mid,Not specified,Missing,0,,False,True,False,False,False,False,False
5695020078,984fc790908339c43eef8a09e33b4154816cd0f5,1,True,Premium,data scientist,Australia,Senior,Not specified,Missing,1,,False,True,True,False,False,False,False
5699679534,00c2f9e28db6cc8b1ddd520e8d4f6b6aa2018a29,1,True,Premium,data scientist,Australia,Senior,Not specified,Missing,1,,False,True,True,False,False,False,False
5696340072,76eea67b5ac4eae622ad4f596b8ad317515ca222,1,True,Premium,data scientist,Australia,Senior,Not specified,Missing,0,,False,True,False,False,False,False,False
5705746117,c794d88b3bf2471c3cd0ac384315122dca25d90a,1,False,Standard,data scientist,Australia,Mid,Not specified,Missing,1,,False,True,True,False,False,False,False
5705746075,acaf606358fc3f1c835e6c875a50fb523d890159,1,False,Standard,data scientist,Australia,Mid,Not specified,Missing,0,,False,True,False,False,False,False,False
5682466198,92ea8bb9d636006e8b5f3984cf71b31babc589c3,1,True,Premium,data scientist,Australia,Senior,Not specified,Missing,0,,False,True,False,False,False,False,False
5682466183,c4b29f594d159c8f137acdf8e4b6b9f1bed1cbf7,1,True,Premium,data scientist,Australia,Senior,Not specified,Missing,0,,False,True,False,False,False,False,False
5703237761,6a6bf77c533b45a90dbafa1adf5097cf0cebda04,1,True,Premium,data scientist,Australia,Senior,Not specified,Missing,1,,False,True,True,False,False,False,False
5706587898,5fbf73da31a9b8b6bf545fa7c5ef76b6513b2e78,1,False,Standard,data scientist,Australia,Mid,Not specified,Missing,0,,False,True,False,False,False,False,False
5657156958,ef6bc402a02938d15a3767b19551896da7b32c99,1,False,Standard,data scientist,Australia,Mid,Not specified,Missing,0,,False,True,False,False,False,False,False
5697079560,69a5ba533a69a77ea5a8909cedfff8e3e8eb646a,1,True,Premium,data scientist,Australia,Senior,Not specified,Missing,0,,False,True,False,False,False,False,False
5654251077,29d9656662195e944e2a6a6353dda4b6c9565762,1,True,Premium,data scientist,Australia,Senior,Not specified,Missing,0,,False,True,False,False,False,False,False
5679899463,53a0c18dbb70628bfe1f8b16b83851a270239e75,1,True,Premium,data scientist,Australia,Senior,Not specified,Missing,0,,False,True,False,False,False,False,False
5578574719,7da3aa483e587ca227195eb643cb56472382aaa9,1,True,Premium,data scientist,Australia,Senior,Not specified,Missing,0,,False,True,False,False,False,False,False
5708996152,00ce31e03e98398c6b464e636b9376ccf5eee0f3,1,True,Premium,data scientist,Australia,Senior,Not specified,Missing,0,,False,True,False,False,False,False,False
5650831552,77d7d33ff5b1d952bf8b96ba20aaefb4cc7515e8,1,True,Premium,data scientist,Australia,Lead,Not specified,Missing,0,,False,True,False,False,False,False,False
5672541294,aab671b779b0a54beee046f6cecde77be6d0f2bb,1,False,Standard,data scientist,Australia,Mid,Not specified,Missing,0,,False,True,False,False,False,False,False
5637740463,e20d2d713ee4d81dfadb3b8b25b1e4d75c3841da,1,True,Premium,data scientist,Australia,Senior,Not specified,Missing,0,,False,True,False,False,False,False,False
5637144321,6260766870698ae2bdea1803586523a6b1ca8516,1,True,Premium,data scientist,Australia,Senior,Not specified,Missing,0,,False,True,False,False,False,False,False
5707630532,329a39191f128fef52dbdcf9f069f9ae9ba48545,1,True,Premium,data scientist,Australia,Senior,Not specified,Missing,0,,False,True,False,False,False,False,False
5707907173,ee41a394773a207d338df442e4833414b55909b1,1,True,Premium,data scientist,Australia,Senior,Not specified,Missing,0,,False,True,False,False,False,False,False
5605357506,e9dee74474856249801095bfc5d7310f5a417d22,1,True,Premium,data scientist,Australia,Senior,Not specified,Missing,0,,False,True,False,False,False,False,False
5699152940,a98b0bf172b492c7cec849029bc85d300eb393e9,1,False,Standard,data scientist,Australia,Mid,Not specified,Missing,0,,False,True,False,False,False,False,False
5700758998,b5e00896d09b5b76b88cdcfe41a19a0fcec7541c,1,False,Standard,data scientist,Australia,Mid,Not specified,Missing,0,,False,True,False,False,False,False,False
5645492557,ccb743b6facb598b7072c35cd7fc79c8a0b816b2,1,True,Premium,data scientist,Australia,Senior,Not specified,Missing,0,,False,True,False,False,False,False,False
5674688003,d4aaadff8017b38d911fc49510787ad8e9774645,1,True,Premium,data scientist,Australia,Lead,Not specified,Missing,1,,False,True,True,False,False,False,False
5699499547,2461d2d47504f59b6618182f8a3f50228f1850cb,1,True,Premium,data scientist,Australia,Senior,Not specified,Missing,1,,False,True,True,False,False,False,False
5695021808,1ac559d59c38022f5c7c0e218dec5f7d5eb0de5b,1,True,Premium,data scientist,Australia,Senior,Not specified,Missing,0,,False,True,False,False,False,False,False
5686772121,4d1e96445cd3e1de491f0ed5daee73610ea2d6e0,1,False,Standard,data scientist,Australia,Mid,Not specified,Missing,0,,False,True,False,False,False,False,False
5616811662,9becaa6d3aa1659428a26b22c3c4eda8e0fdb3cd,1,True,Premium,data scientist,Australia,Senior,Not specified,Missing,0,,False,True,False,False,False,False,False
5672734059,0f53774e91697c98ed4d2468bdabb8005cf3e73c,1,True,Premium,data scientist,Australia,Senior,Not specified,Missing,0,,False,True,False,False,False,False,False
5710823850,85aa3443ab69c2021e49a5b52160dec3dcfefebb,1,True,Premium,data scientist,Australia,Senior,Not specified,Missing,0,,False,True,False,False,False,False,False
5708994717,b2c5fe28b0b9032e91584caa319caec190fb7681,1,True,Premium,data scientist,Australia,Senior,Not specified,Missing,0,,False,True,False,False,False,False,False
5686772127,bdb1b716b0d38b7239122bc5e55bdb1cadc39f0c,1,False,Standard,data scientist,Australia,Mid,Not specified,Missing,0,,False,True,False,False,False,False,False
5693538674,b3b7e596b57e6432f2e44157afe0863604bda0ba,1,True,Premium,data scientist,Australia,Lead,Not specified,Missing,0,,False,True,False,False,False,False,False
5694419147,d7468b171b6436b2b9c5d31761ca7528a8063464,1,True,Premium,data scientist,Australia,Lead,Not specified,Missing,0,,False,True,False,False,False,False,False
5692876280,8d1f34ccdc3fa78aa06f28c99797657a4d9bc3e0,1,True,Premium,data scientist,Australia,Senior,Not specified,Missing,0,,False,True,False,False,False,False,False
5708993383,3907f39a3f387f6cbb069575059cda2a0c0f8461,1,True,Premium,data scientist,Australia,Lead,Not specified,Missing,0,,False,True,False,False,False,False,False
5670294308,dabf46f44170e2045eab5b7f5f2e4714325d87f9,1,False,Standard,data scientist,Australia,Mid,Not specified,Missing,1,,False,True,True,False,False,False,False
5671317394,ab04f9baffada074a33565ad02745cb5c68ffde1,1,False,Standard,data scientist,Australia,Mid,Not specified,Missing,0,,False,True,False,False,False,False,False
5699678609,a90983ee12ffe716b535558abdd9e8e50b08a21b,1,True,Premium,data scientist,Australia,Senior,Not specified,Missing,0,,False,True,False,False,False,False,False
5699678684,b768dbdf39ba3983e9a44fce9ff66edb173657bb,1,True,Premium,data scientist,Australia,Senior,Not specified,Missing,0,,False,True,False,False,False,False,False
5650853507,56912412aaa6cbd1d35074514566eda432379bcb,1,False,Standard,data scientist,Australia,Mid,Not specified,Missing,0,,False,True,False,False,False,False,False
5650853532,e2297625cefa7e1271c7f0135564c3dbfc7737f1,1,False,Standard,data scientist,Australia,Mid,Not specified,Missing,0,,False,True,False,False,False,False,False
5650853460,ceccce8b7a4a9d66e85007326a0d81d28a4bd05a,1,False,Standard,data scientist,Australia,Mid,Not specified,Missing,0,,False,True,False,False,False,False,False
5710417237,153569da433b0f13e7309989e67fd8e551ad38a7,1,False,Standard,data scientist,Australia,Mid,Not specified,Missing,0,,False,True,False,False,False,False,False
5710417236,00ad31cf5a7e26987394fa7b9edba6c77c7d8be0,1,False,Standard,data scientist,Australia,Mid,Not specified,Missing,0,,False,True,False,False,False,False,False
5710417234,27bf0adfc4533d67006056fcb521c69995fe4304,1,False,Standard,data scientist,Australia,Mid,Not specified,Missing,0,,False,True,False,False,False,False,False
5683777731,15d8b0b25001f61455dc149c42148a682771d627,1,True,Premium,data scientist,Australia,Senior,Not specified,Missing,0,,False,True,False,False,False,False,False
5683777762,5a236f30a13ec633ec8b18c1275bdd0676ab13ae,1,True,Premium,data scientist,Australia,Senior,Not specified,Missing,0,,False,True,False,False,False,False,False
5684810457,058328eb96e5572d441c7378e66146ca5026a7ca,1,True,Premium,data scientist,Australia,Lead,Not specified,Missing,0,,False,True,False,False,False,False,False
5637277779,8db212c28534042032ff30ed45da336a660900e1,1,False,Standard,data scientist,Australia,Mid,Not specified,Missing,0,,False,True,False,False,False,False,False
5696292045,56cbcef0184fff7803f3af89df31b28f2e3f1d2b,1,True,Premium,data scientist,Australia,Senior,Not specified,Missing,0,,False,True,False,False,False,False,False
5464471332,72b4104702633aebb2d0b97577ba595eed7df853,1,False,Standard,data scientist,Australia,Mid,Not specified,Missing,0,,False,True,False,False,False,False,False
5650881456,b7787dd6d87f6bc5fc29106be23882d5a4df92ed,1,False,Standard,data scientist,Australia,Mid,Not specified,Missing,0,,False,True,False,False,False,False,False
5632363623,2f983eb72551500c365e99c543fb3f4e1ee51ea8,1,False,Standard,data scientist,Australia,Mid,Not specified,Missing,0,,False,True,False,False,False,False,False
5698632754,adb5b43790bfab6f824c32fb27031f00c03fa9d4,1,False,Standard,data scientist,Australia,Mid,Not specified,Missing,1,,False,True,True,False,False,False,False
5637296841,3a7442c5feb62221426526edfb5e073113f845a1,1,True,Premium,data scientist,Australia,Senior,Not specified,Missing,0,,False,True,False,False,False,False,False
5529059735,b9afdbde39126c73bfeca9f09fe31088c08ec83b,1,True,Premium,data scientist,Australia,Senior,Not specified,Missing,0,,False,True,False,False,False,False,False
5650853448,b6315b62ac7680d0f62b5de80dbba761174c8503,1,True,Premium,data scientist,Australia,Senior,Not specified,Missing,0,,False,True,False,False,False,False,False
5650853491,e9e64628ccbedb9292a9200fc0e4850bfb23ccd9,1,True,Premium,data scientist,Australia,Senior,Not specified,Missing,0,,False,True,False,False,False,False,False
5650853403,0ce62a421c407136cfa6f0747a3b195afa80cead,1,True,Premium,data scientist,Australia,Senior,Not specified,Missing,0,,False,True,False,False,False,False,False
5710380607,1575b66bef93e0b8b47fbbd00713826c0da546e1,1,False,Standard,data scientist,Australia,Mid,Not specified,Missing,0,,False,True,False,False,False,False,False
5710380609,51f1e260896c3dfa7fcfd9f2602589cb07446da5,1,False,Standard,data scientist,Australia,Mid,Not specified,Missing,0,,False,True,False,False,False,False,False
5710380608,0f7ad8ac52fd4b0dbb57d20cb55f197b54705354,1,False,Standard,data scientist,Australia,Mid,Not specified,Missing,0,,False,True,False,False,False,False,False
5696151094,7cc0e00c7bb9be63e25c51939a20014ffff5193a,1,True,Premium,data scientist,Australia,Senior,Not specified,Missing,0,,False,True,False,False,False,False,False
5708993314,367fabb3b8327e05bb738d4f9097e5afd95b1dbc,1,True,Premium,data scientist,Australia,Senior,Not specified,Missing,1,,False,True,True,False,False,False,False
5518308881,cf21853ac7a2404eb0f58ca71a668f5ddec97ee0,1,False,Standard,data scientist,Australia,Mid,Not specified,Missing,0,,False,True,False,False,False,False,False
5589888027,9ca9b4b3663fb65f6170a1ee09cdc817428709ec,1,False,Standard,data scientist,Australia,Mid,Not specified,Missing,0,,False,True,False,False,False,False,False
5710823764,d8b889206a2f658cf79840fbf056a997cd6048d5,1,False,Standard,data scientist,Australia,Mid,Not specified,Missing,0,,False,True,False,False,False,False,False
5708993308,514497ab61fc06409835a242ff26d79b016298d0,1,False,Standard,data scientist,Australia,Mid,Not specified,Missing,0,,False,True,False,False,False,False,False
5708993360,50b477cd25fa5e2689e406f38c2c861161b13411,1,False,Standard,data scientist,Australia,Mid,Not specified,Missing,0,,False,True,False,False,False,False,False
5686875606,42a3ac62a0b7575eba22f4effa2b825e64608564,1,True,Premium,data scientist,Australia,Senior,Not specified,Missing,1,,False,True,True,False,False,False,False
5637233187,8abfe18588a09526f866318ed771199746eb51cb,1,True,Premium,data scientist,Australia,Senior,Not specified,Missing,0,,True,True,False,False,False,False,False
5650850093,43e69f66fba1accea51832c675f2ecc85230432d,1,True,Premium,data scientist,Australia,Senior,Not specified,Missing,0,,False,True,False,False,False,False,False
5695785395,d0ebfc1ba499d5f93dd9bc7aecd7030a8b25181c,1,False,Standard,data scientist,Australia,Mid,Not specified,Missing,1,,False,True,True,False,False,False,False
5696288077,567477f9d8dccf8270feb729541e5ba7b70ffb62,1,False,Standard,data scientist,Australia,Mid,Not specified,Missing,1,,False,True,True,False,False,False,False
5709972665,50694bc4234639518849a61215bc2082d62bb833,1,True,Premium,data scientist,Australia,Senior,Not specified,Missing,1,,False,True,True,False,False,False,False
5650900159,e131d52e0826f03c4336306bb2820bb0e1d55aca,1,True,Premium,data scientist,Australia,Senior,Not specified,Missing,0,,False,True,False,False,False,False,False
5710824868,d69dc321d36fe4b5ffee5bf76d3c46b3926ed3ec,1,False,Standard,data scientist,Australia,Mid,Master,Missing,0,,False,True,False,False,False,False,False
5710756845,3e506da27bc3951c3bbe63a5ab156ab4d2353b5c,1,False,Standard,data scientist,Australia,Mid,Master,Missing,0,,False,True,False,False,False,False,False
5650823141,b801a66d16b525676e216b4b85b843d6739a56f8,1,True,Premium,data scientist,Australia,Lead,Not specified,Missing,0,,False,True,False,False,False,False,False
5709278205,ec06cedb9d37de50b53d65bde0038bc8f2c7f478,1,False,Standard,data scientist,Australia,Mid,Not specified,Missing,0,,False,True,False,False,False,False,False
5661296545,3546dd0f7489f72528b00a4685d1e9d01c930ced,1,True,Premium,data scientist,Australia,Lead,Not specified,Missing,1,,False,True,True,False,False,False,False
5705274553,0e7f8729e338046b85a3f7aab66c86d809ffa552,1,False,Standard,data scientist,Australia,Mid,Not specified,Missing,0,,False,True,False,False,False,False,False
5710703926,1c8082d9767f1bd89285c341d427f9d61079bf16,1,True,Premium,data scientist,Australia,Senior,Not specified,Missing,1,,False,True,True,False,False,False,False
5706782999,cff093d27b76311cc19db1109c5f1117a4febcee,1,False,Standard,data scientist,Australia,Mid,Not specified,Missing,0,,False,True,False,False,False,False,False
5701157633,e11078a4d07da4485c3e2711efb87262d698a999,1,False,Standard,data scientist,Australia,Mid,Not specified,Missing,0,,False,True,False,False,False,False,False
5703237594,9f7313b5a645682e086dd57dad4e05b444af5169,1,False,Standard,data scientist,Australia,Mid,Not specified,Missing,0,,False,True,False,False,False,False,False
5146457671,9ba626203ccf1269dd341e10d828f79a4f7b5c77,1,False,Standard,data scientist,Australia,Mid,Not specified,Missing,0,,False,True,False,False,False,False,False
5708193866,846b8264303db867ba0e4c31224bd8b5df48f52f,1,True,Premium,data scientist,Australia,Senior,Not specified,Missing,0,,False,True,False,False,False,False,False
5709403246,bf6f6adcaf247e7cf6254a17d893d0351d80a25a,1,True,Premium,data scientist,Australia,Senior,Not specified,Missing,0,,False,True,False,False,False,False,False
5709069469,8d2853d2ae60d2f839ed503c522f3bd7fe44308f,1,False,Standard,data scientist,Australia,Mid,Not specified,Missing,0,,False,True,False,False,False,False,False
5709060530,6a62bb7b470f052e86df4b178ad90823fbe43442,1,True,Premium,data scientist,Australia,Senior,Not specified,Missing,0,,False,True,False,False,False,False,False
5693286604,48673e6fc384986fff0262c7c9ffa98a2d9a3fe1,1,False,Standard,data scientist,Australia,Mid,Not specified,Missing,0,,False,True,False,False,False,False,False
5702141204,fd75edf0972ea140e63e2f788d157e7e61de2bd6,1,False,Standard,data scientist,Australia,Mid,Not specified,Missing,0,,False,True,False,False,False,False,False
5684810037,da6e99f563a000a7cdf19ce37877840b77e856cb,1,True,Premium,data scientist,Australia,Lead,Not specified,Missing,0,,False,True,False,False,False,False,False
5678554696,9bb724811f01a29877e883791c4c4af6564d59c8,1,True,Premium,data scientist,Australia,Senior,Not specified,Missing,0,,False,True,False,False,False,False,False
5664294733,ab15a183f821233b5e57c589c25c1d5b6648c83f,1,True,Premium,data scientist,Australia,Senior,Not specified,Missing,0,,False,True,False,False,False,False,False
5696327258,47b194d458692ccff4461cb104b3a4b667404d9c,1,True,Premium,data scientist,Australia,Senior,Not specified,Missing,0,,False,True,False,False,False,False,False
5655949878,c1303d63403f200c8b7a17a7d8e2b365391f220e,1,False,Standard,data scientist,Australia,Mid,Not specified,Missing,1,,False,True,True,False,False,False,False
5678752476,c6dc4553b9c384f075bfd6ea4f03729d4523e85b,1,True,Premium,data scientist,Australia,Senior,Not specified,Missing,0,,False,True,False,False,False,False,False
5689283673,2af498feb8ac5c51cec5d896711bf0f2b93e17f7,1,False,Standard,data scientist,Australia,Mid,Not specified,Missing,0,,False,True,False,False,False,False,False
5707072771,723bf18c08e5ef7674166edbc160df0dd7c40e87,1,False,Standard,data scientist,Australia,Mid,Not specified,Missing,0,,False,True,False,False,False,False,False
5710825001,b7bebaa09e00415f224df02828c15e2b5c460ae9,1,False,Standard,data scientist,Australia,Mid,Not specified,Missing,0,,False,True,False,False,False,False,False
5706731827,60d150922ee3a9582f65bcebad4f0ee9903138a9,1,True,Premium,data scientist,Australia,Lead,Not specified,Missing,0,,False,True,False,False,False,False,False
5708996083,73b00a2c339891d0d128a053ac12d6aa605955d2,1,True,Premium,data scientist,Australia,Lead,Not specified,Missing,0,,False,True,False,False,False,False,False
5708996201,704dae265020ef2b9dd62313ebe281dddb8e06c4,1,True,Premium,data scientist,Australia,Lead,Not specified,Missing,0,,False,True,False,False,False,False,False
5699877584,9cbb5e70e0eced33a71b725d43a6d3807fe6d7a0,1,True,Premium,data scientist,Australia,Lead,Not specified,Missing,0,,False,True,False,False,False,False,False
5674689938,0f0cf02fce9df3639822e832afcf7845086ea34d,1,True,Premium,data scientist,Australia,Lead,Not specified,Missing,0,,True,True,False,False,False,False,False
5650823095,6a8dee95a257905fcaa606d35bbaae1d6d467626,1,False,Standard,data scientist,Australia,Mid,Not specified,Missing,0,,False,True,False,False,False,False,False
5697832976,f1470456fced75cf18b752191e82674a5f23da1c,1,True,Premium,data scientist,Australia,Lead,Not specified,Missing,0,,False,True,False,False,False,False,False
5698480298,4ae48ce22a1109e1e282ff1d63cbb3607a74b572,1,True,Premium,data scientist,Australia,Lead,Not specified,Missing,0,,False,True,False,False,False,False,False
5626100996,458fc6f7efcc315bb4d6d0c881c58e4a9bb740d3,1,True,Premium,data scientist,Australia,Lead,Not specified,Missing,0,,False,True,False,False,False,False,False
5677692788,a21098804883704d4c0029c54a91f1d768f58692,1,True,Premium,data scientist,Australia,Senior,Not specified,Missing,0,,False,True,False,False,False,False,False
5413793977,5d47192cb9d8daa8dddfd053fe6d3598ba43fc52,1,False,Standard,data scientist,Australia,Mid,Not specified,Missing,0,,False,True,False,False,False,False,False
5673623541,14ca870f995b0242ac24ef3fba1300e876b29ffe,1,False,Standard,data scientist,Australia,Mid,Not specified,Missing,0,,False,True,False,False,False,False,False
5412315654,3a1608e4775c5fbef5b7a818f139e7a6b8dda2f1,1,False,Standard,data scientist,Australia,Mid,Not specified,Missing,0,,False,True,False,False,False,False,False
5262674995,6b222e47f11c03aa23afbf5766a4469ce4a58135,1,False,Standard,data scientist,Australia,Mid,Not specified,Missing,0,,False,True,False,False,False,False,False
5144611843,c4581863a65dde5b16aebfa69292a86c5f2fd0d5,1,False,Standard,data scientist,Australia,Mid,Not specified,Missing,0,,False,True,False,False,False,False,False
5519615567,f67b5337ba1c20aefc67055f65a37fceab3b4e94,1,False,Standard,data scientist,Australia,Mid,Not specified,Missing,0,,False,True,False,False,False,False,False
4801332952,42d033cbfeb4ac27d7bf73e11a9658a3204cd49e,1,False,Standard,data scientist,Australia,Mid,Not specified,Missing,0,,False,True,False,False,False,False,False
5581022073,03f20e34e05acc3d3c6e831e1892a668c0303262,1,False,Standard,data scientist,Australia,Mid,Not specified,Missing,0,,False,True,False,False,False,False,False
5499517660,bdccc11799975092f2064a9cd073f72c9acca180,1,False,Standard,data scientist,Australia,Mid,Not specified,Missing,0,,False,True,False,False,False,False,False
5499515951,ebdcb7ef60fa3b18b59102e3132a6b4be531c4f9,1,False,Standard,data scientist,Australia,Mid,Not specified,Missing,0,,False,True,False,False,False,False,False
5605376146,da3d63c67ba05e60456f50f7e9c2ab514ef4ec28,1,False,Standard,data scientist,Australia,Mid,Not specified,Missing,0,,False,True,False,False,False,False,False
5377566507,1b10688a68bd98493a85954c3b3988419ca58df7,1,False,Standard,data scientist,Australia,Mid,Not specified,Missing,0,,False,True,False,False,False,False,False
5644187401,6a022660db1cfe493f170c9ddb9f050f2049df58,1,False,Standard,data scientist,Australia,Mid,Not specified,Missing,0,,False,True,False,False,False,False,False
5522248941,4d9a3a43890d090ea79a3360a84ff371fd7a9cdb,1,False,Standard,data scientist,Australia,Mid,Not specified,Missing,0,,False,True,False,False,False,False,False
5377567307,91094986aaa07a66355c2240ab5af39fc9677ba7,1,False,Standard,data scientist,Australia,Mid,Not specified,Missing,0,,False,True,False,False,False,False,False
5412320847,4f9e7e010ca353f545ba8cae72fbd67067177bba,1,False,Standard,data scientist,Australia,Mid,Not specified,Missing,0,,False,True,False,False,False,False,False
5412284785,cf830d5018e72450c350fdb28bb30a66111e73ac,1,False,Standard,data scientist,Australia,Mid,Not specified,Missing,0,,False,True,False,False,False,False,False
5584969769,e888413dbe18ca58dcfb48ce7bc6f926b68e8147,1,False,Standard,data scientist,Australia,Mid,Not specified,Missing,0,,False,True,False,False,False,False,False
5409716850,80d9e9b9a5accfabf9542d262795d808be0f3423,1,False,Standard,data scientist,Australia,Mid,Not specified,Missing,0,,False,True,False,False,False,False,False
5377566397,87624cbd32872ddefb9928a23e64d95ff5135a9a,1,False,Standard,data scientist,Australia,Mid,Not specified,Missing,0,,False,True,False,False,False,False,False
5409716898,a4503156f063956b6f9c12220b1595017e148550,1,False,Standard,data scientist,Australia,Mid,Not specified,Missing,0,,False,True,False,False,False,False,False
5556885110,bebb0d1076e1b9ee148ed0e752ad607e80af243e,1,False,Standard,data scientist,Australia,Mid,Not specified,Missing,0,,False,True,False,False,False,False,False
5566495828,95e4ef49376fc492e4ed35417dfceaec6f20778a,1,False,Standard,data scientist,Australia,Mid,Not specified,Missing,0,,False,True,False,False,False,False,False
5409722612,0f5cb1d1e2ed7d8f9767b3b9adb5ca6a2110672f,1,False,Standard,data scientist,Australia,Mid,Not specified,Missing,0,,False,True,False,False,False,False,False
5603998159,97171facc72739dad36d4c75aa2c8caee690ac51,1,False,Standard,data scientist,Australia,Mid,Not specified,Missing,0,,False,True,False,False,False,False,False
5583007717,7c545c666634861d8b323f4b3d445878e4d56f8f,1,False,Standard,data scientist,Australia,Mid,Not specified,Missing,0,,False,True,False,False,False,False,False
5581022670,01e7fe402654297089a7746db6e0775260f9fba4,1,False,Standard,data scientist,Australia,Mid,Not specified,Missing,0,,False,True,False,False,False,False,False
5544744084,60ddb64efae90296db7a32bb75295569f41b9066,1,False,Standard,data scientist,Australia,Mid,Not specified,Missing,0,,False,True,False,False,False,False,False
5377568012,9b49215c3d88544edd0ac73374e1b2fc3e2b7ef1,1,False,Standard,data scientist,Australia,Mid,Not specified,Missing,0,,False,True,False,False,False,False,False
4801292030,c7b2817087e057517b659f57ece0a64dce761509,1,False,Standard,data scientist,Australia,Mid,Not specified,Missing,0,,False,True,False,False,False,False,False
5448805786,b1894356548a3cf7644311496518c8ba2197dca7,1,False,Standard,data scientist,Australia,Mid,Not specified,Missing,0,,False,True,False,False,False,False,False
5167263915,1fc358d19816eca63578c59c2f6ebde0d7e42a9b,1,False,Standard,data scientist,Australia,Mid,Not specified,Missing,0,,False,True,False,False,False,False,False
5167264408,8f7a263271cfbeb42a816264f5e67a299f8e3b58,1,False,Standard,data scientist,Australia,Mid,Not specified,Missing,0,,False,True,False,False,False,False,False
5409730470,1a0475c42a171746b1f3f53527be8efd3bce306b,1,False,Standard,data scientist,Australia,Mid,Not specified,Missing,0,,False,True,False,False,False,False,False
5706197667,7bf68bf0838d9c1f0c83a2f0c8314efe7deb26cf,1,False,Standard,data analyst,Australia,Mid,Not specified,Missing,1,,False,True,True,False,True,False,False
5698352724,b12fbfac3041c531d5144d5c35197450dddfc8f6,1,False,Standard,data analyst,Australia,Mid,Not specified,Missing,1,,False,True,True,False,False,False,False
5700656334,6ef3f5e4f159a62ad20b491574a563ee5e28ada6,1,False,Standard,data analyst,Australia,Mid,Not specified,Missing,0,,False,True,False,False,False,False,False
5706197580,f5f3c58edf6f115b1f85a988a3a2804b136e4884,1,False,Standard,data analyst,Australia,Mid,Not specified,Missing,0,,False,True,False,False,False,False,False
5650823070,904d1255f7a37d00d106f48fa139f101b8b9f93a,1,False,Standard,data analyst,Australia,Mid,Not specified,3-5 years,1,3.0,False,False,True,False,True,False,False
5680215175,55212a93347ddcd4a30c8b6e0ab6f24d09e581e9,1,False,Standard,data analyst,Australia,Mid,Not specified,Missing,0,,False,True,False,False,False,False,False
5688182807,579153308cc6d73d5d3815e1061705dfa6704057,1,False,Standard,data analyst,Australia,Mid,Not specified,Missing,0,,False,True,False,False,False,False,False
5700176594,62584452b440c7853198777f3891a74434664ce4,1,False,Standard,data analyst,Australia,Mid,Not specified,Missing,0,,False,True,False,False,False,False,False
4801319120,23a60198ba416cfca583d48c7df284d4ec129f33,1,False,Standard,data analyst,Australia,Mid,Not specified,Missing,0,,False,True,False,False,False,False,False
5698716956,5f70a9c48017d1d78ef0ef5e930fd91f9589d45c,1,False,Standard,data analyst,Australia,Mid,Not specified,Missing,0,,False,True,False,False,False,False,False
5696291625,0906b84c803d1aff29dffe3df5eafe701900c301,1,False,Standard,data analyst,Australia,Mid,Not specified,Missing,0,,False,True,False,False,False,False,False
5707905307,137037a3cf83d3f43d5f134abf2f6184874fa146,1,False,Standard,data analyst,Australia,Mid,Not specified,Missing,0,,False,True,False,False,False,False,False
5677961876,b301da4025175be1e6a73bc3fcc3bb17635cc408,1,False,Standard,data analyst,Australia,Mid,Not specified,Missing,0,,False,True,False,False,False,False,False
5709080694,2bb9fccd77a98c2ad2825c873ae25d141c3730bb,1,False,Standard,data analyst,Australia,Mid,Not specified,Missing,0,,False,True,False,False,False,False,False
5699173858,c89a6e7dcc34084aa3309630146adb573f40e9c3,1,False,Standard,data analyst,Australia,Mid,Not specified,Missing,0,,False,True,False,False,False,False,False
5662146620,168170fa2f2a5088935145912917f00b574c29af,1,False,Standard,data analyst,Australia,Mid,Not specified,Missing,1,,False,True,True,False,False,False,False
5661797562,707e5f796f06aa72909cd02bc359da637df68fa5,1,False,Standard,data analyst,Australia,Mid,Not specified,Missing,1,,False,True,True,False,False,False,False
5661797654,e73c0d2551d3849807f92913901d0be488240b85,1,False,Standard,data analyst,Australia,Mid,Not specified,Missing,1,,False,True,True,False,False,False,False
5661797634,5369e21a6a8e9cec4187e289197a1ea5794d725c,1,False,Standard,data analyst,Australia,Mid,Not specified,Missing,1,,False,True,True,False,False,False,False
5696151165,dc962c4951bb35e19db466566d7fe9801de3b52f,1,False,Standard,data analyst,Australia,Mid,Not specified,Missing,0,,False,True,False,False,False,False,False
5711024186,b31ebf14998253740ed54a794605220c1047dc48,1,False,Standard,data analyst,Australia,Mid,Not specified,Missing,0,,False,True,False,False,False,False,False
5651987651,1afa0f0ed239f808f59e05b0a165d72fb78e03d6,1,False,Standard,data analyst,Australia,Mid,Not specified,Missing,0,,False,True,False,False,False,False,False
5679901160,9cfdeee56f670f4d4ee4acb6f205113d7573af54,1,False,Standard,data analyst,Australia,Mid,Not specified,Missing,0,,False,True,False,False,False,False,False
5701952104,d54c396938dbb7e4f0014fc3f8d0240ddc1e5ea8,1,False,Standard,data analyst,Australia,Mid,Not specified,Missing,0,,False,True,False,False,False,False,False
5650900656,49feacf9e57a20cc53b11a256bfaad529c610db7,1,False,Standard,data analyst,Australia,Mid,Not specified,Missing,0,,False,True,False,False,False,False,False
5691857516,ce366f4cde2b326d4c16dd1e73c672c012e40cb3,1,False,Standard,data analyst,Australia,Mid,Not specified,Missing,0,,False,True,False,False,False,False,False
5679741940,ab5e23257a1fef9338e7d7b0d2b119bf23030bbf,1,False,Standard,data analyst,Australia,Mid,Not specified,Missing,0,,False,True,False,False,False,False,False
5696289125,e637def48bb8b489eb16a809c205b6dd6ab1a478,1,False,Standard,data analyst,Australia,Mid,Not specified,Missing,0,,False,True,False,False,False,False,False
5708930940,b058eeab07c2d75ee74443489e4f7ce0712c84e7,1,False,Standard,data analyst,Australia,Mid,Not specified,Missing,0,,False,True,False,False,False,False,False
5706786029,d17df980b85657fc7e0d3eb6ebc81e3a6a37728a,1,False,Standard,data analyst,Australia,Mid,Not specified,Missing,0,,False,True,False,False,False,False,False
5708816322,a26b6eff2104b8df057bfa839a9a6c78ff382301,1,False,Standard,data analyst,Australia,Mid,Not specified,Missing,0,,False,True,False,False,False,False,False
5707074077,c079bb0147c7c36bb4227ce8a484cb8278723706,1,False,Standard,data analyst,Australia,Mid,Not specified,Missing,0,,False,True,False,False,False,False,False
5697080287,76f38c7c1d620b6dd344c4565eeedeb02b41a0e2,1,False,Standard,data analyst,Australia,Mid,Not specified,Missing,0,,False,True,False,False,False,False,False
5707072333,1694e1c9d9837d0b3f1654129748f3f4849040c2,1,False,Standard,data analyst,Australia,Mid,Not specified,Missing,0,,False,True,False,False,False,False,False
5707704596,5fdf081136b647ed6d989d93aa88d08ac0406ee5,1,False,Standard,data analyst,Australia,Mid,Not specified,Missing,0,,False,True,False,False,False,False,False
5708744222,c4d3be2e6b02f2a09a0be3ddad36c6e1c8c31bae,1,False,Standard,data analyst,Australia,Mid,Not specified,Missing,0,,False,True,False,False,False,False,False
5694578220,9fcfa03da63fe018f0ff9543d6f3774d8a255249,1,False,Standard,data analyst,Australia,Mid,Not specified,Missing,0,,False,True,False,False,False,False,False
5699396346,9196f055112e1e5d8f05b75208bf5f823d3b417e,1,False,Standard,data analyst,Australia,Mid,Not specified,Missing,1,,False,True,True,False,False,False,False
5646993488,213abf8effdd824ac5bb114969a67198dd2484e4,1,True,Premium,data analyst,Australia,Senior,Bachelor,Missing,0,,False,True,False,False,False,False,False
5682151389,eb624541be28fb8ced354214a7e8a865e5490be6,1,False,Standard,data analyst,Australia,Mid,Not specified,Missing,1,,False,True,True,False,False,False,False
5684743262,2e321d56f77e1aec5f263c886d9a982a7faea69f,1,False,Standard,data analyst,Australia,Mid,Not specified,Missing,1,,False,True,True,False,False,False,False
5216135881,9f19f45af8709cae91c4d1d2121bcb70ca40b22c,1,False,Standard,data analyst,Australia,Mid,Not specified,Missing,0,,False,True,False,False,False,False,False
5702188481,7a7bcd114bbe29f8ef607074f12bd30b18748832,1,False,Standard,data analyst,Australia,Mid,Not specified,Missing,0,,False,True,False,False,False,False,False
5709974038,841cc963ae14d0b67dc21b5e634288e9819e7dff,1,True,Premium,data analyst,Australia,Senior,Not specified,Missing,0,,False,True,False,False,False,False,False
5710823482,477c6743681eab4eadf64798101b97eae1ba7bc6,1,True,Premium,data analyst,Australia,Senior,Not specified,Missing,0,,False,True,False,False,False,False,False
5707073038,64f1ad306ea6fe8f274d8a851bc4eea1fe324b2a,1,False,Standard,data analyst,Australia,Mid,Not specified,Missing,0,,False,True,False,False,False,False,False
5688182823,e79d7492a689987de70403d09bdb772079c738ed,1,True,Premium,data analyst,Australia,Senior,Not specified,Missing,0,,False,True,False,False,False,False,False
5708995446,057b9ae787b269700f3464848198ca4b493e88f9,1,False,Standard,data analyst,Australia,Mid,Not specified,Missing,0,,False,True,False,False,False,False,False
5650856047,6a9d47756f76a5e320ef163073843a33efa81bbc,1,False,Standard,data analyst,Australia,Mid,Not specified,Missing,0,,False,True,False,False,False,False,False
5705031570,5f749e0194f72f7b7a9dd834ce8791525521125e,1,False,Standard,data analyst,Australia,Mid,Not specified,Missing,0,,False,True,False,False,False,False,False
5708996652,7f2ae3a05621b5bbe516cc7951a9a5cf0748bdae,1,False,Standard,data analyst,Australia,Mid,Not specified,Missing,0,,False,True,False,False,False,False,False
5683776879,e93187d9507ac2a478078d04063a247a1679af2c,1,False,Standard,data analyst,Australia,Mid,Not specified,Missing,0,,False,True,False,False,False,False,False
5700372408,1864c8759b67dbaec2dda57c9c52d0d202932fa3,1,False,Standard,data analyst,Australia,Mid,Not specified,Missing,1,,False,True,True,False,False,False,False
5699680959,ba63ff9787c6a48f8626b9c0feccf90beb6b7103,1,False,Standard,data analyst,Australia,Mid,Not specified,Missing,0,,False,True,False,False,False,False,False
5699681002,8c521d760be5a79b666a100b226788b8edd96003,1,False,Standard,data analyst,Australia,Mid,Not specified,Missing,0,,False,True,False,False,False,False,False
5699680887,9226d516e8d2da964788007d55ba635aeb26cad7,1,False,Standard,data analyst,Australia,Mid,Not specified,Missing,0,,False,True,False,False,False,False,False
5699680966,59412d4750d1822f1ca161deaa4a65e90e8b6549,1,False,Standard,data analyst,Australia,Mid,Not specified,Missing,0,,False,True,False,False,False,False,False
5699680690,f3bcf75581917f83b36320190c0bc29eae3e72d2,1,False,Standard,data analyst,Australia,Mid,Not specified,Missing,0,,False,True,False,False,False,False,False
5701961733,3d2f18fda653960700f474552acde8629a9826b5,1,False,Standard,data analyst,Australia,Mid,Not specified,Missing,0,,False,True,False,False,False,False,False
5694420389,c1ccfa215519bf5659c74e869666a339d6aac8c6,1,False,Standard,data analyst,Australia,Mid,Not specified,Missing,0,,False,True,False,False,False,False,False
5704181891,0f23f38404954f07b57a6c28d40d6b3d7048e8ef,1,True,Premium,data analyst,Australia,Senior,Not specified,Missing,0,,False,True,False,False,False,False,False
5699679580,2ce04cc51b909e7ee980c1ac8cd6b5332834a014,1,False,Standard,data analyst,Australia,Mid,Not specified,Missing,1,,False,True,True,False,False,False,False
5693918526,d86447507353c41686d4ab940ebf9c6e7ebca5aa,1,True,Premium,data analyst,Australia,Senior,Not specified,Missing,0,,False,True,False,False,False,False,False
5703515137,959f060d182c21ef572cd01a2d9a5449d5c05053,1,False,Standard,data analyst,Australia,Mid,Not specified,Missing,0,,False,True,False,False,False,False,False
5704928994,b63968ca53a5469c84529be8a948275852338594,1,False,Standard,data analyst,Australia,Mid,Not specified,Missing,0,,False,True,False,False,False,False,False
5681751915,2d645016f75a4e5f984b341c624d4b0d8231fea9,1,True,Premium,data analyst,Australia,Senior,Not specified,Missing,0,,False,True,False,False,False,False,False
5703084019,ff8a60e9b5e07089a0c67a1eada654ae0a4310a8,1,False,Standard,data analyst,Australia,Mid,Not specified,Missing,0,,False,True,False,False,False,False,False
5650816125,c03534845e69a041ea10ce4315fe206d5f957608,1,False,Standard,data analyst,Australia,Mid,Not specified,Missing,0,,False,True,False,False,False,False,False
5696079629,ed2f9a8fb21ddc13bcbbe255cd4dc0e21b56da22,1,False,Standard,data analyst,Australia,Mid,Not specified,Missing,0,,False,True,False,False,False,False,False
5644183354,1b7923006f26e422d3d3de9754bc0e44968cc47e,1,False,Standard,data analyst,Australia,Mid,Not specified,Missing,0,,False,True,False,False,False,False,False
5696290113,ec75e44b075736f0fc31373f69c8b4ef8f9bc1a2,1,False,Standard,data analyst,Australia,Mid,Not specified,Missing,0,,False,True,False,False,False,False,False
5680767198,179373e3759420ef82fa855824b9c1bf497843c5,1,False,Standard,data analyst,Australia,Mid,Not specified,Missing,0,,False,True,False,False,False,False,False
5650851343,9d65f18271d40456dbda17930ca9c02a6b0ec192,1,True,Premium,data analyst,Australia,Senior,Not specified,Missing,0,,False,True,False,False,False,False,False
5691713998,a5a7d7376e04057c89d4113402d0f4c0add7b6ec,1,False,Standard,data analyst,Australia,Mid,Not specified,Missing,0,,False,True,False,False,False,False,False
5697073737,780cbf6a54b128f5a550da1d862241351a22fc68,1,False,Standard,data analyst,Australia,Mid,Not specified,Missing,0,,False,True,False,False,False,False,False
5561995784,4f275b05b9de902f62e1c925d81df29de12adda6,1,False,Standard,data analyst,Australia,Mid,Not specified,Missing,0,,False,True,False,False,False,False,False
5562010607,20f8b21475126d2ce9b64bd983ce6980374b25ca,1,False,Standard,data analyst,Australia,Mid,Not specified,Missing,0,,False,True,False,False,False,False,False
5637657058,1d0554b55179c85dfef9c28eabd91178e25e2541,1,False,Standard,data analyst,Australia,Mid,Not specified,Missing,0,,False,True,False,False,False,False,False
5710255191,8684ebecf1293fa0d0988ca04e5efc40bf6c1a4c,1,True,Premium,data analyst,Australia,Senior,Not specified,Missing,1,,False,True,True,False,False,False,False
5704182073,03f89e7e31a577fc5737f54ad65aedb9c787270a,1,False,Standard,data analyst,Australia,Junior,Not specified,0-2 years,0,2.0,False,False,False,False,False,False,False
5702439670,8d66b51e93af64a1a75fc2d331604711b07b4bed,1,False,Standard,data analyst,Australia,Junior,Not specified,0-2 years,0,2.0,False,False,False,False,False,False,False
5654246107,f4f4e7c587944ebdc1cd881cf6307bb573f5c129,1,False,Standard,data analyst,Australia,Mid,Not specified,Missing,1,,False,True,True,False,False,False,False
5520454922,3e0f63faa6abba2623765a8c76f23b3d7e5b0130,1,False,Standard,data analyst,Australia,Mid,Not specified,Missing,0,,False,True,False,False,False,False,False
5707073344,67b3a743b3e2005f8a4f0d8e1b55ef1d1c8b1138,1,False,Standard,data analyst,Australia,Mid,Not specified,Missing,0,,False,True,False,False,False,False,False
5684035870,aebb59e38108812364abb22526daa68219a092a2,1,False,Standard,data analyst,Australia,Mid,Not specified,Missing,0,,False,True,False,False,False,False,False
5707907181,a1ec087fe81fce673f7b34efce01d745431707fe,1,False,Standard,data analyst,Australia,Mid,Not specified,Missing,1,,False,True,True,False,False,False,False
5689294326,0ab7981c9a53007241a3664786d6d69893d60f84,1,True,Premium,data analyst,Australia,Senior,Not specified,Missing,0,,False,True,False,False,False,False,False
5696153027,f1e66b540f0898f04c179109a641a59051e9a373,1,True,Premium,data analyst,Australia,Lead,Not specified,Missing,0,,False,True,False,False,False,False,False
5708995560,53d903f4688518500e50073dcb6fc22597863de0,1,False,Standard,data analyst,Australia,Mid,Not specified,Missing,0,,False,True,False,False,False,False,False
5706201335,193e996480dd9e05bf294f2ca4a6814887bdaaea,1,False,Standard,data analyst,Australia,Mid,Not specified,Missing,0,,False,True,False,False,False,False,False
5654589134,c283b87d4e8befaf8e97512562bb3e05044a1baf,1,False,Standard,data analyst,Australia,Mid,Not specified,Missing,0,,False,True,False,False,False,False,False
5654692783,52f40bacb3acc469c3e299ee870541f906bdd3c3,1,False,Standard,data analyst,Australia,Mid,Not specified,Missing,0,,False,True,False,False,False,False,False
5655944668,7ec48044ea7ec19a0c8992f8e2539019e5ef60dc,1,False,Standard,data analyst,Australia,Mid,Not specified,Missing,0,,False,True,False,False,False,False,False
5627200062,f5b0c4b78a2c110b5b311d2aaeb64d3ce3128b94,1,True,Premium,data analyst,Australia,Senior,Not specified,Missing,0,,False,True,False,False,False,False,False
5664672073,c36b790fb14e9857b88bd5135f743fa095881454,1,True,Premium,data analyst,Australia,Senior,Not specified,Missing,0,,False,True,False,False,False,False,False
5698634065,6c49bd8c17d15fff63baa0b337f7e82a76848ece,1,True,Premium,data analyst,Australia,Senior,Not specified,Missing,0,,False,True,False,False,False,False,False
5698909407,d5c1beea2837b4d5b72d292cf280199db9eeab59,1,False,Standard,data analyst,Australia,Mid,Not specified,Missing,0,,False,True,False,False,False,False,False
5696288862,5c81ad4a4e63a86681dac6ab19eb822577c7b358,1,True,Premium,data analyst,Australia,Lead,Not specified,Missing,0,,False,True,False,False,False,False,False
5707630375,e2c83c53ac36754ac94954c89607947a5778167b,1,False,Standard,data analyst,Australia,Mid,Not specified,Missing,0,,False,True,False,False,False,False,False
5710776767,66468809a3cd871401627c1d75bc391f0ebf2c5a,1,False,Standard,data analyst,Australia,Mid,Not specified,Missing,0,,False,True,False,False,False,False,False
5701954727,6a2a51fd25c9b2e9d7009afb0f7192ddaedbb335,1,False,Standard,data analyst,Australia,Mid,Not specified,Missing,0,,False,True,False,False,False,False,False
5701960760,f8c8f058fd9f7dc00d7ce14bbd75a4953d413b22,1,False,Standard,data analyst,Australia,Mid,Not specified,Missing,0,,False,True,False,False,False,False,False
5679993880,32abc6517b7ed99d9eafbe942cf7c1b95f6872dd,1,False,Standard,data analyst,Australia,Mid,Not specified,Missing,0,,False,True,False,False,False,False,False
5684756318,98b9482ce43f502779e968862a8586772611a522,1,False,Standard,data analyst,Australia,Mid,Not specified,Missing,0,,False,True,False,False,False,False,False
5705749159,67d5fcefcf09ef01c165a437f20f045d247530f1,1,False,Standard,data analyst,Australia,Mid,Not specified,Missing,0,,False,True,False,False,False,False,False
5640863790,aa9f8ecf98332a12c5d5a82e92f301e9cc52398a,1,False,Standard,data analyst,Australia,Mid,Not specified,Missing,0,,False,True,False,False,False,False,False
5350347305,b5fb68fac1b79859cdff2fd53df05fef226c45c5,1,True,Premium,data analyst,Australia,Senior,Not specified,Missing,0,,False,True,False,False,False,False,False
5707072662,c1f7c32e9dd151fa33c8476ba36013dce8c48a4d,1,False,Standard,data analyst,Australia,Mid,Master,Missing,0,,False,True,False,False,False,False,False
5707072593,ed2c09b703eff6d81196a95c800402b9c47f5e76,1,False,Standard,data analyst,Australia,Mid,Master,Missing,0,,False,True,False,False,False,False,False
5709818702,104cbfbf9ccd782e8b9b9360a0ae82f8111fa2f2,1,False,Standard,data analyst,Australia,Mid,Master,Missing,0,,False,True,False,False,False,False,False
5707704541,9f1a5d883fce2e6fd1d5b4231cc26502d836d357,1,False,Standard,data analyst,Australia,Mid,Master,Missing,0,,False,True,False,False,False,False,False
5703237463,0b2997c78cd87489cc8cb92ea22f38ff6aab7f0e,1,False,Standard,data analyst,Australia,Mid,Not specified,Missing,0,,False,True,False,False,False,False,False
5700176843,ccdbe853d0bf23232e3153ae10cd47e848df9c4c,1,True,Premium,data analyst,Australia,Lead,Not specified,Missing,0,,False,True,False,False,False,False,False
5702098520,fba8a9b4e2141bd14a04843c192ad9bc0913a0b4,2,True,Premium,data analyst,Australia,Lead,Not specified,Missing,0,,False,True,False,False,False,False,False
5700999551,fba8a9b4e2141bd14a04843c192ad9bc0913a0b4,2,True,Premium,data analyst,Australia,Lead,Not specified,Missing,0,,False,True,False,False,False,False,False
5696291654,580c84233f2402f8b8ccda81604795747bf2f773,1,True,Premium,data analyst,Australia,Lead,Not specified,Missing,0,,False,True,False,False,False,False,False
5591672177,e01edb28081aacd0ac661d89f640a2717b86ba0a,1,False,Standard,data analyst,Australia,Mid,Not specified,11+ years,0,25.0,False,False,False,False,False,False,False
5710776631,92cbd666788cc7e838fea3289c265bffa2f6d1fc,1,False,Standard,data analyst,Australia,Mid,Not specified,Missing,0,,False,True,False,False,False,False,False
5668330623,45a70256a1a2da68e713bdb41b1b6fbc300b9239,1,True,Premium,data analyst,Australia,Senior,Not specified,Missing,0,,False,True,False,False,False,False,False
5709974354,888bca41a99a9b36194336138c1134c6f6b12f3b,1,False,Standard,data analyst,Australia,Mid,Not specified,Missing,0,,False,True,False,False,False,False,False
5708996778,8d6037467248be1ecb39d3abe42bca788a6fcb2a,1,True,Premium,data analyst,Australia,Lead,Not specified,Missing,0,,False,True,False,False,False,False,False
5708996692,49d4eab844119153accd1ad4816580556ac7a332,1,True,Premium,data analyst,Australia,Senior,Not specified,Missing,0,,False,True,False,False,False,False,False
5696411410,29624cfa85416e0c2c187a48871b49fc687c4694,1,False,Standard,data analyst,Australia,Mid,Not specified,Missing,0,,False,True,False,False,False,False,False
5650833545,76c1d4686d13b3fcb2cbc0f5ce950c982b5b820b,1,False,Standard,data analyst,Australia,Mid,Not specified,Missing,0,,False,True,False,False,False,False,False
5703076090,e5bb5b826d4c50cd4cb80dae16843d85686a164a,1,True,Premium,data analyst,Australia,Lead,Not specified,Missing,0,,False,True,False,False,False,False,False
5701335385,6f10a6cf113a4ffd20f259af1e10dcd19a128ed5,1,True,Premium,data analyst,Australia,Lead,Not specified,Missing,0,,False,True,False,False,False,False,False
5696602706,835c5f755fc3e1f32587523208c65aa05d94223d,1,False,Standard,data analyst,Australia,Mid,Not specified,Missing,0,,False,True,False,False,False,False,False
5697177964,62e7c5b9c835bf5b7e017c07985dd258b318d213,1,False,Standard,data analyst,Australia,Mid,Not specified,Missing,0,,False,True,False,False,False,False,False
5650545828,fe61937e0b258e05fcd8003d9730c1ef06106bcc,1,False,Standard,data analyst,Australia,Junior,Not specified,Missing,0,,False,True,False,False,False,False,False
5707073310,326db6be1df7cb36ba667aa4b1a3b7e1c952d99a,1,False,Standard,data analyst,Australia,Mid,Not specified,Missing,0,,False,True,False,False,False,False,False
5706201357,328d1d6fbe27cffd72810cf581e2cde82182d81c,1,False,Standard,data analyst,Australia,Mid,Not specified,Missing,0,,False,True,False,False,False,False,False
5709843010,e7c6aa44e872e7b9d30a1229a973ca114849bcd6,1,False,Standard,data analyst,Australia,Mid,Not specified,Missing,0,,False,True,False,False,False,False,False
5706786832,d84d5766213957819af9e81af60160e8bad96743,1,False,Standard,data analyst,Australia,Mid,Not specified,Missing,1,,False,True,True,False,False,False,False
5706786964,19317bb1573789af6930c6a3943b18b88b727646,1,False,Standard,data analyst,Australia,Mid,Not specified,Missing,1,,False,True,True,False,False,False,False
5706786967,aba9f6e282cf87215714a76415ce53f872668036,1,False,Standard,data analyst,Australia,Mid,Not specified,Missing,1,,False,True,True,False,False,False,False
5706786948,8c2807142e51f02b892cb445de421d782a106b7b,1,False,Standard,data analyst,Australia,Mid,Not specified,Missing,1,,False,True,True,False,False,False,False
5707717379,856e66781814a13a99e6dfbfd3c34586554db145,1,False,Standard,data analyst,Australia,Mid,Not specified,Missing,0,,False,True,False,False,False,False,False
5694906984,6c022f6b42008bcac84b6a5afeb88b24ffe7c52b,1,False,Standard,data analyst,Australia,Mid,Not specified,Missing,0,,False,True,False,False,False,False,False
5704928986,ff0072e002bddade898e604e39f83702fdf48da2,1,False,Standard,data analyst,Australia,Mid,Not specified,Missing,0,,False,True,False,False,False,False,False
5331788576,f4e1afb360d80966f5d928aeee095e2ff865047a,1,False,Standard,data analyst,Australia,Mid,Not specified,Missing,0,,False,True,False,False,False,False,False
5684759339,805c239f1d148511c3b80d86b21e21170afec701,1,False,Standard,data analyst,Australia,Mid,Not specified,Missing,0,,False,True,False,False,False,False,False
5674172341,43d80a4bb475376cd33f1a86ed05d8f27a73690b,1,False,Standard,data analyst,Australia,Mid,Not specified,Missing,0,,False,True,False,False,False,False,False
5678553947,3493f9d3be1d1a0a4f2eb55bb4ac9e0246db0bfc,1,False,Standard,data analyst,Australia,Mid,Not specified,Missing,0,,False,True,False,False,False,False,False
5681753211,d81fec20886d6992083c43dd1ea7815456b1d0d9,1,False,Standard,data analyst,Australia,Mid,Not specified,Missing,0,,False,True,False,False,False,False,False
5707912106,c6c7922a8d65363627f2147c4423a821a532008f,1,False,Standard,data analyst,Australia,Mid,Not specified,Missing,0,,False,True,False,False,False,False,False
5708995207,77a7640fcebe8891864a6d9af0a6728f17da0875,1,False,Standard,data analyst,Australia,Mid,Not specified,Missing,0,,False,True,False,False,False,False,False
5677631792,dab2b5d8b9cd21799f0d97ec59d35829c9c132b1,1,False,Standard,data analyst,Australia,Mid,Not specified,Missing,0,,False,True,False,False,False,False,False
5707862635,f6cb420028f29fcca2353c7bedadf59047604357,1,False,Standard,data analyst,Australia,Mid,Not specified,Missing,0,,False,True,False,False,False,False,False
5695211946,14f7584d5ffb21f8cd7a370f654f86d17deac0b5,1,False,Standard,data analyst,Australia,Mid,Not specified,Missing,0,,False,True,False,False,False,False,False
5708193676,4c5407a02f9fd729a06e2da3a0e2f1f21e940479,1,False,Standard,data analyst,Australia,Mid,Not specified,Missing,0,,False,True,False,False,False,False,False
5661234167,f1ebb6de0270b7d2e8a34bd046f0492d879c3fc8,1,True,Premium,data analyst,Australia,Senior,Not specified,Missing,0,,False,True,False,False,False,False,False
5547690700,091932f1d5c69a15570cf419b3cc9fbc3ed9f22d,1,True,Premium,data analyst,Australia,Senior,Not specified,Missing,0,,False,True,False,False,False,False,False
5709750009,f96db9cdaaa3ed47704880ef9ecbd698fd4b3b7a,1,False,Standard,data analyst,Australia,Mid,Not specified,Missing,0,,False,True,False,False,False,False,False
5695258931,53479495804a1b96fb3db55bc283c29cdeb40746,1,False,Standard,data analyst,Australia,Mid,Not specified,Missing,0,,False,True,False,False,False,False,False
5680214910,8a68713594724072e2ca682e88a126f4a5a807a1,1,False,Standard,data analyst,Australia,Mid,Not specified,Missing,0,,False,True,False,False,False,False,False
5708193181,d955a46b91086a91fd323d65ca000ca96bb81401,1,False,Standard,data analyst,Australia,Mid,Not specified,Missing,0,,False,True,False,False,False,False,False
5700967598,3aa5a5c7b8aefb5abde81567e42051fa4fc78b5a,1,True,Premium,data analyst,Australia,Senior,Not specified,Missing,1,,False,True,True,False,False,False,True
5710777677,3da4a92455b99cf53b02be35299e978db2eb9732,1,False,Standard,data analyst,Australia,Mid,Not specified,Missing,0,,False,True,False,False,False,False,False
5709976268,d7f672163654735195b543fa5b55bef885cfb2ed,1,False,Standard,data analyst,Australia,Mid,Not specified,Missing,0,,False,True,False,False,False,False,False
5683776953,1b1c8dda67a3149c52421bbac805ee6e3fb4bff7,1,False,Standard,data analyst,Australia,Mid,Not specified,Missing,0,,False,True,False,False,False,False,False
5709975084,2e36bf5abacbfb11748c1f736a3ff41c7f088eea,1,False,Standard,data analyst,Australia,Mid,Not specified,Missing,0,,False,True,False,False,False,False,False
5709818826,c5dd7bca32ddf3b5be8552fa02cb080fdfb0c668,1,False,Standard,data analyst,Australia,Mid,Not specified,Missing,0,,False,True,False,False,False,False,False
5708823259,c2339f611c6874b2e14fae62578eab04cc621faa,1,True,Premium,data analyst,Australia,Senior,Not specified,Missing,1,,False,True,True,False,True,False,False
5627477367,2a43991249761305d58716277c02a441daf51468,1,False,Standard,data engineer,Australia,Mid,Not specified,Missing,0,,False,True,False,False,False,False,False
5694447093,7f443192d573eece931aeae9e1796222274124bf,1,False,Standard,data engineer,Australia,Mid,Not specified,6-10 years,1,8.0,False,False,True,False,True,False,False
5709410145,6739f76e6a4d728357a1f8ba9645dcd58cdad094,1,False,Standard,data engineer,Australia,Mid,Not specified,Missing,0,,False,True,False,False,False,False,False
5537276084,3782ee138e181d7ca61223acc511e102490260e6,1,False,Standard,data engineer,Australia,Mid,Not specified,Missing,0,,False,True,False,False,False,False,False
5697717236,17c4805ec8ae253939340f7f10dc3010cced8574,1,False,Standard,data engineer,Australia,Mid,Not specified,Missing,1,,False,True,True,False,False,False,True
5670090814,ba10fd79e7a084b860957dcfdd54066e009a9a4d,1,False,Standard,data engineer,Australia,Mid,Not specified,Missing,0,,False,True,False,False,False,False,False
5696288846,1b528c8307f39a3fcae72dffeba73baf80a236f7,1,False,Standard,data engineer,Australia,Mid,Not specified,Missing,1,,False,True,True,False,False,False,True
5637758914,ae1a3817b589e36018fde1af0a57a8b96fb1e1e1,1,False,Standard,data engineer,Australia,Mid,Not specified,Missing,0,,False,True,False,False,False,False,False
5709059471,43cc834ca4c8bd62e8cbe2d0adff80bc2acd26fc,1,False,Standard,data engineer,Australia,Mid,Not specified,Missing,0,,False,True,False,False,False,False,False
5688184604,fa90fb631d3e6d082d3009d9b0ea400f5acec683,1,False,Standard,data engineer,Australia,Mid,Not specified,Missing,0,,False,True,False,False,False,False,False
5664253127,e641279d35bcddeb9d2fa0d13c48dfc726cada83,1,False,Standard,data engineer,Australia,Mid,Not specified,Missing,0,,False,True,False,False,False,False,False
5652867979,3faa8896cb3739aa32097cbaebeb5be41d116239,1,False,Standard,data engineer,Australia,Mid,Not specified,Missing,0,,False,True,False,False,False,False,False
5710823873,8d6a68782b16e2e9a86b59ec0da69b378994d101,1,False,Standard,data engineer,Australia,Mid,Not specified,Missing,0,,False,True,False,False,False,False,False
5692971039,753a6e02d4ff63d83e3e5e6e3bdea5b937f07b4b,1,False,Standard,data engineer,Australia,Mid,Not specified,Missing,0,,False,True,False,False,False,False,False
5051955074,cb29b3c6a2e1477f9eede15240af012a839201f2,1,False,Standard,data engineer,Australia,Mid,Not specified,Missing,0,,False,True,False,False,False,False,False
5664750888,5555ffbeca65a971931603a08f86e59c8052de3c,1,False,Standard,data engineer,Australia,Mid,Not specified,Missing,0,,False,True,False,False,False,False,False
5540487588,b8358c1029fb188d854c0f507150ddc83076d7d2,1,False,Standard,data engineer,Australia,Mid,Not specified,Missing,5,,False,True,True,True,True,False,False
5707905311,e154a0b5d78ae89fdca9a04f4d422dbe0b059675,1,False,Standard,data engineer,Australia,Mid,Not specified,Missing,0,,False,True,False,False,False,False,False
5702138499,e0120f15f9918eb96bee5ce1cac39383e8ba57e1,1,False,Standard,data engineer,Australia,Mid,Not specified,Missing,0,,False,True,False,False,False,False,False
5669092968,b1f031534a761a4b370178a92f8a088243e25c7f,1,False,Standard,data engineer,Australia,Mid,Not specified,Missing,0,,False,True,False,False,False,False,False
5707697975,1a405d78c523ad6badc338b6f5ae44c45a90cd51,1,False,Standard,data engineer,Australia,Mid,Not specified,Missing,0,,False,True,False,False,False,False,False
5703085298,35729d99864f937fd260148ac0a29ff1d8a0ab34,1,False,Standard,data engineer,Australia,Mid,Not specified,Missing,0,,False,True,False,False,False,False,False
5704078461,09fe1cd0eeed787cbab3474035b7cb59a9b1e18a,1,False,Standard,data engineer,Australia,Mid,Not specified,Missing,0,,False,True,False,False,False,False,False
5609382357,c226f471a872fc6d7375618c9d8f06c64a630832,1,False,Standard,data engineer,Australia,Mid,Not specified,Missing,0,,False,True,False,False,False,False,False
5650836823,08579a4d3a779510cec6ac7b3c458b735adb4d32,1,False,Standard,data engineer,Australia,Mid,Not specified,Missing,0,,False,True,False,False,False,False,False
5684759563,e7fa584df40c4ed5d9b1fe1fb7749aa18db7b419,1,False,Standard,data engineer,Australia,Mid,Not specified,Missing,0,,False,True,False,False,False,False,False
5684809750,0cddb24288e97f9d8c2de4e1251b89eefb82facc,1,False,Standard,data engineer,Australia,Mid,Not specified,Missing,0,,False,True,False,False,False,False,False
5706580884,48551fdf659cf724aad0a980140378657bff2c47,1,False,Standard,data engineer,Australia,Mid,Not specified,Missing,0,,False,True,False,False,False,False,False
5709278390,366154358d206b7244e1898d99432420985dd03a,1,False,Standard,data engineer,Australia,Mid,Not specified,Missing,0,,False,True,False,False,False,False,False
5709563086,f40464cb52f63cba245d45c661cd39903c552241,1,False,Standard,data engineer,Australia,Mid,Not specified,Missing,0,,False,True,False,False,False,False,False
5703186985,187109fc7bb2d44ac043b6851cbc3eea7a3383b8,1,False,Standard,data engineer,Australia,Mid,Not specified,Missing,0,,False,True,False,False,False,False,False
5703186989,9ed0f172deb062fb172a87c20621eb9dadc0bedc,1,False,Standard,data engineer,Australia,Mid,Not specified,Missing,0,,False,True,False,False,False,False,False
5246111104,9806c30c590d2d7fb2a6ce90d0ddfd12e04207ef,1,False,Standard,data engineer,Australia,Mid,Not specified,Missing,0,,False,True,False,False,False,False,False
5650814815,f32ba02081890c444c84212ca48230d6f31708f2,1,False,Standard,data engineer,Australia,Mid,Not specified,Missing,0,,False,True,False,False,False,False,False
5640544211,3b3c4626dddeef3dbd7d955e5ecaa6558fa03042,1,False,Standard,data engineer,Australia,Mid,Not specified,Missing,0,,False,True,False,False,False,False,False
5700750674,d1a46120b4c4d381a79067382f011f42676094b3,1,False,Standard,data engineer,Australia,Mid,Not specified,Missing,0,,False,True,False,False,False,False,False
5709974165,5f70e5a059addeb48f0e9e9a905803b1050d9e0f,1,False,Standard,data engineer,Australia,Mid,Not specified,Missing,0,,False,True,False,False,False,False,False
5708994184,6a53565ff9ceb7d2b14eb33b032808e72ea992c4,1,False,Standard,data engineer,Australia,Mid,Not specified,Missing,0,,False,True,False,False,False,False,False
5665851423,12b21b95c7d1e3cdf5b9fe0ec91539e4db2bf1bd,1,False,Standard,data engineer,Australia,Mid,Not specified,Missing,0,,False,True,False,False,False,False,False
5680767206,0ec45b82b41a6b54955b720d35c0b74db1ab11d6,1,False,Standard,data engineer,Australia,Mid,Not specified,Missing,0,,False,True,False,False,False,False,False
5705749394,45240d9773801bb6cde3f5b76a5708bec659e060,1,False,Standard,data engineer,Australia,Mid,Not specified,Missing,0,,False,True,False,False,False,False,False
5650820596,ad4c604d33617b75c9542c033fd4728ad364b4cd,1,False,Standard,data engineer,Australia,Mid,Not specified,Missing,0,,False,True,False,False,False,False,False
5700967532,7563831ccd5c4d292186f6afcd6251f3c71ba25f,1,False,Standard,data engineer,Australia,Mid,Not specified,Missing,0,,False,True,False,False,False,False,False
5700967455,b50dd67281b56a430d49d7a19aec2ea9e868477e,1,False,Standard,data engineer,Australia,Mid,Not specified,Missing,0,,False,True,False,False,False,False,False
5663248147,4e976e447fc16159a8f7b3f691d4026ed88d6f91,1,True,Premium,data engineer,Australia,Lead,Not specified,Missing,0,,False,True,False,False,False,False,False
5663248143,47e090891dbb4594beb14f944564afea34a178b5,1,False,Standard,data engineer,Australia,Mid,Not specified,Missing,0,,False,True,False,False,False,False,False
5707230976,4d68f7fe6d6db0614d69c98bad4e6afe64e17afe,1,True,Premium,data engineer,Australia,Senior,Not specified,Missing,3,,False,True,True,True,True,True,False
5652066624,162ae6b134f2962dc03c9a9c771bf819c6b7708b,1,True,Premium,data engineer,Australia,Senior,Not specified,Missing,0,,False,True,False,False,False,False,False
5681962459,752296a9d64d643ce93c48c30969219f427ce773,1,True,Premium,data engineer,Australia,Senior,Not specified,Missing,1,,False,True,True,False,False,False,False
5681962455,34a210755cfc873356a3bab4686aefe7e31c1529,1,False,Standard,data engineer,Australia,Junior,Not specified,Missing,1,,False,True,True,False,False,False,False
5709279571,fd40cf65d5904fd11af31e07d2a82014e802e787,1,True,Premium,data engineer,Australia,Senior,Not specified,Missing,0,,False,True,False,False,False,False,False
5709279572,af1108a16c1fdf48d73d7cbc757a1b7e57fe16ca,1,True,Premium,data engineer,Australia,Senior,Not specified,Missing,0,,False,True,False,False,False,False,False
5709279576,b1b2639929199c432a5831faff2c11a72ffcdfc2,1,True,Premium,data engineer,Australia,Senior,Not specified,Missing,0,,False,True,False,False,False,False,False
5708740479,a8774640a954ae9f129ee4bec8444232c6a0468b,1,True,Premium,data engineer,Australia,Lead,Not specified,Missing,0,,False,True,False,False,False,False,False
5636060061,991f979c53d0449c596ab38276505bf3529c4f05,1,True,Premium,data engineer,Australia,Lead,Not specified,Missing,0,,False,True,False,False,False,False,False
5636060072,7b6637c0c9f48a534d9ab509e1886fdd24100e84,1,True,Premium,data engineer,Australia,Lead,Not specified,Missing,0,,False,True,False,False,False,False,False
5708995725,7574333b27d122d1ea801a0fbab7e1cd51290591,1,True,Premium,data engineer,Australia,Senior,Not specified,Missing,0,,False,True,False,False,False,False,False
5637144489,f1c491cb541d42782b3e7459dc41afe8c8064501,1,True,Premium,data engineer,Australia,Senior,Not specified,Missing,0,,False,True,False,False,False,False,False
5650823190,5367a413a501720233fe6a5f62075b2ea098504d,1,True,Premium,data engineer,Australia,Senior,Not specified,Missing,3,,False,True,True,False,True,False,False
5710256253,191072a10ee5d6fc54146291fcbd8fc079c49dfe,1,True,Premium,data engineer,Australia,Senior,Not specified,Missing,0,,False,True,False,False,False,False,False
5710256261,e69da2d6b6757f4fe8d85106b38950c47e1745da,1,True,Premium,data engineer,Australia,Senior,Not specified,Missing,0,,False,True,False,False,False,False,False
5705748553,31df56ca1531d91b0c94b4b75c8cf5d96905967f,1,False,Standard,data engineer,Australia,Mid,Not specified,Missing,0,,False,True,False,False,False,False,False
5702188303,18638a9dd7890bc13899b5804bdf3561e46aba81,1,True,Premium,data engineer,Australia,Senior,Not specified,Missing,0,,False,True,False,False,False,False,False
5661282883,5efa0cb936f6e863f66a0deb39d7cb0b3ab4834f,1,True,Premium,data engineer,Australia,Senior,Not specified,Missing,0,,False,True,False,False,False,False,False
5664726017,3c9062179e1fa2bf1ed1ed206fe92c24bbf0cf29,1,False,Standard,data engineer,Australia,Mid,Not specified,Missing,0,,False,True,False,False,False,False,False
5452526291,66a4afd74cb8341ab40bec6fbb14e5faf66e2799,1,True,Premium,data engineer,Australia,Lead,Not specified,Missing,1,,False,True,True,False,False,False,False
5698634430,e0ee766b9b9fcff25f35a3add0190a16735ca3be,1,True,Premium,data engineer,Australia,Lead,Not specified,Missing,1,,False,True,True,False,False,False,False
5699678996,1c87f959b8d6773c98960e9d829ab4914c68adf9,1,True,Premium,data engineer,Australia,Lead,Not specified,Missing,1,,False,True,True,False,False,False,False
5656426953,1911c0fc369b844b45b7ff532e4d28aedcfa4e25,1,True,Premium,data engineer,Australia,Senior,Not specified,Missing,0,,False,True,False,False,False,False,False
5695212859,71822bfb0bf25799ba8e1f100425bfb77bb42ef0,1,False,Standard,data engineer,Australia,Mid,Not specified,3-5 years,0,5.0,False,False,False,False,False,False,False
5709974245,4d87ecd3d9d168efd2bac1408d9ae3d3725dc2bc,1,True,Premium,data engineer,Australia,Senior,Not specified,Missing,0,,False,True,False,False,False,False,False
5682767247,eda8c6eb0d2a7b6b3b7e37225947ab7d706aa95d,1,True,Premium,data engineer,Australia,Senior,Not specified,Missing,0,,False,True,False,False,False,False,False
5697241209,a3a79e53a2a0f532e560d95ddbe1ed436658266d,1,True,Premium,data engineer,Australia,Senior,Not specified,Missing,0,,False,True,False,False,False,False,False
5664739233,8fc669c3801d0501748ef7243a256e09a2a009ef,1,True,Premium,data engineer,Australia,Senior,Not specified,Missing,0,,False,True,False,False,False,False,False
5684726978,844736c75fd92661920e7400b772eb57c48d38ff,1,True,Premium,data engineer,Australia,Senior,Not specified,Missing,0,,False,True,False,False,False,False,False
5666058862,4481b4ee07206ceeb0f8f41e7c151887d877cc9f,1,True,Premium,data engineer,Australia,Senior,Not specified,Missing,0,,False,True,False,False,False,False,False
5647704660,0b2e70f2bcfde60dd49abbfa163fc4877671708c,1,True,Premium,data engineer,Australia,Lead,Not specified,Missing,0,,False,True,False,False,False,False,False
5705748990,269c8c92987edf56a9cfe416b3adf5db4f517ecc,1,False,Standard,data engineer,Australia,Mid,Not specified,Missing,0,,False,True,False,False,False,False,False
5703078585,394ba6a52df82c072f4b10bfb5b95ce70ba82f5e,1,True,Premium,data engineer,Australia,Senior,Not specified,Missing,0,,False,True,False,False,False,False,False
5650826027,0bea465da0fe25ce3e8211f09d37d9f2c10ead13,1,False,Standard,data engineer,Australia,Mid,Not specified,Missing,1,,False,True,True,False,False,False,True
5683776700,1bddc25f3505a52f1b4e2e9cb56328880bd02916,1,True,Premium,data engineer,Australia,Senior,Not specified,Missing,0,,False,True,False,False,False,False,False
5654620186,3479a741e9faa2899e9ae476bf660d63c500694e,1,True,Premium,data engineer,Australia,Senior,Not specified,Missing,0,,False,True,False,False,False,False,False
5641699174,61dadd8963942f03bd0e27d98c851962d940f447,1,True,Premium,data engineer,Australia,Senior,Not specified,Missing,0,,False,True,False,False,False,False,False
5683777877,d96be69fd1967cf6204d5f687cb2c8cc8ba496ad,1,True,Premium,data engineer,Australia,Senior,Not specified,Missing,0,,False,True,False,False,False,False,False
5637249749,9b9246d519ba35218afd1bd426a5c3eb50abd1f9,1,False,Standard,data engineer,Australia,Mid,Not specified,Missing,1,,False,True,True,False,False,False,True
5650889473,ca4e9e64486f12b3e2b37a5ba7768e6734e5d3ff,1,True,Premium,data engineer,Australia,Senior,Not specified,Missing,0,,False,True,False,False,False,False,False
5664741088,05a5369b6dba33cde561d774f3063ab8b44a5cde,1,False,Standard,data engineer,Australia,Mid,Not specified,Missing,0,,False,True,False,False,False,False,False
5709972060,e28c992c38ccf4bac02c0793e7e1e8b9e88b9eed,1,False,Standard,data engineer,Australia,Mid,Not specified,Missing,0,,False,True,False,False,False,False,False
4801331951,f9eada6c190d63089a1fae3135fd91f2185d1798,1,True,Premium,data engineer,Australia,Senior,Not specified,Missing,0,,False,True,False,False,False,False,False
5664254254,bbb24480aae08345b5d32f98af284d771c3a08b2,1,True,Premium,data engineer,Australia,Senior,Not specified,Missing,0,,False,True,False,False,False,False,False
5669316621,40b47b270bfc6fe60ab7dd65c78811a8f3e1dab0,1,True,Premium,data engineer,Australia,Senior,Not specified,Missing,0,,False,True,False,False,False,False,False
5684810455,505dd653a4b36f23baaf11c1e62b10149e3c674a,1,False,Standard,data engineer,Australia,Mid,Not specified,Missing,0,,False,True,False,False,False,False,False
5703187160,7692fce2025e73e3d0222c4f096171b1d51c02a4,1,True,Premium,data engineer,Australia,Senior,Not specified,Missing,0,,False,True,False,False,False,False,False
5703187000,710147689245265f9ddbcf4946ca78cc2ce69984,1,True,Premium,data engineer,Australia,Senior,Not specified,Missing,0,,False,True,False,False,False,False,False
5703187085,c6e97e883ecfc5693b9fe2c86d544cd60e23fc47,1,True,Premium,data engineer,Australia,Senior,Not specified,Missing,0,,False,True,False,False,False,False,False
5709059431,735826ea7b391f28d4a4cceb8badf02a95d5229b,1,True,Premium,data engineer,Australia,Senior,Not specified,Missing,0,,False,True,False,False,False,False,False
5696291502,12d0ae0c6b7272146008d63405cf67feb8400101,1,True,Premium,data engineer,Australia,Senior,Not specified,Missing,0,,False,True,False,False,False,False,False
5650820603,2545fc63abdb0a3461a9bd9e0cd6f820db786a05,1,True,Premium,data engineer,Australia,Senior,Not specified,Missing,0,,False,True,False,False,False,False,False
5705749454,3dfced89105cb5484de1ef1768097f34a8ecfa8a,1,False,Standard,data engineer,Australia,Mid,Not specified,Missing,0,,False,True,False,False,False,False,False
5688184653,0e25a25e1c431d5eb640326d4317f2bc13264f62,1,False,Standard,data engineer,Australia,Mid,Not specified,Missing,1,,False,True,True,False,False,False,False
5701963554,769c605b797bf782a353e307f50853d3aea70600,1,False,Standard,data engineer,Australia,Mid,Master,Missing,0,,False,True,False,False,False,False,False
5680215291,df64cccddf1da8dd5eec619f2653de689c1defb4,1,True,Premium,data engineer,Australia,Senior,Not specified,Missing,0,,False,True,False,False,False,False,False
5686769803,8f874915662345a4016cd468f3133892466f70ef,1,False,Standard,data engineer,Australia,Mid,Not specified,Missing,1,,False,True,True,False,False,False,False
5706783297,56eb84f85f1a4334d19c0c3743a69435ba8a9c8b,1,True,Premium,data engineer,Australia,Senior,Not specified,Missing,0,,False,True,False,False,False,False,False
5696289022,06ec9c9c8ef133a22007886caa6a3eb5a7704f88,1,True,Premium,data engineer,Australia,Senior,Not specified,Missing,0,,False,True,False,False,False,False,False
4801303517,8098f7614b83a1a72f78e73e07a48f3e9cfd0b0f,1,True,Premium,data engineer,Australia,Senior,Not specified,Missing,0,,False,True,False,False,False,False,False
5679741641,34bc525c6ba6d41fbf1f0a931716f8bb18e59d24,1,True,Premium,data engineer,Australia,Senior,Not specified,Missing,0,,False,True,False,False,False,False,False
5614490206,13eee3a85cf9b1976ae5e9ad92a2f40933fce8ec,1,True,Premium,data engineer,Australia,Senior,Not specified,Missing,0,,False,True,False,False,False,False,False
5688185866,5b1aa8dd3c308c9f3164cb7fc7cf33c30773f0c3,1,True,Premium,data engineer,Australia,Senior,Not specified,Missing,0,,False,True,False,False,False,False,False
5701333654,b0def1608ec87a100d694b784b1c3b7d8f1ce41e,1,True,Premium,data engineer,Australia,Lead,Not specified,Missing,0,,False,True,False,False,False,False,False
5688182794,494916b69917f65bc8fffb3af4ff1bf229a96f7f,1,True,Premium,data engineer,Australia,Senior,Not specified,Missing,0,,False,True,False,False,False,False,False
5685098199,5cd693b009af414cbe0b7f2e1344381303a8f4b8,1,True,Premium,data engineer,Australia,Senior,Not specified,Missing,0,,False,True,False,False,False,False,False
5708993999,f81b546f5dc038a5ef83507ce1ef60a58cd53ef5,1,True,Premium,data engineer,Australia,Lead,Not specified,Missing,0,,False,True,False,False,False,False,False
5698632260,954484e471833660747b52cf27e948dc88bb4d2d,1,False,Standard,data engineer,Australia,Mid,Not specified,Missing,0,,True,True,False,False,False,False,False
5680907986,447860f735edba89648997d0766ee32973febde4,1,False,Standard,data engineer,Australia,Mid,Not specified,Missing,2,,False,True,True,True,True,False,False
5688183102,afae6e529ca125bb4c4289b3c9d6e14eeb073e3a,1,False,Standard,data engineer,Australia,Mid,Not specified,Missing,0,,False,True,False,False,False,False,False
5702098424,6397fb4c0a35af3813dad5671ce14ae2d12dd191,1,False,Standard,data engineer,Australia,Mid,Master,Missing,0,,False,True,False,False,False,False,False
5680767539,a3e906623c4d4127ff5ed18b99bc50d1444b03f7,1,True,Premium,data engineer,Australia,Senior,Not specified,Missing,1,,False,True,True,False,False,True,False
5624902903,59f82cae458787bac16519c8a07ef74f0069475a,1,True,Premium,data engineer,Australia,Senior,Not specified,Missing,0,,False,True,False,False,False,False,False
5553613123,b61d36145dac2ab75a0a90c38c3a89adad6c80f5,1,True,Premium,data engineer,Australia,Senior,Not specified,Missing,0,,False,True,False,False,False,False,False
5700999433,dc2487fd736888eca9f73b221265c01697d0a915,1,False,Standard,data engineer,Australia,Mid,Not specified,Missing,0,,False,True,False,False,False,False,False
5702098526,d6cc6266f131e8d7eb7f375b605b4a78ad352224,1,False,Standard,data engineer,Australia,Mid,Not specified,Missing,0,,False,True,False,False,False,False,False
5700999552,580a60100da3c163df2e7552daec654f4a2f98d9,1,True,Premium,data engineer,Australia,Senior,Not specified,Missing,0,,False,True,False,False,False,False,False
5702138498,a92db457f27c5a3d89aa8cd54b4915af40acc349,1,False,Standard,data engineer,Australia,Mid,Not specified,Missing,0,,False,True,False,False,False,False,False
5702138517,b3ff99a1c10c6fb95cc0da209135d40f61d01df8,1,True,Premium,data engineer,Australia,Senior,Not specified,Missing,0,,False,True,False,False,False,False,False
5604038037,4c52a0b9800462c427b902547287b2d61f7ae5fc,1,False,Standard,data engineer,Australia,Mid,Not specified,Missing,1,,False,True,True,False,True,False,False
5650855271,6b6f82e9cc5c44df3b7480df214b4fb861c94fbc,1,False,Standard,data engineer,Australia,Mid,Not specified,Missing,1,,False,True,True,False,True,False,False
5696288307,f68f097ae691c0c749fdd6d9a48700563e8a18c4,1,False,Standard,data engineer,Australia,Mid,Not specified,Missing,0,,False,True,False,False,False,False,False
5696398676,834c62db480557812fb6b33afe6e7fb09a9a70fc,1,True,Premium,data engineer,Australia,Lead,Not specified,Missing,1,,False,True,True,False,False,False,False
5674907049,42f94844ec50ea5d1c7dea98fb239c6b249cab48,1,False,Standard,data engineer,Australia,Mid,Not specified,Missing,1,,False,True,True,False,False,False,True
5694096892,807b619590328e83fd52828a1fb5433aeea46336,1,True,Premium,data engineer,Australia,Senior,Not specified,Missing,0,,False,True,False,False,False,False,False
5650838064,43757a614a8351e0f2f38b1ac51bba9f1a2d84be,1,True,Premium,data engineer,Australia,Senior,Not specified,Missing,0,,False,True,False,False,False,False,False
5703083348,c34b829f928802ff86be8d76ffdac3a351e26772,1,True,Premium,data engineer,Australia,Lead,Not specified,Missing,0,,False,True,False,False,False,False,False
5672788455,c8baad3a7dec7a669cebeac8fe7c30721ec2ba24,1,False,Standard,data engineer,Australia,Mid,Not specified,Missing,0,,False,True,False,False,False,False,False
5697074337,2079f448910373b99519da362323a051f87b4342,1,True,Premium,data engineer,Australia,Senior,Not specified,Missing,0,,False,True,False,False,False,False,False
5709071913,1f12c55c02e8ba0de94f0037bcf9bf338d560f38,1,True,Premium,data engineer,Australia,Senior,Not specified,Missing,1,,False,True,True,False,False,False,True
5694420300,c6b68a1c1a05b52574e1dfe4439b1756e54e6476,1,True,Premium,data engineer,Australia,Lead,Not specified,Missing,0,,False,True,False,False,False,False,False
5329630294,a450a8f8b7c2cede5fa6c2b3480281944df70ceb,1,False,Standard,data engineer,Australia,Mid,Not specified,Missing,0,,False,True,False,False,False,False,False
5706580242,dcde4916c8ba66eb2ad43693884c25d20d881c37,1,True,Premium,data engineer,Australia,Lead,Not specified,Missing,0,,False,True,False,False,False,False,False
5703187098,bae73d51f293ba3ffedfffa136e4f178a87741e2,1,True,Premium,data engineer,Australia,Lead,Not specified,Missing,0,,False,True,False,False,False,False,False
5703187037,030337a71a2f25be710c4c8b1823acd8085ff57f,1,True,Premium,data engineer,Australia,Lead,Not specified,Missing,0,,False,True,False,False,False,False,False
5703187149,718ba89ccad3b5b0636418c00d8653368ac8dceb,1,True,Premium,data engineer,Australia,Lead,Not specified,Missing,0,,False,True,False,False,False,False,False
5677455583,18cee2a635dfd9aeaf5540e307785bf7125ba07d,1,True,Premium,data engineer,Australia,Senior,Not specified,Missing,1,,False,True,True,False,False,False,False
5650829231,3b1a891e66ed29478ac5d356ee4fd3f6241a9a88,1,False,Standard,data engineer,Australia,Mid,Not specified,Missing,0,,False,True,False,False,False,False,False
5672679651,771f1188a6533e12a74492499456cf7cf01c82fb,1,False,Standard,data engineer,Australia,Mid,Not specified,Missing,0,,False,True,False,False,False,False,False
5707072968,a48928a819f0da043209f0b2ec26b02a6bea5492,1,True,Premium,data engineer,Australia,Senior,Not specified,Missing,1,,False,True,True,False,False,False,True
5707073096,aafb95e814ca4014331b6551d30cc00f7dba14b3,1,True,Premium,data engineer,Australia,Senior,Not specified,Missing,1,,False,True,True,False,False,False,True
5710822718,8c4d74c08ec3d09dc37efd6edc33fe586cd2b143,1,False,Standard,data engineer,Australia,Mid,Not specified,Missing,0,,False,True,False,False,False,False,False
5710824176,d2e46828c137f95ffce12f7e2ab9920a51dad305,1,False,Standard,data engineer,Australia,Mid,Not specified,Missing,0,,False,True,False,False,False,False,False
5710823205,94a7aa67744964e85d6d3bc4025cbf7f6cf63771,1,False,Standard,data engineer,Australia,Mid,Not specified,Missing,0,,False,True,False,False,False,False,False
5710825282,3919591843047967e72481a12a01466a317eb488,1,False,Standard,data engineer,Australia,Mid,Not specified,Missing,0,,False,True,False,False,False,False,False
5701960695,5cca7f37dac40206be918483a714310da0bc9d18,1,False,Standard,data engineer,Australia,Junior,Master,Missing,0,,False,True,False,False,False,False,False
5702139938,78f6caf4d955198bfce0be298b070e4df8cd5914,1,False,Standard,data engineer,Australia,Mid,Not specified,Missing,0,,True,True,False,False,False,False,False
5701532179,e956c80eb80426e387bfb5203edcdf3ef0148e3f,1,False,Standard,data engineer,Australia,Mid,Not specified,Missing,0,,True,True,False,False,False,False,False
5659481559,4275e45a37ae44f082964510d1e2314900a25461,1,True,Premium,data engineer,Australia,Senior,Not specified,Missing,1,,False,True,True,False,False,False,False
5688185445,68743a8a88b113f105bb1f3f0d48cb991e565950,1,True,Premium,data engineer,Australia,Lead,Not specified,Missing,0,,False,True,False,False,False,False,False
5702098425,54b52b67ca6c40147d6aeee3c37f9a9cfae6b0eb,1,False,Standard,data engineer,Australia,Junior,Master,Missing,0,,False,True,False,False,False,False,False
5682908054,ec04a8327a31cb3ce96ae6b7d2008e2a848c917a,1,False,Standard,data engineer,Australia,Mid,Not specified,Missing,2,,False,True,True,False,True,True,False
5682908056,8c9fc6fa5addb4a99cc2690e9ef5e0925494e0da,1,False,Standard,data engineer,Australia,Mid,Not specified,Missing,3,,False,True,True,True,True,True,False
5678553282,f85c54b1bf2633deb008bf931e4470d7dab94852,1,False,Standard,data engineer,Australia,Mid,Not specified,Missing,1,,False,True,True,False,False,False,True
5443260682,968ed36c625d550c9558bb6223170241ccb92a9c,1,False,Standard,data engineer,Australia,Mid,Not specified,Missing,0,,False,True,False,False,False,False,False
5455448253,1f41de47f04ab76f2e5f34909ea6b288ca7726c2,1,True,Premium,data engineer,Australia,Senior,Not specified,Missing,0,,False,True,False,False,False,False,False
5664253351,b32b1a440a29b3586698a83aa0677dbdf09ed1e2,1,False,Standard,machine learning engineer,Australia,Mid,Not specified,Missing,1,,False,True,True,False,False,False,False
5696347861,048fa7d934dddf2cf0e7a4eefd710db47f32bf0e,1,False,Standard,machine learning engineer,Australia,Mid,Not specified,Missing,1,,False,True,True,False,False,False,False
5650818134,b373e4d9e82785be9194729ace138bce763b731a,1,False,Standard,machine learning engineer,Australia,Mid,Not specified,Missing,1,,False,True,True,False,False,False,False
5693920727,33c80487b1e4ec70808f6bca23ffd24dfffbb31e,1,False,Standard,machine learning engineer,Australia,Mid,Not specified,Missing,0,,False,True,False,False,False,False,False
5692728098,f9ab92aef7e261632bd74063ddae70e39b701ce6,1,False,Standard,machine learning engineer,Australia,Mid,Not specified,Missing,0,,False,True,False,False,False,False,False
5692473911,57dd105f96f5658f82c7977ee372e485b31d2a42,1,False,Standard,machine learning engineer,Australia,Mid,Not specified,Missing,0,,False,True,False,False,False,False,False
5705749494,f87abb19e11c7795ec7a4138db8d9c44143aef01,1,False,Standard,machine learning engineer,Australia,Mid,Not specified,Missing,0,,False,True,False,False,False,False,False
5702340606,6c38d3616137b9e7125917f29534ec1abb5fc8f2,1,False,Standard,machine learning engineer,Australia,Mid,Not specified,Missing,0,,False,True,False,False,False,False,False
5706197831,4c253b850401e5be7f74fadd9f8b4affcc310f9f,1,True,Premium,machine learning engineer,Australia,Senior,Not specified,Missing,1,,False,True,True,False,False,False,True
5710823315,ca7ef696af1ead0032c5b60ef7425f4fc2494259,1,False,Standard,machine learning engineer,Australia,Mid,Not specified,Missing,1,,False,True,True,False,False,False,False
5637249700,1b3c9711f2474fe7fa498a83414789ae5fe0baf1,1,True,Premium,machine learning engineer,Australia,Senior,Not specified,Missing,1,,False,True,True,False,False,False,False
5710255064,35a0d4caf63039edaba0f5e86a9f8a80be275591,1,False,Standard,machine learning engineer,Australia,Mid,Not specified,Missing,0,,False,True,False,False,False,False,False
5574622260,2db8e5d418870aac70d9d2e1f3e8b856486d524b,1,True,Premium,machine learning engineer,Australia,Senior,Not specified,Missing,1,,False,True,True,False,False,False,False
5706783266,44129748ce3ef059caf6470940675a45dc6caa66,1,True,Premium,machine learning engineer,Australia,Senior,Not specified,Missing,0,,False,True,False,False,False,False,False
5427265907,83f1c2e0b3b8ad2d95d010c97f7f0a132c4096f5,1,True,Premium,machine learning engineer,Australia,Senior,Not specified,Missing,0,,False,True,False,False,False,False,False
5618031280,d2299326c5626acf1931a69a8109da0e19ec967f,1,True,Premium,machine learning engineer,Australia,Senior,Not specified,Missing,0,,False,True,False,False,False,False,False
5650899475,5d6c1e463c151a607798eda4500e75add93504a8,1,True,Premium,machine learning engineer,Australia,Senior,Not specified,Missing,0,,False,True,False,False,False,False,False
5700175341,047e32de508390a11676eb1264efc3bd121705ab,1,True,Premium,machine learning engineer,Australia,Senior,Not specified,Missing,0,,False,True,False,False,False,False,False
5706784949,a9b997f06a8d36f99bbedbebbe43295f4d7107d0,1,True,Premium,machine learning engineer,Australia,Senior,Not specified,Missing,0,,False,True,False,False,False,False,False
5581722305,21ffb5d8f9c35b1baae02d242837df6e5e1f94c0,1,True,Premium,machine learning engineer,Australia,Senior,Not specified,Missing,1,,False,True,True,False,False,False,False
5543918715,cb65098ab0f3df685d3bc7ce67ce424df42ad375,1,False,Standard,machine learning engineer,Australia,Mid,Not specified,Missing,1,,False,True,True,False,False,False,False
5326454924,e27e2d07ba527e7eabeaab5e99e3c8dd2b651e6a,1,True,Premium,machine learning engineer,Australia,Senior,Not specified,Missing,1,,False,True,True,False,False,False,False
5698634298,4497bb18f2affee70b1838aef15d56fb85ee4255,1,True,Premium,machine learning engineer,Australia,Senior,Not specified,Missing,1,,False,True,True,False,False,False,False
5699679061,07e57f871dfc903b892b95a9460ebb7c642ee9fb,1,True,Premium,machine learning engineer,Australia,Senior,Not specified,Missing,1,,False,True,True,False,False,False,False
5693435112,a25da1e1cbd2012dd9a24f7e2d1207b88a498282,1,True,Premium,machine learning engineer,Australia,Senior,Not specified,Missing,1,,False,True,True,False,False,False,False
5686772130,5bce504e5072356d068a9e0df7918222ce263aae,1,False,Standard,machine learning engineer,Australia,Mid,Not specified,Missing,0,,True,True,False,False,False,False,False
5644192088,3538f56cd1fa2f8724170edc3456f8d29dd83453,1,False,Standard,machine learning engineer,Australia,Mid,Not specified,3-5 years,0,5.0,False,False,False,False,False,False,False
5644189359,31e8335af3fcfc0dcdc8975abd0320dadf4d5383,1,False,Standard,machine learning engineer,Australia,Mid,Not specified,Missing,0,,False,True,False,False,False,False,False
5709975072,5af828318c571a37cad2fbe933ae6bce386d6229,1,False,Standard,machine learning engineer,Australia,Mid,Not specified,Missing,1,,False,True,True,False,False,False,False
5646615752,25ab3451a2089cff18ad66e05a8cf3503b19caf7,1,True,Premium,machine learning engineer,Australia,Senior,Not specified,Missing,0,,False,True,False,False,False,False,False
5650904248,caaaf901a99f41787b83eff5c0fb5238208f03ec,1,True,Premium,machine learning engineer,Australia,Senior,Not specified,Missing,0,,False,True,False,False,False,False,False
5706197839,0e30d37515c0950afab40c7494ef6f05370c9632,1,False,Standard,machine learning engineer,Australia,Mid,Not specified,Missing,1,,False,True,True,False,False,False,False
5692875514,eafe7ff5e0988968d1e28c6c834791a7777e3054,1,True,Premium,machine learning engineer,Australia,Senior,Not specified,Missing,1,,True,True,True,False,False,False,False
5672723150,74035e0147b58d470342c63599353ccbb138f55e,1,True,Premium,machine learning engineer,Australia,Senior,Not specified,Missing,1,,True,True,True,False,False,False,False
5672723261,216456b66f2650ffaf7ad907c3ae6093b1849bc9,1,True,Premium,machine learning engineer,Australia,Senior,Not specified,Missing,1,,True,True,True,False,False,False,False
5706784943,ca9cfcd883737bc6b7c71c7850a7a3864c4d5101,1,False,Standard,machine learning engineer,Australia,Mid,Not specified,Missing,1,,False,True,True,False,False,False,False
5698668453,977b0e851d5164c383882c162f88cbc7f62fffb0,1,True,Premium,machine learning engineer,Australia,Senior,Not specified,Missing,1,,True,True,True,False,False,False,False
5686772112,0ddad3a959bdff6d94608d8d1a5fb006f3c82cd9,1,True,Premium,machine learning engineer,Australia,Senior,Not specified,Missing,1,,False,True,True,False,False,False,False
5686772107,2fad798b8a7adcb6f85e445558542a75b17a4bd3,1,True,Premium,machine learning engineer,Australia,Senior,Not specified,Missing,1,,False,True,True,False,False,False,False
5686772111,8370e14f0b414628d82a4a758aa022b99c5cfba0,1,True,Premium,machine learning engineer,Australia,Senior,Not specified,Missing,1,,False,True,True,False,False,False,False
5686772108,078723a53115ee226bee9eeced025fdb25020d4e,1,True,Premium,machine learning engineer,Australia,Senior,Not specified,Missing,1,,False,True,True,False,False,False,False
5669113012,c44c35031882ba5e83957fb29266e3e1f20e1e8e,1,True,Premium,machine learning engineer,Australia,Senior,Not specified,Missing,0,,False,True,False,False,False,False,False
5669113105,fa6cea4edfa2faedb5b8bbf0979b335ff291d964,1,True,Premium,machine learning engineer,Australia,Senior,Not specified,Missing,0,,False,True,False,False,False,False,False
5669113133,69c8d18afada7557045e1f7d68b6edcdbd68a660,1,True,Premium,machine learning engineer,Australia,Senior,Not specified,Missing,0,,False,True,False,False,False,False,False
5669112991,46b2aa891487bf8d2b326f46d04b657b79803320,1,True,Premium,machine learning engineer,Australia,Senior,Not specified,Missing,0,,False,True,False,False,False,False,False
5669113264,09c50875fd009023459864606c9f3bde7cc8d0e5,1,True,Premium,machine learning engineer,Australia,Senior,Not specified,Missing,0,,False,True,False,False,False,False,False
5698632617,9f918278f2dbe58cc43e649c673db948deb99007,1,True,Premium,machine learning engineer,Australia,Senior,Not specified,Missing,0,,False,True,False,False,False,False,False
5688184731,be930a73bc389fe5e94a868a97a7e20a8959ee90,1,True,Premium,machine learning engineer,Australia,Senior,Not specified,Missing,0,,False,True,False,False,False,False,False
5710822735,fb2b58a4611d3f6f415edf5a0e4081c804b1407c,1,False,Standard,machine learning engineer,Australia,Mid,Not specified,Missing,1,,True,True,True,False,False,False,False
5696339477,e00614dd99c7b751bd9ca3812baf48ac283e508d,1,True,Premium,machine learning engineer,Australia,Senior,Not specified,Missing,1,,True,True,True,False,False,False,False
5696347785,7ec46123380651025f5ad59a265464e95eec1dbe,1,True,Premium,machine learning engineer,Australia,Senior,Not specified,Missing,1,,True,True,True,False,False,False,False
5696347852,3fcd85efe0689b38060fd5c43e1beb8b11b1f088,1,True,Premium,machine learning engineer,Australia,Senior,Not specified,Missing,1,,True,True,True,False,False,False,False
5673845237,265a8792329defda33b1d201f630870cd29948a8,1,False,Standard,machine learning engineer,Australia,Mid,Not specified,Missing,1,,True,True,True,False,False,False,False
5673817837,065127f9a33b3c569ca388668710d39ae4103979,1,False,Standard,machine learning engineer,Australia,Mid,Not specified,Missing,1,,True,True,True,False,False,False,False
5708994771,b0e481421b7de67b45627305150ce9d78717a25b,1,False,Standard,machine learning engineer,Australia,Mid,Not specified,Missing,0,,False,True,False,False,False,False,False
5672679960,b27c7fe91f3e3c8f7eefec8cd43d1d55853a6f72,1,False,Standard,machine learning engineer,Australia,Mid,Not specified,Missing,0,,False,True,False,False,False,False,False
5672679974,8b884ee345845a1e9911e0c63739c1611193e1bf,1,False,Standard,machine learning engineer,Australia,Mid,Not specified,Missing,0,,False,True,False,False,False,False,False
5694419298,796951d96cb8c138a9deb8a7169a8864a02d155f,1,True,Premium,machine learning engineer,Australia,Senior,Not specified,Missing,0,,False,True,False,False,False,False,False
5694419347,78b37e90884726eee094f605379b63255a5dd305,1,True,Premium,machine learning engineer,Australia,Senior,Not specified,Missing,0,,False,True,False,False,False,False,False
5694419369,0078c4a4158163e9b8c44fda64e033b2c9f8ded3,1,True,Premium,machine learning engineer,Australia,Senior,Not specified,Missing,0,,False,True,False,False,False,False,False
5646615749,3039ad6a1c328b658bfd1b59e06ae6ec1e96f236,1,True,Premium,machine learning engineer,Australia,Senior,Not specified,Missing,1,,False,True,True,False,False,False,False
5650904508,c07d971e7ba144f1ad2a445bdfb44913af58c47e,1,True,Premium,machine learning engineer,Australia,Senior,Not specified,Missing,1,,False,True,True,False,False,False,False
5654416360,09bd9e2accfefe2c462f1ae6e436d65050cbcc0e,1,True,Premium,machine learning engineer,Australia,Lead,Not specified,Missing,0,,False,True,False,False,False,False,False
5679991682,3f5d9851a9b9e97b7fad721bf08b3abc9e719c2c,1,True,Premium,machine learning engineer,Australia,Lead,Not specified,Missing,0,,False,True,False,False,False,False,False
5615310219,eb98d6479f3412843343de6ea4b67df555ae3e56,1,True,Premium,machine learning engineer,Australia,Senior,Not specified,Missing,0,,False,True,False,False,False,False,False
5710823136,f137ddd06f538438db6c709331f4081ad4707536,1,True,Premium,machine learning engineer,Australia,Lead,Not specified,Missing,1,,False,True,True,False,False,False,False
5710822858,195ddf74f5b06c7a0517ad8cdb43ce5092bec1d9,1,True,Premium,machine learning engineer,Australia,Lead,Not specified,Missing,1,,False,True,True,False,False,False,False
5710255080,e50cfe6e70429068377079050b4415165664b8c1,1,True,Premium,machine learning engineer,Australia,Lead,Not specified,Missing,0,,False,True,False,False,False,False,False
5710255071,a65355329fbd70792b7340dcfd7869bb9e4f5274,1,True,Premium,machine learning engineer,Australia,Lead,Not specified,Missing,0,,False,True,False,False,False,False,False
5710702638,12a9810167cbb3cbcee5d91b862d38d3412c6d2b,1,True,Premium,machine learning engineer,Australia,Lead,Not specified,Missing,0,,False,True,False,False,False,False,False
5596234044,2e6a47e62135faba67fec23c72a44bc5d7a179a7,1,False,Standard,machine learning engineer,Australia,Mid,Not specified,Missing,1,,False,True,True,False,False,False,False
5624873527,a6f77653d58a7a7eb9eeea37c343c79d23038c72,1,True,Premium,machine learning engineer,Australia,Senior,Not specified,Missing,1,,False,True,True,False,False,False,False
5698634397,bf3f03666fea634709ac3cc5461db5d5a6adf7ff,1,True,Premium,machine learning engineer,Australia,Senior,Not specified,Missing,1,,False,True,True,False,False,False,False
5699679142,def3f76c7c2041271e43333c3207e9553bc0f820,1,True,Premium,machine learning engineer,Australia,Senior,Not specified,Missing,1,,False,True,True,False,False,False,False
5699679135,34833cf594cb71c2b58b96ebbcb0b20683f4a392,1,True,Premium,machine learning engineer,Australia,Senior,Not specified,Missing,1,,False,True,True,False,False,False,False
5637272238,22021458adc199e5660aa88bfc2f9291d7bf97d3,1,True,Premium,machine learning engineer,Australia,Senior,Not specified,Missing,1,,False,True,True,False,False,False,False
5650897422,6cc2c5126d9497598bfed079953ed76277961655,1,False,Standard,machine learning engineer,Australia,Mid,Not specified,Missing,0,,False,True,False,False,False,False,False
5632363630,1ee3dd33ecc615859d0f693e0283a6fec4d1b2a5,1,False,Standard,machine learning engineer,Australia,Mid,Not specified,Missing,0,,False,True,False,False,False,False,False
5605373834,14e8b4368e311dda188b1eae4b0d7fc628256b0d,1,True,Premium,machine learning engineer,Australia,Lead,Not specified,Missing,1,,False,True,True,False,False,False,False
5698634564,1a09b72d4938b178cf746d11cb33b09e70cba3c9,1,True,Premium,machine learning engineer,Australia,Lead,Not specified,Missing,1,,False,True,True,False,False,False,False
5677962758,27baa73013033ca4fe2bd7f50ffcbf7fb45af03d,1,False,Standard,machine learning engineer,Australia,Mid,Not specified,Missing,0,,False,True,False,False,False,False,False
5677962638,8675efe0aa5862df4c5b6f16a1aed58e51de8705,1,False,Standard,machine learning engineer,Australia,Mid,Not specified,Missing,0,,False,True,False,False,False,False,False
5677962647,e4b262e6949a1b3ebda088d24eb0edc804c32acf,1,False,Standard,machine learning engineer,Australia,Mid,Not specified,Missing,0,,False,True,False,False,False,False,False
5677962586,09c6696165a6d8f216dec7c2561b0c12c926d5a4,1,False,Standard,machine learning engineer,Australia,Mid,Not specified,Missing,0,,False,True,False,False,False,False,False
5637233055,3fea647649a67019ff4306c2a47a021d8b9cd13f,1,False,Standard,machine learning engineer,Australia,Mid,Not specified,Missing,1,,False,True,True,False,False,False,False
5655979872,ad335b8e439c037556f1480d5ea22862eef4e4a7,1,True,Premium,machine learning engineer,Australia,Senior,Not specified,Missing,1,,False,True,True,False,False,False,True
5664671943,0303f6399700240ff0df089c32d48f77b0351bec,1,True,Premium,machine learning engineer,Australia,Senior,Not specified,Missing,1,,False,True,True,False,False,False,True
5699159124,2af3bd05db66591393dd81d5428cae5d02716f51,1,True,Premium,machine learning engineer,Australia,Senior,Not specified,Missing,1,,False,True,True,False,False,False,True
5614663576,b570583f6279302bced4a42254818e68506af416,1,False,Standard,machine learning engineer,Australia,Mid,Not specified,Missing,0,,False,True,False,False,False,False,False
5683777241,3f6404dd0ede939c0a53ce3cd360396d19ec3e34,1,True,Premium,machine learning engineer,Australia,Senior,Not specified,Missing,0,,False,True,False,False,False,False,False
5686772181,95a64ae7867f90b49853fe5516fca36d5af6fd85,1,True,Premium,machine learning engineer,Australia,Senior,Not specified,Missing,0,,False,True,False,False,False,False,False
5686772124,541bf14fe90af65c063b6aa2b8cf6033dc97e19c,1,True,Premium,machine learning engineer,Australia,Senior,Not specified,Missing,0,,False,True,False,False,False,False,False
5654590943,712fcb560cd13f93c0a362521c01aace14c72c44,1,True,Premium,machine learning engineer,Australia,Senior,Not specified,Missing,1,,False,True,True,False,False,False,True
5703238683,b5a8d5bcbaeec2136c94259bf310a650ca656039,1,True,Premium,machine learning engineer,Australia,Senior,Not specified,Missing,1,,False,True,True,False,False,False,True
5702249924,133a3d7a0859b84de20625b6322a17ff20d1447d,1,True,Premium,machine learning engineer,Australia,Senior,Not specified,Missing,0,,False,True,False,False,False,False,False
5710825291,4fa11e29b9e8fc4ed22080f10f7ff644715e3300,1,False,Standard,machine learning engineer,Australia,Mid,Not specified,Missing,0,,False,True,False,False,False,False,False
5684817919,c2ebee308c6dec3477052855420033e3a86bd395,1,True,Premium,machine learning engineer,Australia,Senior,Not specified,Missing,0,,False,True,False,False,False,False,False
5709069465,aa26157294e0949d94851b079b3caab877dfe7d7,1,True,Premium,machine learning engineer,Australia,Senior,Not specified,Missing,1,,False,True,True,False,False,False,True
5691982264,e8facddd4e33a5fc0f5ac65e66183747a51c9aeb,1,False,Standard,machine learning engineer,Australia,Mid,Not specified,Missing,0,,True,True,False,False,False,False,False
5693928887,f90d14e2ced52af619471c68b961a21d4d562a93,1,False,Standard,machine learning engineer,Australia,Mid,Not specified,Missing,0,,True,True,False,False,False,False,False
5710824966,cbb6e9583dcfec68381839c12a2c6b2eeae29efd,1,False,Standard,machine learning engineer,Australia,Mid,Not specified,Missing,0,,False,True,False,False,False,False,False
5677962307,844cbc1ba48822a90dbc97d337eabd7d80b3211e,1,False,Standard,machine learning engineer,Australia,Mid,Not specified,Missing,0,,False,True,False,False,False,False,False
5710703805,9ece28c07e4afb5c84dd8d1cdef8488fd9c7d855,1,False,Standard,machine learning engineer,Australia,Mid,Not specified,Missing,0,,True,True,False,False,False,False,False
5682728523,b538af397a6e7d9c9e19b28f06afaa21e603bcd7,1,False,Standard,machine learning engineer,Australia,Mid,Not specified,Missing,1,,False,True,True,False,False,False,False
5691899311,31a5f7982a49a29319238a918de6ac2ea4b6ebd9,1,False,Standard,machine learning engineer,Australia,Mid,Not specified,Missing,1,,False,True,True,False,False,False,False
5707072788,808e720c9aaf87e342c7b3639ef313b49e2a5930,1,False,Standard,machine learning engineer,Australia,Mid,Not specified,Missing,0,,False,True,False,False,False,False,False
5684813379,a753e27b02ed1d0575cccb92249290b52c28dbbe,1,True,Premium,machine learning engineer,Australia,Senior,Not specified,Missing,0,,False,True,False,False,False,False,False
5708995176,908d9d19e479ac04df34478ae10bd37289fa5631,1,True,Premium,machine learning engineer,Australia,Senior,Not specified,Missing,0,,False,True,False,False,False,False,False
5702141177,ee098e42af18dfcfe43f8b520fdef6e5dc0748fd,1,True,Premium,machine learning engineer,Australia,Senior,Not specified,Missing,1,,False,True,True,False,False,False,False
5703085100,ca03f80eb61ce38832ec227271f6d6f015346af9,1,True,Premium,machine learning engineer,Australia,Senior,Not specified,Missing,1,,False,True,True,False,False,False,False
5704183450,612530eda8728073f2dc274992bce71d510d61a9,1,True,Premium,machine learning engineer,Australia,Senior,Not specified,Missing,1,,False,True,True,False,False,False,False
5704079001,931e1c2fa9af752dbf2803368a8a7e1323f58b19,1,True,Premium,machine learning engineer,Australia,Senior,Not specified,Missing,1,,False,True,True,False,False,False,False
5605374214,3e612cbb4f39d9acf6854364b835b26e8addf15c,1,False,Standard,machine learning engineer,Australia,Mid,Not specified,Missing,1,,False,True,True,False,False,False,False
5645493012,fdb2317fe8e97c76c21f1c1a0db3cf29ec8fcd24,1,False,Standard,machine learning engineer,Australia,Mid,Not specified,Missing,1,,False,True,True,False,False,False,False
5684549177,4ec4b547c92bcbaf015e0f96e78f875791ea7eee,1,True,Premium,machine learning engineer,Australia,Lead,Not specified,Missing,1,,False,True,True,False,False,False,False
5696289577,d7fb48bb8ed389d96d682e559df9c185edc49f52,1,False,Standard,machine learning engineer,Australia,Mid,Not specified,Missing,0,,False,True,False,False,False,False,False
5698634645,2df6500cb902eb498afc04b3f1adfb9021e22d65,1,True,Premium,machine learning engineer,Australia,Lead,Not specified,Missing,1,,False,True,True,False,False,False,False
5702141139,816c63ec5e08cb5fded26e040d24bff715796b7e,1,False,Standard,machine learning engineer,Australia,Mid,Not specified,Missing,1,,False,True,True,False,False,False,False
5703084714,1ca5b4b88f8056597a86ee0a19e7e26098b7daad,1,False,Standard,machine learning engineer,Australia,Mid,Not specified,Missing,1,,False,True,True,False,False,False,False
5709072580,39fdf623a56900e9f75bbfed77b3fe5cb55ab62f,1,True,Premium,machine learning engineer,Australia,Senior,Not specified,Missing,1,,False,True,True,False,False,False,False
5697197237,ed872b4b365adda39d9d2e68786e51f47f946c69,1,False,Standard,machine learning engineer,Australia,Mid,Bachelor,6-10 years,0,8.0,False,False,False,False,False,False,False
5697197216,19ce135878d248f800ff131be132c32d669df2b9,1,False,Standard,machine learning engineer,Australia,Mid,Bachelor,0-2 years,0,2.0,False,False,False,False,False,False,False
5557787363,7010e331105d24d6464cff3227de0a6888d7cf1f,1,False,Standard,machine learning engineer,Australia,Mid,Bachelor,0-2 years,0,2.0,False,False,False,False,False,False,False
5682486497,ed5c7bbf31f0f1e44f3a2814f8992211c1ce6763,1,False,Standard,machine learning engineer,Australia,Mid,Bachelor,6-10 years,0,8.0,False,False,False,False,False,False,False
5329630184,74eceff835ec507a768310bc7687ef92cf5cd5cb,1,True,Premium,machine learning engineer,Australia,Senior,Not specified,Missing,0,,False,True,False,False,False,False,False
5650835477,68c3a5da2effe350347a0f19e710fc55db0b1bd6,1,False,Standard,machine learning engineer,Australia,Mid,Not specified,Missing,0,,False,True,False,False,False,False,False
5607929047,3dfa5e963b8833f3f705bbac7246a9bdb399a2dd,1,False,Standard,machine learning engineer,Australia,Mid,Not specified,Missing,1,,False,True,True,False,False,False,False
5707072689,42fb7a6b2c22c06df998a877d472218b3afd0d04,1,True,Premium,machine learning engineer,Australia,Lead,Not specified,Missing,1,,False,True,True,False,False,False,False
5708825429,a44b3d0008cf9542ad8e07fd25c9c9f247b64dd2,1,True,Premium,machine learning engineer,Australia,Lead,Not specified,Missing,1,,False,True,True,False,False,False,False
5637305136,09f91502748871cff400170184b211f26479336e,1,False,Standard,machine learning engineer,Australia,Mid,Not specified,Missing,0,,False,True,False,False,False,False,False
5684810460,a00bb517fc6916e4cffb6e6931ba7827e1639c56,1,True,Premium,machine learning engineer,Australia,Lead,Not specified,Missing,1,,False,True,True,False,False,False,False
5668238024,91a07e58d7c86bab270e118a294d3c6f759f3f72,1,False,Standard,machine learning engineer,Australia,Mid,Not specified,Missing,0,,False,True,False,False,False,False,False
5707073076,a347990831d65c0b28128e5d117bc54eb59351bf,1,True,Premium,machine learning engineer,Australia,Lead,Not specified,Missing,0,,False,True,False,False,False,False,False
5709061148,ceaecdda45ed7b6f42e88e6fdc58eb2adb17d2ad,1,True,Premium,machine learning engineer,Australia,Lead,Not specified,Missing,0,,False,True,False,False,False,False,False
5361880025,1cd509e2e1550fc2a6a25c816107cba834662ac4,1,False,Standard,machine learning engineer,Australia,Mid,Not specified,Missing,0,,False,True,False,False,False,False,False
5650839591,f22a3cb9362ef22eb7a44b1fc143dfb01cff28b0,1,False,Standard,machine learning engineer,Australia,Mid,Not specified,Missing,0,,False,True,False,False,False,False,False
5709076663,f9b0fadaebba9e3e1dc815aea2c2b014e266493d,1,False,Standard,machine learning engineer,Australia,Mid,Not specified,Missing,0,,False,True,False,False,False,False,False
5699679516,933776a35bc7cb147ac2487b2b841bd1e491bb8e,1,False,Standard,machine learning engineer,Australia,Mid,Not specified,Missing,0,,False,True,False,False,False,False,False
5707072709,492dd6ecbfc653bef565f337f60cc0fb190af67c,1,False,Standard,machine learning engineer,Australia,Mid,Not specified,Missing,0,,False,True,False,False,False,False,False
5616809035,ef2153545f8844d8cc9feba4bd285de121fde39b,1,False,Standard,machine learning engineer,Australia,Mid,Not specified,Missing,0,,False,True,False,False,False,False,False
5681861495,b3c0d13fd5c63b3c237f095814b4fb745bf6b877,1,False,Standard,machine learning engineer,Australia,Mid,Not specified,Missing,0,,False,True,False,False,False,False,False
5708930299,2e7050e8672c781aa6ee90a3c563281c6e08b393,1,True,Premium,machine learning engineer,Australia,Senior,Not specified,Missing,0,,False,True,False,False,False,False,False
5670088021,7f751f80cec877f504cae51c30b472e0aa62d894,1,True,Premium,machine learning engineer,Australia,Senior,Not specified,Missing,0,,False,True,False,False,False,False,False
5557990766,8bdb5b0e5b34decb1e0b5ece702b3b186d720290,1,False,Standard,machine learning engineer,Australia,Mid,Not specified,Missing,0,,False,True,False,False,False,False,False
5699678831,c55d8a788f372c3f9b9c3d24890f06f5c40eb0b8,1,True,Premium,machine learning engineer,Australia,Senior,Not specified,Missing,0,,False,True,False,False,False,False,False
5709812739,932ee2abc0c51173e63d7fbc98b8e9709304da2f,1,True,Premium,machine learning engineer,Australia,Lead,Not specified,Missing,1,,False,True,True,False,False,False,True
5697081596,81f9a4b3a9bf65f83cbd133ed213a1b690af223d,1,False,Standard,machine learning engineer,Australia,Mid,Not specified,Missing,1,,False,True,True,False,False,False,False
5702189333,1edefb37eb31e9c41dcb85c9a356a9a096562e8d,1,True,Premium,machine learning engineer,Australia,Senior,Not specified,Missing,0,,False,True,False,False,False,False,False
5696262287,9804d9fe1637174b6703a349179e590774af3fdc,1,True,Premium,machine learning engineer,Australia,Lead,Not specified,Missing,0,,False,True,False,False,False,False,False
5696262288,5fed9b9c9a945c5d6965b4c802166a7efbc0c63f,1,False,Standard,machine learning engineer,Australia,Mid,Not specified,Missing,0,,False,True,False,False,False,False,False
5683776542,b4a967a519fd27d3596feae8cfcbf61e3ff6c4bd,1,True,Premium,machine learning engineer,Australia,Senior,Not specified,Missing,1,,False,True,True,False,False,False,True
5684809503,742cbe905d91ee9dfd7e7b6947304c25ccc44003,1,True,Premium,machine learning engineer,Australia,Senior,Not specified,Missing,1,,False,True,True,False,False,False,True
5659161338,dcb26a7165a6d2e8515720d24a8462765a5ec7fb,1,True,Premium,machine learning engineer,Australia,Lead,Not specified,Missing,0,,False,True,False,False,False,False,False
5636060070,34fe9e7d7fcb4fc42196df0d938389ebd59cabdb,1,False,Standard,business analyst,Australia,Mid,Not specified,Missing,0,,False,True,False,False,False,False,False
5677740563,5772791397cc7ba9341a52afc0ac7de0bc33e6a6,1,False,Standard,business analyst,Australia,Mid,Not specified,Missing,0,,False,True,False,False,False,False,False
5700361338,ef301d251a33e802c7b6e12aa3cebc43d8773207,1,False,Standard,business analyst,Australia,Mid,Not specified,Missing,0,,False,True,False,False,False,False,False
5639215779,0521f571a04b80c2e43968acbdd5800c0fbb3dff,1,False,Standard,business analyst,Australia,Mid,Not specified,Missing,0,,False,True,False,False,False,False,False
4801318042,1fed6018a0dff2bb8ce99090aa2eb684e47dd704,1,False,Standard,business analyst,Australia,Mid,Not specified,Missing,0,,False,True,False,False,False,False,False
5692729279,b7055d06a0c61dff8146b737168cd3ccbf416f7d,2,False,Standard,business analyst,Australia,Mid,Not specified,Missing,0,,False,True,False,False,False,False,False
5702138571,b7055d06a0c61dff8146b737168cd3ccbf416f7d,2,False,Standard,business analyst,Australia,Mid,Not specified,Missing,0,,False,True,False,False,False,False,False
5650823135,4d0c797c9b6766cebaa97c6f4fe88ed95839ee11,1,False,Standard,business analyst,Australia,Mid,Not specified,Missing,0,,False,True,False,False,False,False,False
5686773546,5f3df30d0e004b997089b5e66b0e2cff1e08468e,1,False,Standard,business analyst,Australia,Mid,Not specified,Missing,0,,False,True,False,False,False,False,False
5708994602,8cc6d5ba87a5d2dd23d75f0fb3ac61e61c00954e,1,False,Standard,business analyst,Australia,Mid,Not specified,Missing,0,,False,True,False,False,False,False,False
5710824824,27e48931c3e33fdb18ad296781337f3c998d4201,1,False,Standard,business analyst,Australia,Mid,Not specified,Missing,0,,False,True,False,False,False,False,False
5676492073,45cfd1adccdf7c095e536296209f5ef38b5868b2,1,False,Standard,business analyst,Australia,Mid,Not specified,Missing,0,,False,True,False,False,False,False,False
5678760260,3c26a487aa6ad10bef48a62647afcb64c04153ff,1,False,Standard,business analyst,Australia,Mid,Not specified,Missing,0,,True,True,False,False,False,False,False
5694096536,6fe089145730f73dc8726d1ec35548d02c40fc34,1,False,Standard,business analyst,Australia,Mid,Not specified,Missing,0,,False,True,False,False,False,False,False
5668260462,71200a6b2b4c48b7f1b45f9808b71fa5dc648ff3,1,False,Standard,business analyst,Australia,Mid,Not specified,Missing,0,,False,True,False,False,False,False,False
5668238261,e3e0bf466084ca1c0f1fa6324b8a4270578f1fcf,1,False,Standard,business analyst,Australia,Mid,Not specified,Missing,0,,False,True,False,False,False,False,False
5709973746,2a92515625551954bbcadeb227bcaea5fc92a8ef,1,False,Standard,business analyst,Australia,Mid,Not specified,Missing,0,,False,True,False,False,False,False,False
5668260538,65fc9b59a207639c94f00b6cf90a46f6e2f13cfb,1,False,Standard,business analyst,Australia,Mid,Not specified,Missing,0,,False,True,False,False,False,False,False
5650894381,971dd26ae3b2c7ab500e2aa485ac07db1a7ae1b5,1,False,Standard,business analyst,Australia,Mid,Not specified,Missing,0,,False,True,False,False,False,False,False
5701157651,c5c982af18f678d8110d94c049f6e67b110e4ef3,1,False,Standard,business analyst,Australia,Mid,Not specified,Missing,0,,False,True,False,False,False,False,False
5200657382,9a99871337b23bd0cf5fb0a9fe82546a1e36dee7,1,False,Standard,business analyst,Australia,Mid,Not specified,Missing,0,,False,True,False,False,False,False,False
5709818462,fb38ac0005e637404f0fee29160585380333ea26,1,False,Standard,business analyst,Australia,Mid,Not specified,Missing,0,,False,True,False,False,False,False,False
5706784414,668fc769ccf03130bfc18fc3c2a3486f6b656b87,1,False,Standard,business analyst,Australia,Mid,Not specified,Missing,0,,False,True,False,False,False,False,False
5650826040,fd47b7a8c77f16e9703d2c8444ebd2c5819b0758,1,False,Standard,business analyst,Australia,Mid,Not specified,3-5 years,0,5.0,False,False,False,False,False,False,False
5664672459,a149f14c4a307163df60d3c362e6b35f84801265,1,False,Standard,business analyst,Australia,Mid,Not specified,Missing,0,,False,True,False,False,False,False,False
5650823284,6143227a5140c49f47ff40c9807be501eb99b0f9,1,False,Standard,business analyst,Australia,Mid,Not specified,Missing,2,,False,True,True,False,False,False,True
5688185872,8ba8b8233076ca5387afd2d08522cf61e34111a3,1,False,Standard,business analyst,Australia,Mid,Not specified,Missing,1,,False,True,True,False,False,False,False
5709061189,963ba07b92bdbb7e9e3cb5acec1810c13685ab5d,1,False,Standard,business analyst,Australia,Mid,Not specified,Missing,0,,False,True,False,False,False,False,False
5677452225,602e774f22fe13c468847577364b3fcd5ad12797,1,False,Standard,business analyst,Australia,Mid,Not specified,Missing,0,,False,True,False,False,False,False,False
5670297887,3a8b01d386f15723ca365e87d59e466b08a432cc,1,False,Standard,business analyst,Australia,Mid,Not specified,Missing,0,,False,True,False,False,False,False,False
5650826053,9d6fc867afd2ba672c018d72a9f4f4d9a9991a5a,1,False,Standard,business analyst,Australia,Mid,Not specified,6-10 years,0,8.0,False,False,False,False,False,False,False
5650820715,79d9bffa78afd7898fba31aec288094c68cbf836,1,False,Standard,business analyst,Australia,Mid,Not specified,Missing,0,,False,True,False,False,False,False,False
5707072511,d55edb2ca1fadb6487da09a25481c6eef5ec0c60,1,False,Standard,business analyst,Australia,Mid,Not specified,Missing,0,,False,True,False,False,False,False,False
5696343370,32b80f910fafe245257d84edf1bc0a7a153fe315,1,False,Standard,business analyst,Australia,Mid,Not specified,Missing,0,,False,True,False,False,False,False,False
5708815294,1d76e300b28db19383f4188353b2bc82f2a33ce1,1,False,Standard,business analyst,Australia,Mid,Not specified,Missing,1,,False,True,True,False,False,False,False
5708994767,28a451e070f62a8e0560910951737d6a72d3f34e,1,False,Standard,business analyst,Australia,Mid,Not specified,Missing,1,,False,True,True,False,False,False,False
5708994817,672079ddb13d125adf9eef93b12779e51835a7b9,1,False,Standard,business analyst,Australia,Mid,Not specified,Missing,1,,False,True,True,False,False,False,False
5708994776,5d46cae1302421a88e5a2e1b5102397f66a7816d,1,False,Standard,business analyst,Australia,Mid,Not specified,Missing,1,,False,True,True,False,False,False,False
5626743264,61134eec765587d4b02f44cef75777473176f929,1,False,Standard,business analyst,Australia,Mid,Not specified,Missing,0,,False,True,False,False,False,False,False
5684358718,a81747480d04362b8c2e34a99b51f978a8d9e8ba,1,False,Standard,business analyst,Australia,Mid,Not specified,Missing,0,,False,True,False,False,False,False,False
5701961345,d43a5dc679e690e2fde57da9c4398dae7a4043af,1,False,Standard,business analyst,Australia,Mid,Not specified,Missing,0,,False,True,False,False,False,False,False
5709972169,ea79308e70ee3d397fe684bffc4e24d90ef7275f,1,False,Standard,business analyst,Australia,Mid,Not specified,Missing,0,,False,True,False,False,False,False,False
5704079620,046ceb053edb9414499baf155f935b3b3143dfd0,1,False,Standard,business analyst,Australia,Mid,Not specified,Missing,0,,False,True,False,False,False,False,False
5702197297,84ac79006a6014f0c0180b9add3d69bbbb74abb5,1,False,Standard,business analyst,Australia,Mid,Not specified,Missing,0,,False,True,False,False,False,False,False
4801307444,80cc7015576b237df22c1313d6c7756b08ea4d83,1,False,Standard,business analyst,Australia,Mid,Not specified,Missing,0,,False,True,False,False,False,False,False
4801315287,0ba23e593c35e25775944ae9c9026a1f0d567aa8,1,False,Standard,business analyst,Australia,Mid,Not specified,Missing,0,,False,True,False,False,False,False,False
5703238130,14cc5f9b7b22efba35a2db1f7de330eaa68628b3,1,False,Standard,business analyst,Australia,Mid,Not specified,Missing,0,,False,True,False,False,False,False,False
5704079342,a87467e4c82d8985f559df9f73e4e4ca2345de8f,1,False,Standard,business analyst,Australia,Mid,Not specified,Missing,0,,False,True,False,False,False,False,False
5683777923,59cb60c07d57f04ff2a1e1ae11bef1e55146c75c,1,False,Standard,business analyst,Australia,Mid,Not specified,Missing,0,,False,True,False,False,False,False,False
5684547807,5538825b05d31a371f95712c592a08fa5be1b4c5,1,False,Standard,business analyst,Australia,Mid,Not specified,Missing,0,,False,True,False,False,False,False,False
5679742851,73018124d773119f00830d6845e1117e0c77be2c,1,False,Standard,business analyst,Australia,Mid,Not specified,Missing,0,,False,True,False,False,False,False,False
4927624619,95df781e5d2fa9ae7caa1f6f0bb10ca7f9d57122,1,False,Standard,business analyst,Australia,Mid,Not specified,3-5 years,0,5.0,False,False,False,False,False,False,False
5705748188,381b0666c9a4304cfa40b106765de86099128e4e,1,False,Standard,business analyst,Australia,Mid,Not specified,Missing,0,,False,True,False,False,False,False,False
5698632489,5a51b640110aab6e6433440d8028ad1c9989aa10,1,False,Standard,business analyst,Australia,Mid,Not specified,Missing,0,,False,True,False,False,False,False,False
5694098410,92e79607f4046d7ddfc84101df82a8b87e475b22,1,False,Standard,business analyst,Australia,Mid,Not specified,0-2 years,0,2.0,False,False,False,False,False,False,False
5710777431,c303b0ebd0f465401cbba511b5b7cdeabb7d48c5,1,False,Standard,business analyst,Australia,Mid,Not specified,Missing,0,,False,True,False,False,False,False,False
5687927419,9d5c6354570c75d6ef157e8b338170925539abd0,1,False,Standard,business analyst,Australia,Mid,Not specified,Missing,0,,False,True,False,False,False,False,False
5702188488,232d815621eacb09605c59e4ee57ff21e89fb34d,1,False,Standard,business analyst,Australia,Mid,Not specified,Missing,0,,False,True,False,False,False,False,False
5650851565,7328695a17bd35f6170bc1bb346093f074842590,1,False,Standard,business analyst,Australia,Mid,Not specified,Missing,0,,False,True,False,False,False,False,False
5695271228,991e07028af55e12ab2a09376d03e555666b62ef,1,False,Standard,business analyst,Australia,Mid,Not specified,Missing,0,,False,True,False,False,False,False,False
5686412224,6f3ef2159056ec78b61f1f286438b36fc11d33db,1,False,Standard,business analyst,Australia,Mid,Not specified,Missing,0,,False,True,False,False,False,False,False
5710419546,92bcd1edd6e4354c4874a4a57d39e604a3abb381,1,False,Standard,business analyst,Australia,Mid,Not specified,Missing,0,,False,True,False,False,False,False,False
5688008878,705844c2b7c1d00758f7895a70556aa0b33408e2,1,False,Standard,business analyst,Australia,Mid,Not specified,Missing,0,,False,True,False,False,False,False,False
5700176247,ee45cb3781f956764eca5963545dca0035d57384,1,False,Standard,business analyst,Australia,Mid,Not specified,Missing,0,,False,True,False,False,False,False,False
5703187024,5ad24ab8a953dfc411410db6861fff9d1c6579da,1,False,Standard,business analyst,Australia,Mid,Not specified,Missing,0,,False,True,False,False,False,False,False
5706784507,ed1278f16d93d5a0105322bc3310128234e7da9b,1,False,Standard,business analyst,Australia,Mid,Not specified,Missing,0,,False,True,False,False,False,False,False
5695013429,31b58e70f5e2fdf64d74e67d480a44f52fed032e,1,False,Standard,business analyst,Australia,Mid,Not specified,Missing,0,,False,True,False,False,False,False,False
5694097098,f3071455c326e4ff0e59a20cc2879b31d07abbbc,1,False,Standard,business analyst,Australia,Mid,Not specified,Missing,0,,False,True,False,False,False,False,False
5674167267,942d16c7d81fe9c1d96cd15bfab777ab24ca0ab4,1,False,Standard,business analyst,Australia,Mid,Not specified,Missing,0,,False,True,False,False,False,False,False
5708817229,2422790fd1bec0d64027c366ec08d2351712a421,1,False,Standard,business analyst,Australia,Mid,Not specified,Missing,0,,False,True,False,False,False,False,False
5705745948,a4ad7567b06ebd93d58e7e7232a35c336611431f,1,False,Standard,business analyst,Australia,Mid,Not specified,Missing,0,,False,True,False,False,False,False,False
5706590203,92622713965e17fab7cec1994e21b3d6d2a3d2d5,1,False,Standard,business analyst,Australia,Mid,Not specified,Missing,0,,False,True,False,False,False,False,False
5700756519,e227297a9eb0ae49b0ee04976028607d57c56945,1,False,Standard,business analyst,Australia,Mid,Not specified,Missing,1,,False,True,True,False,False,False,False
5696289770,84e2e4ef01e38c734b323d0ce2412b55edcbe16d,1,False,Standard,business analyst,Australia,Mid,Not specified,Missing,0,,False,True,False,False,False,False,False
5650822535,864615b716687c681f32f2670e2d593a16bd29d8,1,False,Standard,business analyst,Australia,Mid,Not specified,Missing,0,,False,True,False,False,False,False,False
5688008921,def9c64bebdded2d48d1ecd2633d01cfc431ad05,1,False,Standard,business analyst,Australia,Mid,Not specified,Missing,0,,False,True,False,False,False,False,False
5697711953,464f2bdfffda917eafcd57b2ecd09029fce3d0fe,1,False,Standard,business analyst,Australia,Mid,Not specified,Missing,0,,False,True,False,False,False,False,False
5696156842,8b625a7852c1d08de79ec67df90362c7488cde83,1,False,Standard,business analyst,Australia,Mid,Not specified,Missing,0,,False,True,False,False,False,False,False
5604312204,3cc89f5b81672802741635ddfbe7199562823b11,1,False,Standard,business analyst,Australia,Mid,Not specified,Missing,0,,False,True,False,False,False,False,False
5684757555,f058756ce16d3b7973867b017f24172624d2f576,1,False,Standard,business analyst,Australia,Mid,Not specified,Missing,0,,False,True,False,False,False,False,False
5650852171,68ec1aa77ad986d49ad2aad922e36df457d792d4,1,False,Standard,business analyst,Australia,Mid,Not specified,Missing,0,,False,True,False,False,False,False,False
5650852222,2b2dde3e37865917a7d247979f51a0c9e1309d4c,1,False,Standard,business analyst,Australia,Mid,Not specified,Missing,0,,False,True,False,False,False,False,False
5650852235,329ac7846975885dac4da58de6e005c8ec37e086,1,False,Standard,business analyst,Australia,Mid,Not specified,Missing,0,,False,True,False,False,False,False,False
5671801982,253a65dadec2c6f0fd897ce3ccd5454eaadeb8b8,1,False,Standard,business analyst,Australia,Mid,Not specified,Missing,0,,False,True,False,False,False,False,False
5650852097,a674a75ae239e3992a487632cec265cd8ed7d567,1,False,Standard,business analyst,Australia,Mid,Not specified,Missing,0,,False,True,False,False,False,False,False
5677148718,9f0ebd916617136ebc5804dd0ce3318a9d976e6a,1,False,Standard,business analyst,Australia,Mid,Not specified,Missing,0,,False,True,False,False,False,False,False
5708744235,fdd5ffd569006f893a0e7b74f4e460509da21d65,1,False,Standard,business analyst,Australia,Mid,Not specified,Missing,0,,False,True,False,False,False,False,False
5636060480,e77d9a870302bffc5b5a14f8b5910d1d898b716c,1,False,Standard,business analyst,Australia,Mid,Not specified,Missing,0,,False,True,False,False,False,False,False
5683872552,9bd8bd1fb5ba59c52d45f51d410f408b0a696182,1,False,Standard,business analyst,Australia,Mid,Not specified,Missing,0,,False,True,False,False,False,False,False
5701882706,e3d08e755c6076835e03948b657d9c27c7ec9212,1,False,Standard,business analyst,Australia,Mid,Not specified,Missing,0,,False,True,False,False,False,False,False
5686885717,a98394fad27f6ea7c3b6987fc3a439b0d0d0545a,1,False,Standard,business analyst,Australia,Mid,Not specified,Missing,0,,False,True,False,False,False,False,False
5702234019,b3cd8bfdc2ff3bc0b87f312892a1840ed8cc75bd,1,False,Standard,business analyst,Australia,Mid,Not specified,Missing,0,,False,True,False,False,False,False,False
5702234020,456da546356031f8c12ca4f60660a10fcf897fab,1,False,Standard,business analyst,Australia,Mid,Not specified,Missing,0,,False,True,False,False,False,False,False
5684270712,954d08e523c6326741d496fa91e43f91d40b58d8,1,False,Standard,business analyst,Australia,Mid,Not specified,Missing,0,,False,True,False,False,False,False,False
5699018862,072d8dd4e0c6965e04a198567fb4051073c5dcf0,1,True,Premium,business analyst,Australia,Senior,Not specified,Missing,0,,False,True,False,False,False,False,False
5708354149,6ce81fbde689f846fb3930bea3d4fba9169c1782,1,False,Standard,business analyst,Australia,Mid,Not specified,Missing,0,,False,True,False,False,False,False,False
5696455540,9eb96c020a5bd7fcd765551b6f4a85db90113b7e,1,True,Premium,business analyst,Australia,Senior,Not specified,Missing,0,,False,True,False,False,False,False,False
5654647893,1e73231c51e74c8e42a3d6ee40f02096c4ce9b44,1,True,Premium,business analyst,Australia,Lead,Not specified,11+ years,0,25.0,False,False,False,False,False,False,False
5708995492,0a4187c78be5f5a72784c38aee5d37639934543d,1,False,Standard,business analyst,Australia,Mid,Not specified,Missing,0,,False,True,False,False,False,False,False
5637146386,77dc8c373d8a8be30880cb0462c029f5df396b95,1,True,Premium,business analyst,Australia,Senior,Not specified,Missing,0,,False,True,False,False,False,False,False
5659166066,7bd3b502de4a280484ecde76eb3952ecdb40908e,1,True,Premium,business analyst,Australia,Lead,Not specified,Missing,0,,False,True,False,False,False,False,False
5700967193,08cbef9164c0febfe4eaeab01fb768963fda2479,1,False,Standard,business analyst,Australia,Mid,Not specified,Missing,0,,False,True,False,False,False,False,False
5698716947,a20064a6064e41a27a47f982edce218364e76778,1,True,Premium,business analyst,Australia,Senior,Not specified,Missing,0,,False,True,False,False,False,False,False
5708995650,9fa7d3df450b915c315ef12e6fc7c4423b14c76a,1,True,Premium,business analyst,Australia,Senior,Not specified,Missing,0,,False,True,False,False,False,False,False
5699677839,3c7e8e1b6f28260b5db30e24392f38775c6a22e5,1,False,Standard,business analyst,Australia,Mid,Not specified,Missing,0,,False,True,False,False,False,False,False
5699680711,aaa54529639b10810cf012e2285e479850551937,1,False,Standard,business analyst,Australia,Mid,Not specified,Missing,0,,False,True,False,False,False,False,False
5688182799,936380f7d1d5858de897682a4af99095025a7841,1,True,Premium,business analyst,Australia,Senior,Not specified,Missing,0,,False,True,False,False,False,False,False
5699678971,5858dfdb6d0ab1d477a569cfbf33bab428a6ce70,1,True,Premium,business analyst,Australia,Senior,Not specified,Missing,0,,False,True,False,False,False,False,False
5658624279,2daa247c94457cc571d9b2a786daf68d9526a41c,1,False,Standard,business analyst,Australia,Mid,Not specified,Missing,0,,False,True,False,False,False,False,False
5708994471,8cb31c5b643bb0565a8e2f3cc3dfed1f88708c1e,1,True,Premium,business analyst,Australia,Senior,Not specified,Missing,0,,False,True,False,False,False,False,False
5710255981,a2fd9c2ee97fd59761810a0d068560ba758e2872,1,True,Premium,business analyst,Australia,Senior,Not specified,Missing,0,,False,True,False,False,False,False,False
5685098185,0a55687e33040b64f4613270915aa64163ee6977,1,True,Premium,business analyst,Australia,Senior,Not specified,Missing,0,,False,True,False,False,False,False,False
5704928621,e3ffaeadc76276f5f9a48e67fe2bd5bb4981b8ec,1,False,Standard,business analyst,Australia,Mid,Not specified,Missing,0,,False,True,False,False,False,False,False
5670547737,957adf30aabf8e47071fb5b549dbb63ffaf4bfd3,1,False,Standard,business analyst,Australia,Mid,Not specified,Missing,0,,True,True,False,False,False,False,False
5695210765,79a0bf379a2ccbe474e3e1873da2093667a3ce36,1,True,Premium,business analyst,Australia,Senior,Not specified,Missing,1,,False,True,True,False,False,False,False
5707907597,c9ea1a96caea91a71b994ead541fc2cd2e933f97,1,True,Premium,business analyst,Australia,Lead,Not specified,Missing,0,,False,True,False,False,False,False,False
5710255867,bb34219ed0928d0dfcf10ff6c9a191b9db3ffeb2,1,False,Standard,business analyst,Australia,Mid,Not specified,Missing,0,,False,True,False,False,False,False,False
5710700991,fffd08a652d88b02e89894845b9757a386612b3d,1,False,Standard,business analyst,Australia,Mid,Not specified,Missing,0,,False,True,False,False,False,False,False
5668238310,ac6c36ad907630c920ea57059cb5741dc4fa3bc4,1,True,Premium,business analyst,Australia,Senior,Not specified,Missing,0,,False,True,False,False,False,False,False
5694097802,67ce4e00e965539c1cb29ff2514c30b9cf462b17,1,True,Premium,business analyst,Australia,Senior,Not specified,Missing,0,,False,True,False,False,False,False,False
5709974289,023758093fe1c2cfc48bedc6ac10a2d5b432cf80,1,False,Standard,business analyst,Australia,Mid,Not specified,Missing,0,,False,True,False,False,False,False,False
5692800263,70c07480c5e8881908597b37ccb89c864d1b9e0b,1,True,Premium,business analyst,Australia,Lead,Not specified,Missing,0,,False,True,False,False,False,False,False
5709087918,0e56891f09a1baab1958173a1ae95c0b2d337705,1,False,Standard,business analyst,Australia,Mid,Not specified,Missing,0,,False,True,False,False,False,False,False
5455449163,957e8fd7d033a61c71a1fe322b9c2de01e3725fd,1,False,Standard,business analyst,Australia,Mid,Not specified,Missing,0,,False,True,False,False,False,False,False
5650903607,126ebfb01d5ef6b4a1fd7e95e3ffe94315700419,1,False,Standard,business analyst,Australia,Mid,Not specified,Missing,0,,False,True,False,False,False,False,False
5710824893,4dd682847392434c5c438bc9c950e9422cf672e5,1,True,Premium,business analyst,Australia,Senior,Not specified,Missing,0,,False,True,False,False,False,False,False
5644481015,a19052d24dcd659f23216c4b2840c2d2f43df068,1,False,Standard,business analyst,Australia,Mid,Not specified,Missing,0,,False,True,False,False,False,False,False
5709176521,13695477eca017c6979d4023098b4d9bc7911bfb,1,True,Premium,business analyst,Australia,Senior,Not specified,Missing,0,,False,True,False,False,False,False,False
5709973729,8bfef3792bb9ad33b1cf69694edc008b2ef7a3bc,1,True,Premium,business analyst,Australia,Senior,Not specified,Missing,0,,False,True,False,False,False,False,False
5650842058,254d7141013cf105c99a4097e2d72bc7bebec7bf,1,False,Standard,business analyst,Australia,Mid,Not specified,Missing,0,,False,True,False,False,False,False,False
5709976229,d56f02e2747aeb8252b512d4ff3df97970df62f0,1,True,Premium,business analyst,Australia,Senior,Not specified,Missing,0,,False,True,False,False,False,False,False
5700176476,72c99d0854bb9d441f1fab97af3d78b988cbedbd,1,False,Standard,business analyst,Australia,Mid,Not specified,Missing,0,,False,True,False,False,False,False,False
5696455555,ebd76b638f43506da312e10d38d7089c2533da5b,1,False,Standard,business analyst,Australia,Mid,Not specified,Missing,0,,False,True,False,False,False,False,False
5697832061,34c458bfb5770928584968d105c9e26052f0af77,1,False,Standard,business analyst,Australia,Mid,Not specified,Missing,0,,False,True,False,False,False,False,False
5711024233,2055e61656b51bdadda7bd84fbf8de4e482ca288,1,False,Standard,business analyst,Australia,Mid,Not specified,Missing,0,,False,True,False,False,False,False,False
5658047662,c634fb09db3f4e5f6a11c70eec11cff24a1de302,1,True,Premium,business analyst,Australia,Lead,Not specified,Missing,0,,False,True,False,False,False,False,False
4801296260,96f2510eaccf13590ce2ade0801d311fa636111c,1,False,Standard,business analyst,Australia,Mid,Not specified,Missing,0,,False,True,False,False,False,False,False
5707630563,c98858959e6b8473c77418e6c9c9a482fed20d75,1,False,Standard,business analyst,Australia,Mid,Not specified,Missing,0,,False,True,False,False,False,False,False
5710824178,9362941f8000c33095c921722c6d42e7b77de29d,1,True,Premium,business analyst,Australia,Senior,Not specified,Missing,0,,False,True,False,False,False,False,False
5710824379,46064651db08ccbfa760ef3d5980112a9f9b2e4a,1,False,Standard,business analyst,Australia,Mid,Not specified,Missing,0,,False,True,False,False,False,False,False
5707906049,96c1f15e145e681cfde66b207f95744bd028ed5b,1,False,Standard,business analyst,Australia,Mid,Not specified,Missing,0,,False,True,False,False,False,False,False
5650887273,48490b4aaa5c78173af52b321dd81fcce0a30992,1,True,Premium,business analyst,Australia,Senior,Not specified,Missing,0,,False,True,False,False,False,False,False
5694363120,a08535e98f5d7db8018abb9af22e4321619e7135,1,False,Standard,business analyst,Australia,Mid,Not specified,Missing,0,,False,True,False,False,False,False,False
5605373336,f0245a86df9fe1a32a3f6c2462857e262ecf85a1,1,False,Standard,business analyst,Australia,Mid,Not specified,Missing,0,,False,True,False,False,False,False,False
5703240872,5298e896b04b02fac44edbd986eb38708f2335b6,1,False,Standard,business analyst,Australia,Mid,Not specified,Missing,0,,False,True,False,False,False,False,False
5699680021,408407d1aae97ea15368b4152a2d76507e28a204,1,False,Standard,business analyst,Australia,Mid,Not specified,Missing,0,,False,True,False,False,False,False,False
5703237717,0f4a7f76264db5c9c24fe21e4d35263cc689c590,1,True,Premium,business analyst,Australia,Senior,Not specified,Missing,0,,False,True,False,False,False,False,False
5696156806,28170efb2d0a0777f2cacd452bc3b8289502118c,1,False,Standard,business analyst,Australia,Mid,Not specified,Missing,0,,False,True,False,False,False,False,False
5637249647,5fdcf5d70069d65474e4804e45cd8ae9df5444c4,1,False,Standard,business analyst,Australia,Mid,Not specified,Missing,0,,False,True,False,False,False,False,False
5709974806,79cd4836a39e4e73bdcc03da86a8c44f53e8ba38,1,False,Standard,business analyst,Australia,Mid,Not specified,Missing,0,,False,True,False,False,False,False,False
5707907382,0c8fa1574da0358939637d9a0640541ad997a8ea,1,False,Standard,business analyst,Australia,Mid,Not specified,Missing,0,,False,True,False,False,False,False,False
